"Date (UTC)","Timestamp (UTC)","Luís Marques Mendes (PSD)","António José Seguro (IND)","Henrique Gouveia e Melo (IND)","João Cotrim Figueiredo (IL)","André Ventura (CH)","Rui Moreira (IND)","Paulo Portas (CDS)","Catarina Martins (BE)","Tim Vieira (IND)","Joana Amaral Dias (ADN)","André Pestana (IND)","Orlando Cruz (IND)","Aristides Teixeira (IND)","Manuela Magno (IND)","Pedro Tinoco de Faria (IND)","Vitorino Silva (IND)","Ângela Maryah (IND)","António Filipe (PCP)","Raul Perestrello (IND)","José Cardoso (PLS)","Pedro Passos Coelho (PSD)","Jorge Pinto"
"10-05-2025 22:00","1759701603","0.145","0.08","0.45","0.0105","0.176","0.005","0.0025","0.002","0.0025","0.001","0.0025","0.002","0.001","0.0005","0.002","0.0015","0.001","0.001","0.001","0.001","0.002",""
"10-05-2025 23:00","1759705202","0.145","0.08","0.45","0.0105","0.176","0.005","0.0025","0.002","0.0025","0.001","0.0025","0.002","0.001","0.0005","0.002","0.0015","0.001","0.001","0.001","0.001","0.002",""
"10-06-2025 00:00","1759708804","0.145","0.08","0.45","0.0105","0.176","0.005","0.0025","0.002","0.0025","0.001","0.0025","0.002","0.001","0.0005","0.002","0.0015","0.001","0.001","0.001","0.001","0.002",""
"10-06-2025 01:00","1759712402","0.145","0.08","0.45","0.0105","0.176","0.005","0.0025","0.002","0.0025","0.001","0.0025","0.002","0.001","0.0005","0.002","0.0015","0.001","0.001","0.001","0.001","0.002",""
"10-06-2025 02:00","1759716002","0.15","0.08","0.485","0.0105","0.175","0.005","0.0025","0.002","0.0025","0.001","0.0025","0.002","0.001","0.0005","0.002","0.0015","0.001","0.001","0.001","0.001","0.002",""
"10-06-2025 03:00","1759719603","0.15","0.08","0.55","0.0105","0.175","0.005","0.0215","0.002","0.0025","0.001","0.0025","0.002","0.001","0.0005","0.001","0.0015","0.001","0.001","0.001","0.001","0.002",""
"10-06-2025 04:00","1759723202","0.15","0.08","0.55","0.0105","0.175","0.005","0.0215","0.002","0.0025","0.001","0.0025","0.002","0.001","0.0005","0.001","0.0015","0.001","0.001","0.001","0.001","0.002",""
"10-06-2025 05:00","1759726802","0.15","0.08","0.55","0.0105","0.175","0.005","0.0215","0.002","0.0025","0.001","0.0025","0.002","0.001","0.0005","0.001","0.0015","0.001","0.001","0.001","0.001","0.002",""
"10-06-2025 06:00","1759730402","0.15","0.08","0.55","0.0105","0.175","0.005","0.0215","0.002","0.0025","0.001","0.0025","0.002","0.001","0.0005","0.001","0.0015","0.001","0.001","0.001","0.001","0.002",""
"10-06-2025 07:00","1759734002","0.15","0.08","0.55","0.0105","0.175","0.005","0.0215","0.002","0.0025","0.001","0.0025","0.002","0.001","0.0005","0.001","0.0015","0.001","0.001","0.001","0.001","0.002",""
"10-06-2025 08:00","1759737602","0.15","0.08","0.55","0.0105","0.175","0.005","0.0215","0.002","0.0025","0.001","0.0025","0.002","0.001","0.0005","0.001","0.0015","0.001","0.001","0.001","0.001","0.002",""
"10-06-2025 09:00","1759741203","0.15","0.08","0.55","0.0105","0.1745","0.005","0.0215","0.002","0.0025","0.001","0.0025","0.002","0.001","0.0005","0.001","0.0015","0.001","0.001","0.001","0.001","0.002",""
"10-06-2025 10:00","1759744802","0.15","0.08","0.55","0.0105","0.1745","0.005","0.0215","0.002","0.0025","0.001","0.0025","0.002","0.001","0.0005","0.001","0.0015","0.001","0.001","0.001","0.001","0.002",""
"10-06-2025 11:00","1759748402","0.15","0.08","0.55","0.0105","0.1735","0.005","0.0215","0.002","0.0025","0.001","0.0025","0.002","0.001","0.0005","0.001","0.0015","0.001","0.001","0.001","0.001","0.002",""
"10-06-2025 12:00","1759752004","0.15","0.08","0.54","0.0105","0.1735","0.005","0.0215","0.002","0.0025","0.001","0.0025","0.002","0.001","0.0005","0.001","0.0015","0.001","0.001","0.001","0.001","0.002",""
"10-06-2025 13:00","1759755602","0.15","0.08","0.545","0.0105","0.1735","0.005","0.0215","0.002","0.0025","0.001","0.0025","0.002","0.001","0.0005","0.001","0.0015","0.001","0.001","0.001","0.001","0.002",""
"10-06-2025 14:00","1759759203","0.15","0.08","0.545","0.0105","0.1735","0.005","0.0215","0.002","0.0025","0.001","0.0025","0.002","0.001","0.0005","0.001","0.0015","0.001","0.001","0.001","0.001","0.002",""
"10-06-2025 15:00","1759762802","0.15","0.08","0.5","0.01","0.174","0.005","0.018","0.002","0.0025","0.001","0.0025","0.002","0.001","0.0005","0.001","0.0015","0.001","0.001","0.001","0.001","0.002",""
"10-06-2025 16:00","1759766403","0.155","0.08","0.5","0.0085","0.174","0.005","0.018","0.002","0.0025","0.001","0.0025","0.002","0.001","0.0005","0.001","0.0015","0.001","0.001","0.001","0.001","0.002",""
"10-06-2025 17:00","1759770002","0.15","0.08","0.5","0.0085","0.1755","0.005","0.018","0.002","0.0025","0.001","0.0025","0.002","0.001","0.0005","0.001","0.0015","0.001","0.001","0.001","0.001","0.002",""
"10-06-2025 18:00","1759773602","0.155","0.08","0.5","0.008","0.176","0.005","0.013","0.002","0.0025","0.001","0.0025","0.002","0.001","0.0005","0.001","0.0015","0.001","0.001","0.001","0.001","0.002",""
"10-06-2025 19:00","1759777202","0.155","0.08","0.52","0.008","0.1735","0.005","0.012","0.002","0.0025","0.001","0.0025","0.002","0.001","0.0005","0.002","0.0015","0.001","0.001","0.001","0.001","0.002",""
"10-06-2025 20:00","1759780802","0.155","0.08","0.5","0.0085","0.1735","0.005","0.011","0.002","0.0025","0.001","0.0025","0.002","0.001","0.0005","0.002","0.0015","0.001","0.001","0.001","0.001","0.002",""
"10-06-2025 21:00","1759784402","0.15","0.08","0.5","0.0085","0.1755","0.005","0.0135","0.002","0.0025","0.001","0.0025","0.002","0.001","0.0005","0.002","0.0015","0.001","0.001","0.001","0.001","0.002",""
"10-06-2025 22:00","1759788002","0.155","0.08","0.5","0.0085","0.1675","0.005","0.01","0.002","0.0025","0.001","0.0025","0.002","0.001","0.0005","0.002","0.0015","0.001","0.001","0.001","0.001","0.002",""
"10-06-2025 23:00","1759791602","0.155","0.08","0.5","0.0085","0.1665","0.005","0.01","0.002","0.0025","0.001","0.0025","0.002","0.001","0.0005","0.002","0.0015","0.001","0.001","0.001","0.001","0.002",""
"10-07-2025 00:00","1759795202","0.155","0.08","0.5","0.0085","0.1665","0.005","0.0095","0.002","0.0025","0.001","0.0025","0.002","0.001","0.0005","0.002","0.0015","0.001","0.001","0.001","0.001","0.002",""
"10-07-2025 01:00","1759798802","0.155","0.08","0.5","0.008","0.166","0.005","0.0095","0.002","0.0025","0.001","0.0025","0.002","0.001","0.0005","0.002","0.0015","0.001","0.001","0.001","0.001","0.002",""
"10-07-2025 02:00","1759802403","0.155","0.08","0.5","0.008","0.165","0.005","0.009","0.002","0.0025","0.001","0.0025","0.002","0.001","0.0005","0.002","0.0015","0.001","0.001","0.001","0.001","0.002",""
"10-07-2025 03:00","1759806002","0.14","0.08","0.48","0.0085","0.146","0.005","0.009","0.002","0.0025","0.001","0.0025","0.002","0.001","0.0005","0.002","0.0015","0.001","0.001","0.001","0.001","0.002",""
"10-07-2025 04:00","1759809602","0.135","0.08","0.48","0.0085","0.146","0.005","0.009","0.002","0.0025","0.001","0.0025","0.002","0.001","0.0005","0.002","0.0015","0.001","0.001","0.001","0.001","0.002",""
"10-07-2025 05:00","1759813204","0.145","0.08","0.48","0.0085","0.146","0.005","0.009","0.002","0.0025","0.001","0.0025","0.002","0.001","0.0005","0.002","0.0015","0.001","0.001","0.001","0.001","0.002",""
"10-07-2025 06:00","1759816803","0.145","0.08","0.48","0.0085","0.146","0.005","0.009","0.002","0.0025","0.001","0.0025","0.002","0.001","0.0005","0.002","0.0015","0.001","0.001","0.001","0.001","0.002",""
"10-07-2025 07:00","1759820402","0.135","0.08","0.48","0.0085","0.146","0.005","0.009","0.002","0.0025","0.001","0.0025","0.002","0.001","0.0005","0.002","0.0015","0.001","0.001","0.001","0.001","0.002",""
"10-07-2025 08:00","1759824002","0.13","0.08","0.48","0.008","0.143","0.005","0.009","0.002","0.0025","0.001","0.0025","0.002","0.001","0.0005","0.002","0.0015","0.001","0.001","0.001","0.001","0.002",""
"10-07-2025 09:00","1759827602","0.13","0.08","0.48","0.008","0.143","0.005","0.009","0.002","0.0025","0.001","0.0025","0.002","0.001","0.0005","0.002","0.0015","0.001","0.001","0.001","0.001","0.002",""
"10-07-2025 10:00","1759831202","0.155","0.085","0.48","0.008","0.1105","0.005","0.0085","0.002","0.0025","0.001","0.0025","0.002","0.001","0.0005","0.002","0.0015","0.001","0.001","0.001","0.001","0.002",""
"10-07-2025 11:00","1759834802","0.155","0.085","0.48","0.008","0.111","0.0045","0.008","0.002","0.0025","0.001","0.0025","0.002","0.001","0.0005","0.002","0.0015","0.001","0.001","0.001","0.001","0.002",""
"10-07-2025 12:00","1759838404","0.15","0.085","0.48","0.008","0.1125","0.0045","0.008","0.002","0.0025","0.001","0.0025","0.002","0.001","0.0005","0.002","0.0015","0.001","0.001","0.001","0.001","0.002",""
"10-07-2025 13:00","1759842002","0.155","0.085","0.48","0.008","0.118","0.0045","0.008","0.002","0.0025","0.001","0.0025","0.002","0.001","0.0005","0.002","0.0015","0.001","0.001","0.001","0.001","0.002",""
"10-07-2025 14:00","1759845602","0.15","0.085","0.48","0.008","0.1175","0.0045","0.008","0.002","0.0025","0.001","0.0025","0.002","0.001","0.0005","0.002","0.0015","0.001","0.001","0.001","0.001","0.002",""
"10-07-2025 15:00","1759849202","0.15","0.085","0.48","0.008","0.1085","0.0045","0.008","0.002","0.0025","0.001","0.0025","0.002","0.001","0.0005","0.002","0.0015","0.001","0.001","0.001","0.001","0.002",""
"10-07-2025 16:00","1759852803","0.15","0.085","0.48","0.0085","0.114","0.0045","0.008","0.002","0.0015","0.001","0.0015","0.002","0.001","0.0005","0.002","0.0015","0.001","0.001","0.001","0.001","0.002",""
"10-07-2025 17:00","1759856405","0.155","0.085","0.465","0.0085","0.114","0.0045","0.008","0.002","0.0015","0.001","0.0015","0.002","0.001","0.0005","0.002","0.0015","0.001","0.001","0.001","0.001","0.002",""
"10-07-2025 18:00","1759860003","0.15","0.085","0.465","0.0095","0.114","0.0045","0.008","0.002","0.0015","0.001","0.0015","0.002","0.001","0.0005","0.002","0.0015","0.001","0.001","0.001","0.001","0.002",""
"10-07-2025 19:00","1759863603","0.155","0.085","0.465","0.01","0.114","0.0045","0.008","0.002","0.0015","0.001","0.0015","0.002","0.001","0.0005","0.002","0.0015","0.001","0.001","0.001","0.001","0.002",""
"10-07-2025 20:00","1759867202","0.155","0.085","0.465","0.01","0.114","0.0045","0.008","0.002","0.0015","0.001","0.0015","0.002","0.001","0.0005","0.002","0.0015","0.001","0.001","0.001","0.001","0.002",""
"10-07-2025 21:00","1759870802","0.155","0.085","0.465","0.01","0.11","0.0045","0.008","0.002","0.0015","0.001","0.0015","0.002","0.001","0.0005","0.002","0.0015","0.001","0.001","0.001","0.001","0.002",""
"10-07-2025 22:00","1759874403","0.15","0.085","0.465","0.01","0.115","0.0045","0.008","0.002","0.0015","0.001","0.0015","0.002","0.001","0.0005","0.002","0.0015","0.001","0.001","0.001","0.001","0.002",""
"10-07-2025 23:00","1759878003","0.155","0.085","0.465","0.0105","0.119","0.0045","0.008","0.002","0.0015","0.001","0.0015","0.002","0.001","0.0005","0.002","0.0015","0.001","0.001","0.001","0.001","0.002",""
"10-08-2025 00:00","1759881603","0.165","0.085","0.465","0.01","0.118","0.0045","0.008","0.002","0.0015","0.001","0.0015","0.002","0.001","0.0005","0.002","0.0015","0.001","0.001","0.001","0.001","0.002",""
"10-08-2025 01:00","1759885203","0.17","0.085","0.465","0.01","0.1165","0.0045","0.008","0.002","0.0015","0.001","0.0015","0.002","0.001","0.0005","0.002","0.0015","0.001","0.001","0.001","0.001","0.002",""
"10-08-2025 02:00","1759888803","0.17","0.085","0.465","0.01","0.117","0.0045","0.008","0.002","0.0015","0.001","0.0015","0.002","0.001","0.0005","0.002","0.0015","0.001","0.001","0.001","0.001","0.002",""
"10-08-2025 03:00","1759892402","0.17","0.085","0.465","0.01","0.117","0.0045","0.008","0.002","0.0015","0.001","0.0015","0.002","0.001","0.0005","0.002","0.0015","0.0015","0.001","0.001","0.001","0.002",""
"10-08-2025 04:00","1759896002","0.17","0.085","0.465","0.01","0.1165","0.0045","0.008","0.002","0.0015","0.001","0.0015","0.002","0.001","0.0005","0.002","0.0015","0.0015","0.001","0.001","0.001","0.002",""
"10-08-2025 05:00","1759899602","0.17","0.085","0.465","0.01","0.1155","0.0045","0.008","0.002","0.0015","0.001","0.0015","0.002","0.001","0.0005","0.002","0.0015","0.0015","0.001","0.001","0.001","0.002",""
"10-08-2025 06:00","1759903204","0.17","0.085","0.465","0.01","0.116","0.0045","0.008","0.002","0.0015","0.001","0.0015","0.002","0.001","0.0005","0.002","0.0015","0.0015","0.001","0.001","0.001","0.002",""
"10-08-2025 07:00","1759906804","0.17","0.085","0.465","0.01","0.115","0.0045","0.008","0.002","0.0015","0.001","0.0015","0.002","0.001","0.0005","0.002","0.0015","0.0015","0.001","0.001","0.001","0.002",""
"10-08-2025 08:00","1759910404","0.17","0.085","0.465","0.01","0.115","0.0045","0.008","0.002","0.0015","0.001","0.0015","0.002","0.001","0.0005","0.002","0.0015","0.0015","0.001","0.001","0.001","0.002",""
"10-08-2025 09:00","1759914003","0.17","0.085","0.465","0.01","0.1165","0.0045","0.008","0.002","0.0015","0.001","0.0015","0.002","0.001","0.0005","0.002","0.0015","0.0015","0.001","0.001","0.001","0.002",""
"10-08-2025 10:00","1759917603","0.17","0.085","0.465","0.011","0.115","0.0045","0.008","0.002","0.0015","0.001","0.0015","0.002","0.001","0.0005","0.002","0.0015","0.0015","0.001","0.001","0.001","0.002",""
"10-08-2025 11:00","1759921203","0.175","0.085","0.465","0.011","0.1215","0.0045","0.008","0.002","0.0015","0.001","0.0015","0.002","0.001","0.0005","0.002","0.0015","0.0015","0.001","0.001","0.001","0.002",""
"10-08-2025 12:00","1759924802","0.175","0.085","0.465","0.0115","0.1215","0.0045","0.008","0.002","0.0015","0.0015","0.0015","0.002","0.001","0.0005","0.002","0.0015","0.0015","0.001","0.001","0.001","0.002",""
"10-08-2025 13:00","1759928404","0.175","0.085","0.465","0.011","0.1215","0.0045","0.008","0.002","0.0015","0.0015","0.0015","0.002","0.001","0.0005","0.002","0.0015","0.0015","0.001","0.001","0.001","0.002",""
"10-08-2025 14:00","1759932003","0.175","0.085","0.465","0.012","0.1255","0.0045","0.008","0.002","0.0015","0.0015","0.0015","0.002","0.001","0.0005","0.002","0.0015","0.0015","0.001","0.001","0.001","0.002",""
"10-08-2025 15:00","1759935603","0.175","0.085","0.465","0.012","0.129","0.0045","0.008","0.002","0.0015","0.0015","0.0015","0.002","0.001","0.0005","0.002","0.0015","0.0015","0.001","0.001","0.001","0.002",""
"10-08-2025 16:00","1759939204","0.175","0.085","0.465","0.012","0.128","0.005","0.008","0.002","0.0015","0.0015","0.0015","0.002","0.001","0.0005","0.002","0.0015","0.0015","0.001","0.001","0.001","0.002",""
"10-08-2025 17:00","1759942803","0.175","0.085","0.465","0.012","0.1225","0.005","0.008","0.002","0.0015","0.0015","0.0015","0.002","0.001","0.0005","0.002","0.0015","0.0015","0.001","0.001","0.001","0.002",""
"10-08-2025 18:00","1759946403","0.175","0.085","0.465","0.012","0.1305","0.005","0.008","0.002","0.0015","0.0015","0.0015","0.002","0.001","0.0005","0.002","0.0015","0.0015","0.001","0.001","0.001","0.002",""
"10-08-2025 19:00","1759950003","0.175","0.085","0.465","0.0125","0.124","0.005","0.008","0.002","0.0015","0.0015","0.0015","0.002","0.001","0.0005","0.002","0.0015","0.0015","0.001","0.001","0.001","0.002",""
"10-08-2025 20:00","1759953603","0.175","0.085","0.465","0.012","0.1325","0.005","0.008","0.002","0.0015","0.0015","0.0015","0.002","0.001","0.0005","0.002","0.0015","0.0015","0.001","0.001","0.001","0.002",""
"10-08-2025 21:00","1759957202","0.175","0.085","0.465","0.0125","0.131","0.005","0.008","0.002","0.0015","0.0015","0.0015","0.002","0.001","0.0005","0.002","0.0015","0.0015","0.001","0.001","0.001","0.002",""
"10-08-2025 22:00","1759960802","0.175","0.085","0.465","0.0125","0.132","0.005","0.008","0.002","0.0015","0.0015","0.0015","0.002","0.001","0.0005","0.002","0.0015","0.0015","0.001","0.001","0.001","0.002",""
"10-08-2025 23:00","1759964402","0.175","0.085","0.47","0.0125","0.1595","0.005","0.008","0.002","0.0015","0.0015","0.0015","0.002","0.001","0.0005","0.002","0.0015","0.0015","0.001","0.001","0.001","0.002",""
"10-09-2025 00:00","1759968005","0.175","0.085","0.47","0.011","0.1575","0.005","0.008","0.002","0.0015","0.0015","0.0015","0.002","0.001","0.0005","0.002","0.0015","0.0015","0.001","0.001","0.001","0.002",""
"10-09-2025 01:00","1759971603","0.175","0.085","0.47","0.0115","0.154","0.005","0.008","0.002","0.0015","0.0015","0.0015","0.002","0.001","0.0005","0.002","0.0015","0.0015","0.001","0.001","0.001","0.002",""
"10-09-2025 02:00","1759975205","0.175","0.085","0.47","0.0115","0.158","0.005","0.008","0.002","0.0015","0.0015","0.0015","0.002","0.001","0.0005","0.002","0.0015","0.0015","0.001","0.001","0.001","0.002",""
"10-09-2025 03:00","1759978805","0.175","0.085","0.47","0.011","0.1595","0.005","0.008","0.002","0.0015","0.0015","0.0015","0.002","0.001","0.0005","0.002","0.0015","0.0015","0.001","0.001","0.001","0.002",""
"10-09-2025 04:00","1759982403","0.175","0.085","0.47","0.011","0.151","0.005","0.008","0.002","0.0015","0.0015","0.0015","0.002","0.001","0.0005","0.002","0.0015","0.0015","0.001","0.001","0.001","0.002",""
"10-09-2025 05:00","1759986004","0.175","0.085","0.47","0.0115","0.1565","0.005","0.006","0.002","0.0015","0.0015","0.0015","0.002","0.001","0.0005","0.002","0.0015","0.0015","0.001","0.001","0.001","0.002",""
"10-09-2025 06:00","1759989602","0.175","0.085","0.47","0.011","0.1595","0.005","0.0055","0.002","0.0015","0.0015","0.0015","0.002","0.001","0.0005","0.002","0.0015","0.0015","0.001","0.001","0.001","0.002",""
"10-09-2025 07:00","1759993203","0.175","0.085","0.47","0.0115","0.156","0.005","0.0055","0.002","0.0015","0.0015","0.0015","0.002","0.001","0.0005","0.002","0.0015","0.0015","0.001","0.001","0.001","0.002",""
"10-09-2025 08:00","1759996803","0.175","0.085","0.47","0.0115","0.1575","0.005","0.0055","0.002","0.0015","0.0015","0.0015","0.002","0.001","0.0005","0.002","0.0015","0.0015","0.001","0.001","0.001","0.002",""
"10-09-2025 09:00","1760000403","0.175","0.085","0.47","0.0115","0.1575","0.005","0.0055","0.002","0.0015","0.0015","0.0015","0.002","0.001","0.0005","0.002","0.0015","0.0015","0.001","0.001","0.001","0.002",""
"10-09-2025 10:00","1760004003","0.175","0.085","0.47","0.012","0.1605","0.005","0.0055","0.002","0.0015","0.0015","0.0015","0.002","0.001","0.0005","0.002","0.0015","0.0015","0.001","0.001","0.001","0.002",""
"10-09-2025 11:00","1760007604","0.175","0.085","0.47","0.0115","0.1585","0.005","0.0055","0.002","0.0015","0.0015","0.0015","0.002","0.001","0.0005","0.002","0.0015","0.0015","0.001","0.001","0.001","0.002",""
"10-09-2025 12:00","1760011204","0.175","0.08","0.47","0.011","0.153","0.0045","0.0055","0.002","0.0015","0.0015","0.0015","0.002","0.001","0.0005","0.002","0.0015","0.0015","0.001","0.001","0.001","0.002",""
"10-09-2025 13:00","1760014803","0.175","0.08","0.47","0.012","0.1565","0.0045","0.0055","0.002","0.0015","0.0015","0.0015","0.002","0.001","0.0005","0.002","0.0015","0.0015","0.001","0.001","0.001","0.002",""
"10-09-2025 14:00","1760018404","0.175","0.08","0.47","0.012","0.1535","0.0045","0.0055","0.002","0.0015","0.0015","0.0015","0.002","0.001","0.0005","0.002","0.0015","0.0015","0.001","0.001","0.001","0.002",""
"10-09-2025 15:00","1760022003","0.175","0.08","0.47","0.012","0.16","0.0045","0.0055","0.002","0.0015","0.0015","0.0015","0.002","0.001","0.0005","0.002","0.0015","0.0015","0.001","0.001","0.001","0.002",""
"10-09-2025 16:00","1760025604","0.175","0.08","0.47","0.0115","0.156","0.0045","0.0055","0.002","0.0015","0.0015","0.0015","0.002","0.001","0.0005","0.002","0.0015","0.0015","0.001","0.001","0.001","0.002",""
"10-09-2025 17:00","1760029203","0.175","0.075","0.47","0.012","0.165","0.0045","0.0055","0.002","0.0015","0.0015","0.0015","0.002","0.001","0.0005","0.002","0.0015","0.0015","0.001","0.001","0.001","0.002",""
"10-09-2025 18:00","1760032805","0.175","0.075","0.47","0.012","0.1665","0.0045","0.0055","0.002","0.0015","0.0015","0.0015","0.002","0.001","0.0005","0.002","0.0015","0.0015","0.001","0.001","0.001","0.002",""
"10-09-2025 19:00","1760036402","0.175","0.075","0.47","0.0115","0.166","0.0045","0.0055","0.002","0.0015","0.0015","0.0015","0.002","0.001","0.0005","0.002","0.0015","0.0015","0.001","0.001","0.001","0.002",""
"10-09-2025 20:00","1760040003","0.175","0.075","0.47","0.0115","0.1595","0.0045","0.0055","0.002","0.0015","0.0015","0.0015","0.002","0.001","0.0005","0.002","0.0015","0.0015","0.001","0.001","0.001","0.002",""
"10-09-2025 21:00","1760043605","0.175","0.075","0.47","0.011","0.166","0.0045","0.0055","0.002","0.0015","0.0015","0.0015","0.002","0.001","0.0005","0.002","0.0015","0.0015","0.001","0.001","0.001","0.002",""
"10-09-2025 22:00","1760047203","0.175","0.075","0.475","0.0115","0.16","0.0045","0.0055","0.002","0.0015","0.0015","0.0015","0.002","0.001","0.0005","0.002","0.0015","0.0015","0.001","0.001","0.001","0.002",""
"10-09-2025 23:00","1760050802","0.175","0.075","0.475","0.012","0.16","0.0045","0.0055","0.002","0.0015","0.0015","0.0015","0.002","0.001","0.0005","0.002","0.0015","0.0015","0.001","0.001","0.001","0.002",""
"10-10-2025 00:00","1760054403","0.175","0.075","0.505","0.012","0.1605","0.0045","0.0055","0.002","0.0015","0.0015","0.0015","0.002","0.001","0.0005","0.002","0.0015","0.0015","0.001","0.001","0.001","0.002",""
"10-10-2025 01:00","1760058003","0.175","0.075","0.51","0.012","0.158","0.0045","0.0055","0.002","0.0015","0.0015","0.0015","0.002","0.001","0.0005","0.002","0.0015","0.0015","0.001","0.001","0.001","0.002",""
"10-10-2025 02:00","1760061602","0.175","0.075","0.51","0.012","0.16","0.0045","0.0055","0.002","0.0015","0.0015","0.0015","0.002","0.001","0.0005","0.002","0.0015","0.0015","0.001","0.001","0.001","0.002",""
"10-10-2025 03:00","1760065205","0.175","0.075","0.56","0.012","0.163","0.0045","0.0055","0.002","0.0015","0.0015","0.0015","0.002","0.001","0.0005","0.002","0.0015","0.0015","0.001","0.001","0.001","0.002",""
"10-10-2025 04:00","1760068804","0.175","0.075","0.56","0.0125","0.1615","0.0045","0.0055","0.002","0.0015","0.0015","0.0015","0.002","0.001","0.0005","0.0015","0.0015","0.0015","0.001","0.001","0.001","0.002",""
"10-10-2025 05:00","1760072403","0.175","0.075","0.555","0.0125","0.1625","0.0045","0.0055","0.002","0.0015","0.0015","0.0015","0.002","0.001","0.0005","0.0015","0.0015","0.0015","0.001","0.001","0.001","0.002",""
"10-10-2025 06:00","1760076005","0.175","0.075","0.555","0.012","0.163","0.0045","0.0055","0.002","0.0015","0.0015","0.0015","0.002","0.001","0.0005","0.0015","0.0015","0.0015","0.001","0.001","0.001","0.002",""
"10-10-2025 07:00","1760079605","0.175","0.075","0.555","0.0125","0.1625","0.0035","0.0055","0.002","0.0015","0.0015","0.0015","0.002","0.001","0.0005","0.0015","0.0015","0.0015","0.001","0.001","0.001","0.002",""
"10-10-2025 08:00","1760083203","0.175","0.075","0.555","0.0125","0.162","0.0045","0.0055","0.002","0.0015","0.0015","0.0015","0.002","0.001","0.0005","0.0015","0.0015","0.0015","0.001","0.0005","0.001","0.002",""
"10-10-2025 09:00","1760086803","0.175","0.075","0.555","0.0125","0.164","0.0045","0.0055","0.002","0.0015","0.0015","0.0015","0.002","0.001","0.0005","0.0015","0.0015","0.0015","0.001","0.0005","0.001","0.002",""
"10-10-2025 10:00","1760090403","0.175","0.075","0.555","0.0125","0.162","0.0045","0.0055","0.002","0.0015","0.0015","0.0015","0.002","0.001","0.0005","0.0015","0.0015","0.0015","0.001","0.0005","0.001","0.002",""
"10-10-2025 11:00","1760094003","0.175","0.075","0.555","0.0125","0.1615","0.0045","0.0055","0.002","0.0015","0.0015","0.0015","0.002","0.001","0.0005","0.0015","0.0015","0.0015","0.001","0.0005","0.001","0.002",""
"10-10-2025 12:00","1760097603","0.175","0.075","0.555","0.0125","0.1615","0.0045","0.0055","0.002","0.0015","0.0015","0.0015","0.002","0.0015","0.0015","0.0015","0.0015","0.0015","0.0015","0.0015","0.0015","0.002",""
"10-10-2025 13:00","1760101203","0.175","0.075","0.555","0.0125","0.16","0.0045","0.008","0.002","0.0015","0.0015","0.0015","0.002","0.0015","0.0015","0.0015","0.0015","0.0015","0.0015","0.0015","0.0015","0.002",""
"10-10-2025 14:00","1760104803","0.175","0.075","0.555","0.012","0.1595","0.0045","0.008","0.002","0.0015","0.0015","0.0015","0.002","0.0015","0.0015","0.0015","0.0015","0.0015","0.0015","0.0015","0.0015","0.002",""
"10-10-2025 15:00","1760108403","0.175","0.075","0.555","0.0125","0.1595","0.0045","0.008","0.002","0.0015","0.0015","0.0015","0.002","0.0015","0.0015","0.0015","0.0015","0.0015","0.0015","0.0015","0.0015","0.002",""
"10-10-2025 16:00","1760112004","0.175","0.075","0.555","0.0125","0.159","0.0045","0.008","0.002","0.0015","0.0015","0.0015","0.002","0.0015","0.0015","0.0015","0.0015","0.0015","0.0015","0.0015","0.0015","0.002",""
"10-10-2025 17:00","1760115605","0.175","0.075","0.555","0.0135","0.159","0.0045","0.008","0.002","0.0015","0.0015","0.0015","0.002","0.0015","0.0005","0.0015","0.0015","0.0015","0.0015","0.0015","0.0015","0.002",""
"10-10-2025 18:00","1760119204","0.175","0.075","0.555","0.0135","0.159","0.0045","0.008","0.002","0.0015","0.0015","0.0015","0.002","0.0015","0.0005","0.0015","0.0015","0.0015","0.0015","0.0015","0.0015","0.002",""
"10-10-2025 19:00","1760122803","0.175","0.075","0.555","0.0135","0.159","0.0045","0.008","0.002","0.0015","0.0015","0.0015","0.002","0.0015","0.0005","0.0015","0.0015","0.0015","0.0015","0.0015","0.0015","0.002",""
"10-10-2025 20:00","1760126404","0.175","0.075","0.555","0.0135","0.159","0.0035","0.008","0.002","0.0015","0.0015","0.0015","0.002","0.0015","0.0005","0.0015","0.0015","0.0015","0.0015","0.0015","0.0015","0.002",""
"10-10-2025 21:00","1760130003","0.175","0.075","0.555","0.0135","0.1595","0.0035","0.008","0.002","0.0015","0.0015","0.0015","0.002","0.0015","0.0005","0.0015","0.0015","0.0015","0.0015","0.0015","0.0015","0.002",""
"10-10-2025 22:00","1760133603","0.175","0.075","0.555","0.0135","0.159","0.0045","0.008","0.002","0.0015","0.0015","0.0015","0.002","0.0015","0.0005","0.0015","0.0015","0.0015","0.0015","0.0015","0.0015","0.002",""
"10-10-2025 23:00","1760137203","0.175","0.075","0.555","0.0135","0.16","0.0045","0.008","0.002","0.0015","0.0015","0.0015","0.002","0.0015","0.0005","0.0015","0.0015","0.0015","0.0015","0.0015","0.0015","0.002",""
"10-11-2025 00:00","1760140803","0.175","0.075","0.555","0.014","0.1595","0.004","0.008","0.002","0.0015","0.0015","0.0015","0.002","0.0015","0.0005","0.0015","0.0015","0.0015","0.0015","0.001","0.0015","0.002",""
"10-11-2025 01:00","1760144402","0.175","0.075","0.555","0.014","0.159","0.004","0.008","0.002","0.0015","0.0015","0.0015","0.002","0.0015","0.0005","0.0015","0.0015","0.0015","0.0015","0.001","0.0015","0.002",""
"10-11-2025 02:00","1760148003","0.175","0.075","0.555","0.014","0.1575","0.004","0.008","0.002","0.0015","0.0015","0.0015","0.002","0.0015","0.0005","0.0015","0.0015","0.0015","0.0015","0.001","0.0015","0.002",""
"10-11-2025 03:00","1760151603","0.175","0.075","0.555","0.014","0.161","0.004","0.008","0.002","0.0015","0.0015","0.0015","0.002","0.0015","0.0005","0.0015","0.0015","0.0015","0.0015","0.001","0.0015","0.002",""
"10-11-2025 04:00","1760155204","0.175","0.075","0.555","0.014","0.156","0.004","0.008","0.002","0.0015","0.0015","0.0015","0.002","0.0015","0.0005","0.0015","0.0015","0.0015","0.0015","0.001","0.0015","0.002",""
"10-11-2025 05:00","1760158802","0.175","0.075","0.555","0.014","0.1605","0.004","0.008","0.002","0.0015","0.0015","0.0015","0.002","0.0015","0.0005","0.0015","0.0015","0.0015","0.0015","0.001","0.0015","0.002",""
"10-11-2025 06:00","1760162403","0.175","0.075","0.555","0.014","0.158","0.004","0.008","0.002","0.0015","0.0015","0.0015","0.002","0.0015","0.0005","0.0015","0.0015","0.0015","0.0015","0.001","0.0015","0.002",""
"10-11-2025 07:00","1760166003","0.175","0.075","0.555","0.014","0.1605","0.004","0.008","0.002","0.0015","0.0015","0.0015","0.002","0.0015","0.0005","0.0015","0.0015","0.0015","0.0015","0.001","0.0015","0.002",""
"10-11-2025 08:00","1760169602","0.175","0.075","0.555","0.014","0.1605","0.004","0.008","0.002","0.0015","0.0015","0.0015","0.002","0.0015","0.0005","0.0015","0.0015","0.0015","0.0015","0.0015","0.0015","0.002",""
"10-11-2025 09:00","1760173203","0.175","0.075","0.555","0.0135","0.156","0.004","0.008","0.002","0.0015","0.0015","0.0015","0.002","0.0015","0.0005","0.0015","0.0015","0.0015","0.0015","0.0015","0.0015","0.002",""
"10-11-2025 10:00","1760176803","0.15","0.075","0.555","0.014","0.158","0.004","0.008","0.002","0.0015","0.0015","0.0015","0.002","0.0015","0.0005","0.0015","0.0015","0.0015","0.0015","0.0015","0.0015","0.002",""
"10-11-2025 11:00","1760180403","0.155","0.075","0.555","0.014","0.159","0.004","0.008","0.002","0.0015","0.0015","0.0015","0.002","0.0015","0.0005","0.0015","0.0015","0.0015","0.0015","0.0015","0.0015","0.002",""
"10-11-2025 12:00","1760184003","0.155","0.075","0.555","0.014","0.1615","0.004","0.008","0.002","0.0015","0.0015","0.0015","0.002","0.0015","0.0005","0.0015","0.0015","0.0015","0.0015","0.0015","0.0015","0.002",""
"10-11-2025 13:00","1760187604","0.155","0.075","0.555","0.014","0.1605","0.004","0.008","0.002","0.0015","0.0015","0.0015","0.002","0.0015","0.0005","0.0015","0.0015","0.0015","0.0015","0.0015","0.0015","0.002",""
"10-11-2025 14:00","1760191202","0.155","0.075","0.555","0.014","0.159","0.004","0.008","0.002","0.0015","0.0015","0.0015","0.002","0.0015","0.0005","0.0015","0.0015","0.0015","0.0015","0.0015","0.0015","0.002",""
"10-11-2025 15:00","1760194805","0.16","0.075","0.555","0.0145","0.1625","0.004","0.008","0.002","0.0015","0.0015","0.0015","0.002","0.0015","0.0005","0.0015","0.0015","0.0015","0.0015","0.0015","0.0015","0.002",""
"10-11-2025 16:00","1760198402","0.16","0.075","0.555","0.0145","0.1625","0.004","0.008","0.002","0.0015","0.0015","0.0015","0.002","0.0015","0.0005","0.0015","0.0015","0.0015","0.0015","0.0015","0.0015","0.002",""
"10-11-2025 17:00","1760202003","0.16","0.075","0.555","0.0145","0.1595","0.004","0.008","0.002","0.0015","0.0015","0.0015","0.002","0.0015","0.0005","0.0015","0.0015","0.0015","0.0015","0.0015","0.0015","0.002",""
"10-11-2025 18:00","1760205604","0.16","0.075","0.555","0.0145","0.1595","0.004","0.008","0.002","0.0015","0.0015","0.0015","0.002","0.0015","0.0005","0.0015","0.0015","0.0015","0.0015","0.0015","0.0015","0.002",""
"10-11-2025 19:00","1760209203","0.16","0.075","0.555","0.0145","0.1595","0.004","0.008","0.002","0.0015","0.0015","0.0015","0.002","0.0015","0.0005","0.0015","0.0015","0.0015","0.0015","0.0015","0.0015","0.002",""
"10-11-2025 20:00","1760212803","0.16","0.075","0.555","0.0145","0.1595","0.004","0.0075","0.002","0.0015","0.0015","0.0015","0.002","0.0015","0.0005","0.0015","0.0015","0.0015","0.0015","0.0015","0.0015","0.002",""
"10-11-2025 21:00","1760216402","0.16","0.075","0.555","0.0145","0.1595","0.004","0.0075","0.002","0.0015","0.0015","0.0015","0.002","0.0015","0.0005","0.0015","0.0015","0.0015","0.0015","0.0015","0.0015","0.002",""
"10-11-2025 22:00","1760220003","0.16","0.075","0.555","0.0145","0.1565","0.004","0.0065","0.002","0.0015","0.0015","0.0015","0.002","0.0015","0.0005","0.0015","0.0015","0.0015","0.0015","0.0015","0.0015","0.002",""
"10-11-2025 23:00","1760223604","0.16","0.075","0.555","0.0145","0.1595","0.004","0.0065","0.002","0.0015","0.0015","0.0015","0.002","0.0015","0.0005","0.0015","0.0015","0.0015","0.0015","0.0015","0.0015","0.002",""
"10-12-2025 00:00","1760227202","0.16","0.075","0.555","0.0145","0.1595","0.004","0.0065","0.002","0.0015","0.0015","0.0015","0.002","0.0015","0.0005","0.0015","0.0015","0.0015","0.0015","0.0015","0.0015","0.002",""
"10-12-2025 01:00","1760230804","0.16","0.075","0.555","0.0145","0.1595","0.004","0.0065","0.002","0.0015","0.0015","0.0015","0.002","0.0015","0.0005","0.0015","0.0015","0.0015","0.0015","0.0015","0.0015","0.002",""
"10-12-2025 02:00","1760234404","0.16","0.075","0.555","0.0145","0.1595","0.004","0.0065","0.002","0.0015","0.0015","0.0015","0.002","0.0015","0.0005","0.0015","0.0015","0.0015","0.0015","0.0015","0.0015","0.002",""
"10-12-2025 03:00","1760238003","0.16","0.075","0.555","0.0145","0.1595","0.004","0.0065","0.002","0.0015","0.0015","0.0015","0.002","0.0015","0.0005","0.0015","0.0015","0.0015","0.0015","0.0015","0.0015","0.002",""
"10-12-2025 04:00","1760241603","0.16","0.075","0.555","0.0145","0.1595","0.004","0.0065","0.002","0.0015","0.0015","0.0015","0.002","0.0015","0.0005","0.0015","0.0015","0.0015","0.0015","0.0015","0.0015","0.002",""
"10-12-2025 05:00","1760245202","0.16","0.075","0.555","0.0145","0.16","0.004","0.0065","0.002","0.0015","0.0015","0.0015","0.002","0.0015","0.0005","0.0015","0.0015","0.0015","0.0015","0.0015","0.0015","0.002",""
"10-12-2025 06:00","1760248803","0.16","0.075","0.555","0.0145","0.1595","0.004","0.0065","0.002","0.002","0.0015","0.0015","0.002","0.005","0.0005","0.0015","0.0015","0.0015","0.0015","0.0015","0.0015","0.002",""
"10-12-2025 07:00","1760252404","0.16","0.075","0.555","0.0145","0.1595","0.004","0.0065","0.002","0.002","0.0015","0.0015","0.002","0.005","0.0005","0.0015","0.0015","0.0015","0.0015","0.0015","0.0015","0.002",""
"10-12-2025 08:00","1760256003","0.16","0.075","0.555","0.0145","0.1595","0.004","0.0065","0.002","0.002","0.0015","0.0015","0.002","0.005","0.0005","0.0015","0.0015","0.0015","0.0015","0.0015","0.0015","0.002",""
"10-12-2025 09:00","1760259604","0.16","0.075","0.555","0.0145","0.1595","0.004","0.0065","0.002","0.002","0.0015","0.0015","0.002","0.005","0.0005","0.0015","0.0015","0.0015","0.0015","0.0015","0.0015","0.002",""
"10-12-2025 10:00","1760263205","0.16","0.075","0.555","0.0145","0.1595","0.004","0.0065","0.002","0.002","0.0015","0.002","0.002","0.0045","0.0005","0.0015","0.0015","0.0015","0.0015","0.0015","0.0015","0.002",""
"10-12-2025 11:00","1760266804","0.16","0.075","0.555","0.0145","0.1625","0.004","0.0065","0.002","0.002","0.0015","0.002","0.002","0.005","0.0005","0.0015","0.0015","0.0015","0.0015","0.0015","0.0015","0.002",""
"10-12-2025 12:00","1760270402","0.155","0.075","0.565","0.0145","0.1625","0.004","0.0065","0.002","0.002","0.0015","0.002","0.002","0.005","0.0005","0.0015","0.0015","0.0015","0.0015","0.0015","0.0015","0.002",""
"10-12-2025 13:00","1760274003","0.155","0.075","0.565","0.0145","0.163","0.004","0.0065","0.002","0.002","0.0015","0.002","0.002","0.005","0.0005","0.0015","0.0015","0.0015","0.0015","0.0015","0.0015","0.002",""
"10-12-2025 14:00","1760277603","0.165","0.075","0.53","0.0145","0.166","0.004","0.0065","0.002","0.002","0.0015","0.002","0.002","0.005","0.0005","0.0015","0.0015","0.0015","0.0015","0.0015","0.0015","0.002",""
"10-12-2025 15:00","1760281203","0.165","0.075","0.53","0.0145","0.166","0.004","0.0065","0.002","0.002","0.0015","0.002","0.002","0.005","0.0005","0.0015","0.0015","0.0015","0.0015","0.0015","0.0015","0.002",""
"10-12-2025 16:00","1760284804","0.165","0.075","0.53","0.0145","0.166","0.004","0.0065","0.002","0.002","0.0015","0.002","0.002","0.0045","0.0005","0.0015","0.0015","0.0015","0.0015","0.0015","0.0015","0.002",""
"10-12-2025 17:00","1760288404","0.165","0.075","0.53","0.0145","0.166","0.004","0.0065","0.002","0.002","0.0015","0.002","0.002","0.0045","0.0005","0.0015","0.0015","0.0015","0.0015","0.0015","0.0015","0.002",""
"10-12-2025 18:00","1760292002","0.165","0.075","0.53","0.0145","0.1625","0.004","0.0065","0.002","0.002","0.0015","0.002","0.002","0.0045","0.0005","0.0015","0.0015","0.0015","0.0015","0.0015","0.0015","0.002",""
"10-12-2025 19:00","1760295603","0.165","0.075","0.525","0.0145","0.1615","0.004","0.0065","0.002","0.002","0.0015","0.002","0.002","0.004","0.0005","0.0015","0.0015","0.0015","0.0015","0.0015","0.0015","0.002",""
"10-12-2025 20:00","1760299202","0.17","0.075","0.525","0.0145","0.157","0.004","0.0065","0.002","0.002","0.0015","0.002","0.002","0.003","0.0005","0.0015","0.0015","0.0015","0.0015","0.0015","0.0015","0.002",""
"10-12-2025 21:00","1760302802","0.17","0.075","0.52","0.0145","0.156","0.004","0.0065","0.002","0.002","0.0015","0.002","0.002","0.004","0.0005","0.0015","0.0015","0.0015","0.0015","0.0015","0.0015","0.002",""
"10-12-2025 22:00","1760306402","0.17","0.075","0.525","0.0145","0.153","0.004","0.0065","0.002","0.002","0.0015","0.002","0.002","0.004","0.0005","0.0015","0.0015","0.0015","0.0015","0.0015","0.0015","0.002",""
"10-12-2025 23:00","1760310003","0.17","0.075","0.535","0.0145","0.1525","0.004","0.0065","0.002","0.002","0.0015","0.002","0.002","0.004","0.0005","0.0015","0.0015","0.0015","0.0015","0.0015","0.0015","0.002",""
"10-13-2025 00:00","1760313602","0.17","0.075","0.52","0.0145","0.1355","0.004","0.0065","0.002","0.002","0.0015","0.002","0.002","0.004","0.0005","0.0015","0.0015","0.0015","0.0015","0.0015","0.0015","0.002",""
"10-13-2025 01:00","1760317202","0.17","0.075","0.54","0.0145","0.1355","0.004","0.0065","0.002","0.002","0.0015","0.002","0.002","0.004","0.0005","0.0015","0.0015","0.0015","0.0015","0.0015","0.0015","0.002",""
"10-13-2025 02:00","1760320802","0.17","0.075","0.54","0.0145","0.1355","0.004","0.0065","0.002","0.002","0.0015","0.002","0.002","0.004","0.0005","0.0015","0.0015","0.0015","0.0015","0.0015","0.0015","0.002",""
"10-13-2025 03:00","1760324403","0.17","0.075","0.54","0.0145","0.1355","0.004","0.0065","0.002","0.002","0.0015","0.002","0.002","0.004","0.0005","0.0015","0.0015","0.0015","0.0015","0.0015","0.0015","0.002",""
"10-13-2025 04:00","1760328002","0.17","0.075","0.54","0.0145","0.1355","0.004","0.0065","0.002","0.002","0.0015","0.002","0.002","0.004","0.0005","0.0015","0.0015","0.0015","0.0015","0.0015","0.0015","0.002",""
"10-13-2025 05:00","1760331602","0.17","0.075","0.54","0.0145","0.1355","0.004","0.0065","0.002","0.002","0.0015","0.002","0.002","0.004","0.0005","0.0015","0.0015","0.0015","0.0015","0.0015","0.0015","0.002",""
"10-13-2025 06:00","1760335202","0.17","0.075","0.54","0.0145","0.1355","0.004","0.0065","0.002","0.002","0.0015","0.002","0.002","0.004","0.0005","0.0015","0.0015","0.0015","0.0015","0.0015","0.0015","0.002",""
"10-13-2025 07:00","1760338803","0.17","0.075","0.54","0.0145","0.1355","0.004","0.0065","0.002","0.002","0.0015","0.002","0.002","0.004","0.0005","0.0015","0.0015","0.0015","0.0015","0.0015","0.0015","0.002",""
"10-13-2025 08:00","1760342403","0.17","0.075","0.545","0.0145","0.133","0.004","0.0065","0.002","0.002","0.0015","0.002","0.002","0.004","0.0005","0.0015","0.0015","0.0015","0.0015","0.0015","0.0015","0.002",""
"10-13-2025 09:00","1760346002","0.17","0.075","0.53","0.0145","0.1325","0.004","0.0065","0.002","0.002","0.0015","0.002","0.002","0.004","0.0005","0.0015","0.0015","0.0015","0.0015","0.0015","0.0015","0.002",""
"10-13-2025 10:00","1760349602","0.175","0.075","0.535","0.0145","0.1325","0.004","0.0065","0.002","0.002","0.0015","0.002","0.002","0.004","0.0005","0.0015","0.0015","0.0015","0.0015","0.0015","0.0015","0.002",""
"10-13-2025 11:00","1760353203","0.175","0.075","0.54","0.0145","0.1325","0.004","0.0065","0.002","0.002","0.0015","0.002","0.002","0.004","0.0005","0.0015","0.0015","0.0015","0.0015","0.0015","0.0015","0.002",""
"10-13-2025 12:00","1760356803","0.175","0.075","0.54","0.0145","0.1325","0.004","0.0065","0.002","0.002","0.0015","0.0015","0.002","0.0045","0.0005","0.0015","0.0015","0.0015","0.0015","0.0015","0.0015","0.002",""
"10-13-2025 13:00","1760360403","0.175","0.075","0.54","0.0145","0.1325","0.004","0.0065","0.002","0.002","0.0015","0.0015","0.002","0.0045","0.0005","0.0015","0.0015","0.0015","0.0015","0.0015","0.0015","0.002",""
"10-13-2025 14:00","1760364002","0.175","0.075","0.55","0.0145","0.133","0.004","0.0065","0.002","0.002","0.0015","0.0015","0.002","0.0045","0.0005","0.0015","0.0015","0.0015","0.0015","0.0015","0.0015","0.002",""
"10-13-2025 15:00","1760367604","0.215","0.075","0.545","0.0145","0.132","0.0035","0.0065","0.0015","0.002","0.0015","0.0015","0.0015","0.0035","0.0005","0.0015","0.0015","0.0015","0.0015","0.0015","0.0015","0.0015",""
"10-13-2025 16:00","1760371203","0.21","0.075","0.555","0.0145","0.132","0.0035","0.0065","0.0015","0.002","0.0015","0.0015","0.0015","0.0035","0.0005","0.0015","0.0015","0.0015","0.0015","0.0015","0.0015","0.0015",""
"10-13-2025 17:00","1760374805","0.195","0.075","0.55","0.0145","0.131","0.0035","0.0065","0.0015","0.002","0.0015","0.0015","0.0015","0.0035","0.0005","0.0015","0.0015","0.0015","0.0015","0.0015","0.0015","0.0015",""
"10-13-2025 18:00","1760378404","0.195","0.075","0.545","0.0145","0.1325","0.0035","0.0065","0.0015","0.002","0.0015","0.0015","0.0015","0.0035","0.0005","0.0015","0.0015","0.0015","0.0015","0.0015","0.0015","0.0015",""
"10-13-2025 19:00","1760382004","0.195","0.075","0.565","0.0145","0.131","0.0035","0.0065","0.0015","0.002","0.0015","0.0015","0.0015","0.0035","0.0005","0.0015","0.0015","0.0015","0.0015","0.0015","0.0015","0.0015",""
"10-13-2025 20:00","1760385603","0.195","0.075","0.56","0.0145","0.1315","0.0035","0.0065","0.0015","0.002","0.0015","0.0015","0.0015","0.0035","0.0005","0.0015","0.0015","0.0015","0.0015","0.0015","0.0015","0.0015",""
"10-13-2025 21:00","1760389205","0.195","0.09","0.55","0.0145","0.132","0.0035","0.0065","0.0015","0.002","0.0015","0.0015","0.0015","0.0035","0.0005","0.0015","0.0015","0.0015","0.0015","0.0015","0.0015","0.0015",""
"10-13-2025 22:00","1760392803","0.195","0.09","0.54","0.0145","0.1315","0.0035","0.0065","0.0015","0.002","0.0015","0.0015","0.0015","0.0035","0.0005","0.0015","0.0015","0.0015","0.0015","0.0015","0.0015","0.0015",""
"10-13-2025 23:00","1760396404","0.195","0.09","0.535","0.0145","0.1315","0.0035","0.0065","0.0015","0.002","0.0015","0.0015","0.0015","0.0035","0.0005","0.0015","0.0015","0.0015","0.0015","0.0015","0.0015","0.0015",""
"10-14-2025 00:00","1760400004","0.195","0.09","0.53","0.0145","0.1315","0.0035","0.0065","0.0015","0.002","0.0015","0.0015","0.0015","0.0035","0.0005","0.0015","0.0015","0.0015","0.0015","0.0015","0.0015","0.0015",""
"10-14-2025 01:00","1760403603","0.195","0.09","0.54","0.0145","0.1315","0.0035","0.0065","0.0015","0.002","0.0015","0.0015","0.0015","0.0035","0.0005","0.0015","0.0015","0.0015","0.0015","0.0015","0.0015","0.0015",""
"10-14-2025 02:00","1760407203","0.195","0.09","0.545","0.014","0.132","0.003","0.0065","0.0015","0.002","0.0015","0.0015","0.0015","0.0035","0.0005","0.0015","0.0015","0.0015","0.0015","0.0015","0.0015","0.0015",""
"10-14-2025 03:00","1760410804","0.195","0.09","0.545","0.014","0.1315","0.003","0.0065","0.0015","0.002","0.0015","0.0015","0.0015","0.0035","0.0005","0.0015","0.0015","0.0015","0.0015","0.0015","0.0015","0.0015",""
"10-14-2025 04:00","1760414403","0.195","0.09","0.555","0.014","0.1315","0.003","0.0065","0.0015","0.002","0.0015","0.0015","0.0015","0.0035","0.0005","0.0015","0.0015","0.0015","0.0015","0.0015","0.0015","0.0015",""
"10-14-2025 05:00","1760418004","0.195","0.09","0.545","0.014","0.1315","0.003","0.0065","0.0015","0.002","0.0015","0.0015","0.0015","0.0035","0.0005","0.0015","0.0015","0.0015","0.0015","0.0015","0.0015","0.0015",""
"10-14-2025 06:00","1760421603","0.195","0.09","0.55","0.014","0.1315","0.003","0.0065","0.0015","0.002","0.0015","0.0015","0.0015","0.0035","0.0005","0.0015","0.0015","0.0015","0.0015","0.0015","0.0015","0.0015",""
"10-14-2025 07:00","1760425206","0.195","0.09","0.555","0.014","0.1315","0.003","0.0065","0.0015","0.002","0.0015","0.0015","0.0015","0.0035","0.0005","0.0015","0.0015","0.0015","0.0015","0.0015","0.0015","0.0015",""
"10-14-2025 08:00","1760428804","0.195","0.09","0.54","0.014","0.1315","0.003","0.0065","0.0015","0.002","0.0015","0.0015","0.0015","0.0035","0.0005","0.0015","0.0015","0.0015","0.0015","0.0015","0.0015","0.0015",""
"10-14-2025 09:00","1760432403","0.195","0.09","0.555","0.014","0.1315","0.003","0.0065","0.0015","0.002","0.0015","0.0015","0.0015","0.0035","0.0005","0.0015","0.0015","0.0015","0.0015","0.0015","0.0015","0.0015",""
"10-14-2025 10:00","1760436003","0.195","0.09","0.55","0.014","0.1315","0.003","0.0065","0.0015","0.002","0.0015","0.0015","0.0015","0.0035","0.0005","0.0015","0.0015","0.0015","0.0015","0.0015","0.0015","0.0015",""
"10-14-2025 11:00","1760439603","0.2","0.09","0.55","0.014","0.13","0.003","0.0065","0.0015","0.002","0.0015","0.0015","0.0015","0.0035","0.0005","0.0015","0.0015","0.0015","0.0015","0.0015","0.0015","0.0015",""
"10-14-2025 12:00","1760443203","0.195","0.08","0.55","0.014","0.151","0.003","0.0075","0.0015","0.002","0.0015","0.0015","0.0015","0.0035","0.0005","0.0015","0.0015","0.0015","0.0015","0.0015","0.0015","0.0015",""
"10-14-2025 13:00","1760446804","0.195","0.095","0.525","0.0145","0.1515","0.003","0.0075","0.0015","0.002","0.0015","0.0015","0.0015","0.0035","0.0005","0.0015","0.0015","0.0015","0.0015","0.0015","0.0015","0.0015",""
"10-14-2025 14:00","1760450403","0.2","0.095","0.53","0.014","0.144","0.003","0.0075","0.0015","0.0015","0.0015","0.0015","0.0015","0.0035","0.0005","0.0015","0.0015","0.0015","0.0015","0.0015","0.0015","0.0015",""
"10-14-2025 15:00","1760454003","0.195","0.1","0.525","0.014","0.163","0.003","0.0075","0.0015","0.0015","0.0015","0.0015","0.0015","0.0035","0.0005","0.0015","0.0015","0.0015","0.0015","0.0015","0.0015","0.0015",""
"10-14-2025 16:00","1760457603","0.19","0.1","0.515","0.014","0.1495","0.003","0.0085","0.0015","0.0015","0.0015","0.0015","0.0015","0.0035","0.0005","0.0015","0.0015","0.0015","0.0015","0.0015","0.0015","0.0015",""
"10-14-2025 17:00","1760461204","0.19","0.105","0.525","0.014","0.151","0.003","0.0085","0.0015","0.0015","0.0015","0.0015","0.0015","0.0035","0.0005","0.0015","0.0015","0.0015","0.0015","0.0015","0.0015","0.0015",""
"10-14-2025 18:00","1760464803","0.19","0.095","0.515","0.014","0.167","0.003","0.0085","0.0015","0.0015","0.0015","0.0015","0.0015","0.0035","0.0005","0.0015","0.0015","0.0015","0.0015","0.0015","0.0015","0.0015",""
"10-14-2025 19:00","1760468404","0.19","0.095","0.52","0.014","0.153","0.003","0.0085","0.0015","0.0015","0.0015","0.0015","0.0015","0.0035","0.0005","0.0015","0.0015","0.0015","0.0015","0.0015","0.0015","0.0015",""
"10-14-2025 20:00","1760472003","0.19","0.095","0.515","0.014","0.167","0.003","0.0085","0.0015","0.0015","0.0015","0.0015","0.0015","0.0035","0.0005","0.0015","0.0015","0.0015","0.0015","0.0015","0.0015","0.0015",""
"10-14-2025 21:00","1760475603","0.19","0.095","0.505","0.014","0.162","0.003","0.0085","0.0015","0.0015","0.0015","0.0015","0.0015","0.0035","0.0005","0.0015","0.0015","0.0015","0.0015","0.0015","0.0015","0.0015",""
"10-14-2025 22:00","1760479204","0.19","0.095","0.505","0.0135","0.1565","0.003","0.0085","0.0015","0.0015","0.0015","0.0015","0.0015","0.0035","0.0005","0.0015","0.0015","0.0015","0.0015","0.0015","0.0015","0.0015",""
"10-14-2025 23:00","1760482804","0.19","0.095","0.515","0.014","0.1345","0.003","0.0085","0.0015","0.0015","0.0015","0.0015","0.0015","0.0035","0.0005","0.0015","0.0015","0.0015","0.0015","0.0015","0.0015","0.0015",""
"10-15-2025 00:00","1760486403","0.19","0.095","0.515","0.0135","0.1365","0.003","0.0085","0.0015","0.0015","0.0015","0.0015","0.0015","0.0035","0.0005","0.0015","0.0015","0.0015","0.0015","0.0015","0.0015","0.0015",""
"10-15-2025 01:00","1760490003","0.19","0.095","0.515","0.0135","0.1365","0.003","0.0085","0.0015","0.0015","0.0015","0.0015","0.0015","0.0035","0.0005","0.0015","0.0015","0.0015","0.0015","0.0015","0.0015","0.0015",""
"10-15-2025 02:00","1760493603","0.19","0.095","0.51","0.014","0.135","0.003","0.0085","0.0015","0.0015","0.0015","0.0015","0.0015","0.0035","0.0005","0.0015","0.0015","0.0015","0.0015","0.0015","0.0015","0.0015",""
"10-15-2025 03:00","1760497203","0.19","0.095","0.515","0.014","0.1345","0.003","0.0085","0.0015","0.0015","0.0015","0.0015","0.0015","0.0035","0.0005","0.0015","0.0015","0.0015","0.0015","0.0015","0.0015","0.0015",""
"10-15-2025 04:00","1760500803","0.19","0.095","0.525","0.014","0.1555","0.003","0.0085","0.0015","0.0015","0.0015","0.0015","0.0015","0.0035","0.0005","0.0015","0.0015","0.0015","0.0015","0.0015","0.0015","0.0015",""
"10-15-2025 05:00","1760504405","0.19","0.095","0.525","0.014","0.155","0.003","0.0085","0.0015","0.0015","0.0015","0.0015","0.0015","0.0035","0.0005","0.0015","0.0015","0.0015","0.0015","0.0015","0.0015","0.0015",""
"10-15-2025 06:00","1760508005","0.19","0.09","0.525","0.014","0.156","0.003","0.0085","0.0015","0.0015","0.0015","0.0015","0.0015","0.0035","0.0005","0.0015","0.0015","0.0015","0.0015","0.0015","0.0015","0.0015",""
"10-15-2025 07:00","1760511604","0.19","0.09","0.525","0.014","0.156","0.003","0.0085","0.0015","0.0015","0.0015","0.0015","0.0015","0.0035","0.0005","0.0015","0.0015","0.0015","0.0015","0.0015","0.0015","0.0015",""
"10-15-2025 08:00","1760515205","0.19","0.09","0.525","0.014","0.154","0.003","0.0085","0.0015","0.0015","0.0015","0.0015","0.0015","0.0035","0.0005","0.0015","0.0015","0.0015","0.0015","0.0015","0.0015","0.0015",""
"10-15-2025 09:00","1760518807","0.19","0.095","0.525","0.014","0.154","0.003","0.0085","0.0015","0.0015","0.0015","0.0015","0.0015","0.0035","0.0005","0.0015","0.0015","0.0015","0.0015","0.0015","0.0015","0.0015",""
"10-15-2025 10:00","1760522403","0.19","0.115","0.51","0.014","0.154","0.003","0.0085","0.0015","0.0015","0.0015","0.0015","0.0015","0.0035","0.0005","0.0015","0.0015","0.0015","0.0015","0.0015","0.0015","0.0015",""
"10-15-2025 11:00","1760526003","0.2","0.11","0.51","0.015","0.1565","0.003","0.0085","0.0015","0.0015","0.0015","0.0015","0.0015","0.0035","0.0005","0.0015","0.0015","0.0015","0.0015","0.0015","0.0015","0.0015",""
"10-15-2025 12:00","1760529603","0.195","0.115","0.51","0.016","0.1395","0.003","0.0085","0.0015","0.0015","0.0015","0.0015","0.0015","0.0035","0.0005","0.0015","0.0015","0.0015","0.0015","0.0015","0.0015","0.0015",""
"10-15-2025 13:00","1760533203","0.2","0.11","0.51","0.016","0.1395","0.003","0.0085","0.0015","0.0015","0.0015","0.0015","0.0015","0.0035","0.0005","0.0015","0.0015","0.0015","0.0015","0.0015","0.0015","0.0015",""
"10-15-2025 14:00","1760536803","0.2","0.115","0.515","0.016","0.1395","0.003","0.0085","0.0015","0.0015","0.0015","0.0015","0.0015","0.0035","0.0005","0.0015","0.0015","0.0015","0.0015","0.0015","0.0015","0.0015",""
"10-15-2025 15:00","1760540404","0.2","0.11","0.51","0.016","0.1395","0.003","0.0085","0.0015","0.0015","0.0015","0.0015","0.0015","0.0035","0.0005","0.0015","0.0015","0.0015","0.0015","0.0015","0.0015","0.0015",""
"10-15-2025 16:00","1760544003","0.2","0.11","0.51","0.016","0.14","0.003","0.0085","0.0015","0.0015","0.0015","0.0015","0.0015","0.0035","0.0005","0.0015","0.0015","0.0015","0.0015","0.0015","0.0015","0.0015",""
"10-15-2025 17:00","1760547603","0.205","0.11","0.505","0.016","0.14","0.003","0.0085","0.0015","0.0015","0.0015","0.0015","0.0015","0.0035","0.0005","0.0015","0.0015","0.0015","0.0015","0.0015","0.0015","0.0015",""
"10-15-2025 18:00","1760551205","0.21","0.11","0.505","0.016","0.141","0.003","0.0085","0.0015","0.0015","0.0015","0.0015","0.0015","0.0035","0.0005","0.0015","0.0015","0.0015","0.0015","0.0015","0.0015","0.0015",""
"10-15-2025 19:00","1760554804","0.21","0.115","0.505","0.016","0.1415","0.003","0.0085","0.0015","0.0015","0.0015","0.0015","0.0015","0.0035","0.0005","0.0015","0.0015","0.0015","0.0015","0.0015","0.0015","0.0015",""
"10-15-2025 20:00","1760558403","0.21","0.11","0.505","0.016","0.1415","0.003","0.0085","0.0015","0.0015","0.0015","0.0015","0.0015","0.0035","0.0005","0.0015","0.0015","0.0015","0.0015","0.0015","0.0015","0.0015",""
"10-15-2025 21:00","1760562003","0.21","0.11","0.505","0.016","0.1415","0.003","0.0085","0.0015","0.0015","0.0015","0.0015","0.0015","0.0035","0.0005","0.0015","0.0015","0.0015","0.0015","0.0015","0.0015","0.0015",""
"10-15-2025 22:00","1760565603","0.21","0.11","0.505","0.016","0.1415","0.003","0.0085","0.0015","0.0015","0.0015","0.0015","0.0015","0.0035","0.0005","0.0015","0.0015","0.0015","0.0015","0.0015","0.0015","0.0015",""
"10-15-2025 23:00","1760569203","0.21","0.105","0.505","0.016","0.142","0.003","0.0085","0.0015","0.0015","0.0015","0.0015","0.0015","0.0025","0.0005","0.0015","0.0015","0.0015","0.0015","0.0015","0.0015","0.0015",""
"10-16-2025 00:00","1760572803","0.21","0.105","0.505","0.016","0.142","0.003","0.0085","0.0015","0.0015","0.0015","0.0015","0.0015","0.0025","0.0005","0.0015","0.0015","0.0015","0.0015","0.0015","0.0015","0.0015",""
"10-16-2025 01:00","1760576403","0.21","0.105","0.505","0.016","0.142","0.003","0.0085","0.0015","0.0015","0.0015","0.0015","0.0015","0.0025","0.0005","0.0015","0.0015","0.0015","0.0015","0.0015","0.0015","0.0015",""
"10-16-2025 02:00","1760580003","0.21","0.105","0.505","0.016","0.142","0.003","0.0085","0.0015","0.0015","0.0015","0.0015","0.0015","0.0025","0.0005","0.0015","0.0015","0.0015","0.0015","0.0015","0.0015","0.0015",""
"10-16-2025 03:00","1760583603","0.21","0.105","0.495","0.016","0.142","0.003","0.0085","0.0015","0.0015","0.0015","0.0015","0.0015","0.0025","0.0005","0.0015","0.0015","0.0015","0.0015","0.0015","0.0015","0.0015",""
"10-16-2025 04:00","1760587204","0.21","0.105","0.49","0.016","0.1425","0.003","0.0085","0.0015","0.0015","0.0015","0.0015","0.0015","0.0025","0.0005","0.0015","0.0015","0.0015","0.0015","0.0015","0.0015","0.0015",""
"10-16-2025 05:00","1760590803","0.21","0.105","0.49","0.016","0.1425","0.003","0.0085","0.0015","0.0015","0.0015","0.0015","0.0015","0.0025","0.0005","0.0015","0.0015","0.0015","0.0015","0.0015","0.0015","0.0015",""
"10-16-2025 06:00","1760594407","0.21","0.105","0.49","0.016","0.1425","0.003","0.0085","0.0015","0.0015","0.0015","0.0015","0.0015","0.0025","0.0005","0.0015","0.0015","0.0015","0.0015","0.0015","0.0015","0.0015",""
"10-16-2025 07:00","1760598003","0.21","0.105","0.49","0.016","0.1425","0.003","0.0085","0.0015","0.0015","0.0015","0.0015","0.0015","0.0025","0.001","0.0015","0.0015","0.0015","0.0015","0.0015","0.0015","0.0015",""
"10-16-2025 08:00","1760601603","0.21","0.105","0.49","0.016","0.1425","0.003","0.0085","0.0015","0.0015","0.0015","0.0015","0.0015","0.0025","0.001","0.0015","0.0015","0.0015","0.0015","0.0015","0.0015","0.0015",""
"10-16-2025 09:00","1760605203","0.21","0.105","0.49","0.016","0.1425","0.003","0.0085","0.0015","0.0015","0.0015","0.0015","0.0015","0.0025","0.001","0.0015","0.0015","0.0015","0.0015","0.0015","0.0015","0.0015",""
"10-16-2025 10:00","1760608805","0.21","0.105","0.49","0.016","0.1425","0.003","0.0085","0.0015","0.0015","0.0015","0.0015","0.0015","0.0025","0.001","0.0015","0.0015","0.0015","0.0015","0.0015","0.0015","0.0015",""
"10-16-2025 11:00","1760612404","0.21","0.105","0.49","0.0165","0.1425","0.003","0.0085","0.0015","0.0015","0.0015","0.0015","0.0015","0.002","0.001","0.0015","0.0015","0.0015","0.0015","0.0015","0.0015","0.0015",""
"10-16-2025 12:00","1760616007","0.21","0.105","0.5","0.0165","0.144","0.003","0.0085","0.0015","0.0015","0.0015","0.0015","0.0015","0.002","0.001","0.0015","0.0015","0.0015","0.0015","0.0015","0.0015","0.0015",""
"10-16-2025 13:00","1760619605","0.21","0.105","0.5","0.0165","0.144","0.003","0.0085","0.0015","0.0015","0.0015","0.0015","0.0015","0.002","0.001","0.0015","0.0015","0.0015","0.0015","0.0015","0.0015","0.0015",""
"10-16-2025 14:00","1760623204","0.21","0.105","0.5","0.0165","0.144","0.003","0.0085","0.0015","0.0015","0.0015","0.0015","0.0015","0.002","0.001","0.0015","0.0015","0.0015","0.0015","0.0015","0.0015","0.0015",""
"10-16-2025 15:00","1760626805","0.21","0.105","0.495","0.0165","0.1405","0.003","0.0085","0.0015","0.0015","0.0015","0.0015","0.0015","0.002","0.001","0.0015","0.0015","0.0015","0.0015","0.0015","0.0015","0.0015",""
"10-16-2025 16:00","1760630404","0.21","0.105","0.495","0.0165","0.14","0.0025","0.0085","0.0015","0.0015","0.0015","0.0015","0.0015","0.002","0.001","0.0015","0.0015","0.0015","0.0015","0.0015","0.0015","0.0015",""
"10-16-2025 17:00","1760634004","0.21","0.105","0.495","0.0165","0.1375","0.0025","0.0085","0.0015","0.0015","0.0015","0.0015","0.0015","0.002","0.001","0.0015","0.0015","0.0015","0.0015","0.0015","0.0015","0.0015",""
"10-16-2025 18:00","1760637604","0.215","0.105","0.5","0.0165","0.1365","0.0025","0.0085","0.0015","0.0015","0.0015","0.0015","0.0015","0.002","0.001","0.0015","0.0015","0.0015","0.0015","0.0015","0.0015","0.0015",""
"10-16-2025 19:00","1760641204","0.215","0.105","0.5","0.0165","0.1345","0.0025","0.0085","0.0015","0.0015","0.0015","0.0015","0.0015","0.002","0.001","0.0015","0.0015","0.0015","0.0015","0.0015","0.0015","0.0015",""
"10-16-2025 20:00","1760644803","0.215","0.105","0.5","0.0165","0.134","0.0025","0.0085","0.0015","0.0015","0.0015","0.0015","0.0015","0.002","0.001","0.0015","0.0015","0.0015","0.0015","0.0015","0.0015","0.0015",""
"10-16-2025 21:00","1760648403","0.215","0.105","0.5","0.0165","0.134","0.0025","0.0085","0.0015","0.0015","0.0015","0.0015","0.0015","0.002","0.001","0.0015","0.0015","0.0015","0.0015","0.0015","0.0015","0.0015",""
"10-16-2025 22:00","1760652003","0.215","0.105","0.5","0.0165","0.134","0.0025","0.0085","0.0015","0.0015","0.0015","0.0015","0.0015","0.002","0.001","0.0015","0.0015","0.0015","0.0015","0.0015","0.0015","0.0015",""
"10-16-2025 23:00","1760655604","0.215","0.105","0.5","0.016","0.1345","0.0025","0.0085","0.0015","0.0015","0.0015","0.0015","0.0015","0.002","0.001","0.0015","0.0015","0.0015","0.0015","0.0015","0.0015","0.0015",""
"10-17-2025 00:00","1760659203","0.215","0.105","0.5","0.0165","0.132","0.0025","0.0085","0.0015","0.0015","0.0015","0.0015","0.0015","0.002","0.001","0.0015","0.0015","0.0015","0.0015","0.0015","0.0015","0.0015",""
"10-17-2025 01:00","1760662803","0.215","0.105","0.5","0.016","0.1335","0.0025","0.0085","0.0015","0.0015","0.0015","0.0015","0.0015","0.002","0.001","0.0015","0.0015","0.0015","0.0015","0.0015","0.0015","0.0015",""
"10-17-2025 02:00","1760666404","0.215","0.105","0.5","0.016","0.1335","0.0025","0.0085","0.0015","0.0015","0.0015","0.0015","0.0015","0.002","0.001","0.0015","0.0015","0.0015","0.0015","0.0015","0.0015","0.0015",""
"10-17-2025 03:00","1760670003","0.215","0.105","0.5","0.016","0.1335","0.0025","0.0085","0.0015","0.0015","0.0015","0.0015","0.0015","0.002","0.001","0.0015","0.0015","0.0015","0.0015","0.0015","0.0015","0.0015",""
"10-17-2025 04:00","1760673603","0.215","0.105","0.5","0.016","0.134","0.0025","0.0085","0.0015","0.0015","0.0015","0.0015","0.0015","0.002","0.001","0.0015","0.0015","0.0015","0.0015","0.0015","0.0015","0.0015",""
"10-17-2025 05:00","1760677203","0.215","0.105","0.5","0.016","0.1345","0.0025","0.0085","0.0015","0.0015","0.0015","0.0015","0.0015","0.002","0.001","0.0015","0.0015","0.0015","0.0015","0.0015","0.0015","0.0015",""
"10-17-2025 06:00","1760680804","0.215","0.105","0.5","0.016","0.1345","0.0025","0.0085","0.0015","0.0015","0.0015","0.0015","0.0015","0.002","0.001","0.0015","0.0015","0.0015","0.0015","0.0015","0.0015","0.0015",""
"10-17-2025 07:00","1760684404","0.215","0.105","0.5","0.016","0.1345","0.0025","0.0085","0.0015","0.0015","0.0015","0.0015","0.0015","0.002","0.001","0.0015","0.0015","0.0015","0.0015","0.0015","0.0015","0.0015",""
"10-17-2025 08:00","1760688004","0.215","0.105","0.5","0.016","0.1345","0.0025","0.0085","0.0015","0.0015","0.0015","0.0015","0.0015","0.002","0.001","0.0015","0.0015","0.0015","0.0015","0.0015","0.0015","0.0015",""
"10-17-2025 09:00","1760691603","0.215","0.105","0.5","0.016","0.1345","0.0025","0.0085","0.0015","0.0015","0.0015","0.0015","0.0015","0.002","0.001","0.0015","0.0015","0.0015","0.0015","0.0015","0.0015","0.0015",""
"10-17-2025 10:00","1760695203","0.215","0.105","0.5","0.016","0.1345","0.0025","0.0085","0.0015","0.0015","0.0015","0.0015","0.0015","0.002","0.001","0.0015","0.0015","0.0015","0.0015","0.0015","0.0015","0.0015",""
"10-17-2025 11:00","1760698803","0.215","0.105","0.5","0.016","0.1345","0.0025","0.0085","0.0015","0.0015","0.0015","0.0015","0.0015","0.002","0.001","0.0015","0.0015","0.0015","0.0015","0.0015","0.0015","0.0015",""
"10-17-2025 12:00","1760702405","0.215","0.105","0.5","0.016","0.1345","0.0025","0.0085","0.0015","0.0015","0.0015","0.0145","0.0145","0.002","0.0115","0.009","0.008","0.005","0.012","0.021","0.021","0.011",""
"10-17-2025 13:00","1760706003","0.215","0.115","0.5","0.016","0.1345","0.0025","0.0085","0.0015","0.0015","0.0015","0.0145","0.0145","0.002","0.0105","0.008","0.008","0.004","0.006","0.0225","0.021","0.006",""
"10-17-2025 14:00","1760709603","0.215","0.11","0.5","0.0155","0.1345","0.0025","0.0085","0.0015","0.0015","0.0015","0.0145","0.0145","0.002","0.0105","0.008","0.008","0.004","0.006","0.023","0.003","0.006",""
"10-17-2025 15:00","1760713206","0.215","0.11","0.5","0.0135","0.1345","0.0025","0.005","0.0015","0.0015","0.0015","0.01","0.0105","0.002","0.0075","0.005","0.005","0.004","0.006","0.018","0.003","0.0035",""
"10-17-2025 16:00","1760716804","0.215","0.11","0.5","0.0135","0.1345","0.0025","0.005","0.0015","0.0015","0.0015","0.01","0.0105","0.002","0.0075","0.005","0.005","0.004","0.006","0.0175","0.003","0.0035",""
"10-17-2025 17:00","1760720403","0.215","0.11","0.5","0.0135","0.1335","0.0025","0.005","0.0015","0.0015","0.0015","0.0095","0.01","0.002","0.007","0.0045","0.0045","0.0035","0.006","0.017","0.003","0.0035",""
"10-17-2025 18:00","1760724004","0.215","0.11","0.5","0.0135","0.1325","0.0025","0.005","0.0015","0.0015","0.0015","0.0095","0.01","0.002","0.007","0.0045","0.0045","0.0035","0.006","0.017","0.003","0.0035",""
"10-17-2025 19:00","1760727604","0.215","0.11","0.5","0.0135","0.1345","0.0025","0.005","0.0015","0.0015","0.0015","0.01","0.0105","0.002","0.0075","0.005","0.005","0.004","0.006","0.0175","0.003","0.0035",""
"10-17-2025 20:00","1760731203","0.215","0.11","0.5","0.0135","0.1345","0.0025","0.005","0.0015","0.0015","0.0015","0.01","0.0105","0.002","0.0075","0.005","0.005","0.004","0.006","0.0175","0.003","0.0035",""
"10-17-2025 21:00","1760734807","0.215","0.11","0.5","0.014","0.1345","0.0025","0.005","0.0015","0.0015","0.0015","0.01","0.0105","0.002","0.0075","0.005","0.005","0.004","0.006","0.0175","0.003","0.0035",""
"10-17-2025 22:00","1760738403","0.215","0.11","0.5","0.014","0.1345","0.0035","0.005","0.0015","0.0015","0.0015","0.01","0.0105","0.002","0.0075","0.005","0.005","0.004","0.006","0.0175","0.003","0.0035",""
"10-17-2025 23:00","1760742003","0.215","0.11","0.5","0.014","0.1335","0.0035","0.005","0.0015","0.0015","0.0015","0.01","0.0105","0.002","0.0075","0.005","0.005","0.0035","0.006","0.017","0.003","0.0035",""
"10-18-2025 00:00","1760745603","0.215","0.11","0.5","0.014","0.1345","0.0035","0.005","0.0015","0.0015","0.0015","0.01","0.01","0.002","0.0075","0.005","0.005","0.004","0.004","0.0125","0.003","0.0035",""
"10-18-2025 01:00","1760749203","0.215","0.11","0.5","0.014","0.1335","0.0035","0.005","0.0015","0.0015","0.0015","0.0095","0.0095","0.002","0.007","0.0045","0.0045","0.0035","0.0035","0.012","0.003","0.0035",""
"10-18-2025 02:00","1760752805","0.215","0.11","0.5","0.014","0.1345","0.0035","0.005","0.0015","0.0015","0.0015","0.01","0.01","0.002","0.0075","0.005","0.005","0.004","0.0035","0.0125","0.003","0.0035",""
"10-18-2025 03:00","1760756405","0.215","0.11","0.5","0.014","0.135","0.0035","0.005","0.0015","0.0015","0.0015","0.01","0.01","0.002","0.0075","0.005","0.005","0.004","0.0035","0.0125","0.003","0.0035",""
"10-18-2025 04:00","1760760003","0.215","0.11","0.5","0.014","0.1355","0.0035","0.005","0.0015","0.0015","0.0015","0.01","0.01","0.002","0.0075","0.005","0.005","0.004","0.0035","0.0125","0.003","0.0035",""
"10-18-2025 05:00","1760763603","0.215","0.11","0.5","0.014","0.135","0.0035","0.005","0.0015","0.0015","0.0015","0.0095","0.0095","0.002","0.007","0.0045","0.0045","0.004","0.0035","0.012","0.003","0.0035",""
"10-18-2025 06:00","1760767203","0.215","0.11","0.5","0.014","0.1345","0.0035","0.005","0.0015","0.0015","0.0015","0.0095","0.0095","0.002","0.007","0.0045","0.0045","0.004","0.0035","0.012","0.003","0.0035",""
"10-18-2025 07:00","1760770804","0.215","0.11","0.5","0.014","0.133","0.0035","0.005","0.0015","0.0015","0.0015","0.01","0.01","0.002","0.0075","0.005","0.005","0.004","0.0035","0.0125","0.003","0.0035",""
"10-18-2025 08:00","1760774403","0.215","0.11","0.5","0.014","0.133","0.0035","0.005","0.0015","0.0015","0.0015","0.0095","0.01","0.002","0.007","0.0045","0.0045","0.004","0.0035","0.012","0.003","0.0035",""
"10-18-2025 09:00","1760778003","0.215","0.11","0.5","0.014","0.133","0.0035","0.005","0.0015","0.0015","0.0015","0.01","0.01","0.002","0.0075","0.005","0.005","0.004","0.0035","0.0125","0.003","0.0035",""
"10-18-2025 10:00","1760781604","0.215","0.115","0.5","0.014","0.131","0.003","0.005","0.0015","0.0015","0.0015","0.01","0.01","0.002","0.0075","0.005","0.005","0.004","0.0035","0.0125","0.003","0.0035",""
"10-18-2025 11:00","1760785203","0.215","0.115","0.505","0.014","0.131","0.003","0.005","0.0015","0.0015","0.0015","0.0095","0.0095","0.002","0.007","0.0045","0.0045","0.0035","0.0035","0.012","0.003","0.0035",""
"10-18-2025 12:00","1760788803","0.215","0.115","0.505","0.014","0.131","0.003","0.005","0.0015","0.0015","0.0015","0.01","0.01","0.002","0.0075","0.005","0.005","0.004","0.0035","0.0125","0.003","0.0035",""
"10-18-2025 13:00","1760792404","0.215","0.115","0.505","0.014","0.131","0.003","0.005","0.0015","0.0015","0.0015","0.0105","0.01","0.002","0.0075","0.005","0.005","0.004","0.004","0.0115","0.003","0.0035",""
"10-18-2025 14:00","1760796003","0.215","0.115","0.505","0.014","0.131","0.003","0.004","0.0015","0.0015","0.0015","0.0105","0.01","0.002","0.0075","0.005","0.005","0.004","0.004","0.0125","0.003","0.0035",""
"10-18-2025 15:00","1760799603","0.215","0.115","0.505","0.014","0.131","0.003","0.004","0.0015","0.0015","0.0015","0.0085","0.009","0.002","0.0065","0.0045","0.0045","0.004","0.0035","0.0115","0.003","0.0035",""
"10-18-2025 16:00","1760803204","0.215","0.115","0.5","0.014","0.131","0.003","0.004","0.0015","0.0015","0.0015","0.009","0.0095","0.002","0.006","0.005","0.005","0.004","0.0035","0.012","0.003","0.0035",""
"10-18-2025 17:00","1760806803","0.215","0.115","0.5","0.014","0.131","0.003","0.004","0.0015","0.0015","0.0015","0.008","0.01","0.002","0.006","0.005","0.005","0.004","0.002","0.011","0.003","0.0035",""
"10-18-2025 18:00","1760810404","0.225","0.115","0.505","0.014","0.133","0.003","0.004","0.0015","0.0015","0.0015","0.0075","0.01","0.002","0.006","0.005","0.005","0.004","0.002","0.0105","0.003","0.0035",""
"10-18-2025 19:00","1760814006","0.225","0.115","0.505","0.014","0.1325","0.003","0.004","0.0015","0.0015","0.0015","0.007","0.01","0.002","0.006","0.005","0.005","0.004","0.002","0.0105","0.003","0.0035",""
"10-18-2025 20:00","1760817603","0.225","0.115","0.505","0.0135","0.1315","0.003","0.0035","0.0015","0.0015","0.0015","0.0055","0.01","0.002","0.005","0.0045","0.0045","0.004","0.002","0.0095","0.003","0.0035",""
"10-18-2025 21:00","1760821203","0.225","0.115","0.505","0.0135","0.132","0.003","0.0035","0.0015","0.0015","0.0015","0.006","0.0095","0.002","0.0045","0.005","0.005","0.004","0.002","0.0095","0.003","0.0035",""
"10-18-2025 22:00","1760824803","0.225","0.115","0.505","0.0135","0.132","0.003","0.0035","0.0015","0.0015","0.0015","0.006","0.01","0.002","0.0045","0.005","0.005","0.004","0.002","0.01","0.003","0.0035",""
"10-18-2025 23:00","1760828404","0.225","0.115","0.505","0.0135","0.1315","0.003","0.0035","0.0015","0.0015","0.0015","0.006","0.01","0.002","0.0045","0.005","0.005","0.004","0.002","0.01","0.003","0.0035",""
"10-19-2025 00:00","1760832005","0.225","0.115","0.505","0.0135","0.1315","0.003","0.0035","0.0015","0.0015","0.0015","0.006","0.01","0.002","0.0045","0.005","0.005","0.004","0.002","0.01","0.003","0.0035",""
"10-19-2025 01:00","1760835603","0.225","0.115","0.505","0.0135","0.1315","0.003","0.0035","0.0015","0.0015","0.0015","0.006","0.01","0.002","0.0045","0.005","0.005","0.004","0.002","0.01","0.003","0.0035",""
"10-19-2025 02:00","1760839204","0.225","0.115","0.505","0.0135","0.1315","0.003","0.0035","0.0015","0.0015","0.0015","0.006","0.0095","0.002","0.0045","0.005","0.005","0.004","0.002","0.0095","0.003","0.0035",""
"10-19-2025 03:00","1760842803","0.225","0.115","0.505","0.0135","0.1315","0.003","0.0035","0.0015","0.0015","0.0015","0.006","0.01","0.002","0.0045","0.005","0.005","0.004","0.002","0.01","0.003","0.0035",""
"10-19-2025 04:00","1760846403","0.225","0.115","0.505","0.0135","0.1315","0.003","0.0035","0.0015","0.0015","0.0015","0.006","0.01","0.002","0.0045","0.005","0.005","0.004","0.002","0.01","0.003","0.0035",""
"10-19-2025 05:00","1760850003","0.225","0.115","0.505","0.0135","0.1315","0.003","0.0035","0.0015","0.0015","0.0015","0.0055","0.01","0.002","0.0035","0.0045","0.005","0.004","0.002","0.0095","0.003","0.0035",""
"10-19-2025 06:00","1760853604","0.225","0.115","0.505","0.0135","0.1315","0.003","0.0035","0.0015","0.0015","0.0015","0.006","0.0095","0.002","0.0035","0.005","0.005","0.004","0.002","0.0095","0.003","0.0035",""
"10-19-2025 07:00","1760857203","0.225","0.115","0.5","0.0135","0.1315","0.003","0.0035","0.0015","0.0015","0.0015","0.006","0.0095","0.002","0.0035","0.005","0.005","0.004","0.002","0.0095","0.003","0.0035",""
"10-19-2025 08:00","1760860803","0.225","0.115","0.5","0.0135","0.1315","0.003","0.0035","0.0015","0.0015","0.0015","0.006","0.01","0.002","0.0035","0.005","0.005","0.004","0.002","0.01","0.003","0.0035",""
"10-19-2025 09:00","1760864403","0.225","0.115","0.5","0.0135","0.1315","0.003","0.0035","0.0015","0.0015","0.0015","0.006","0.01","0.002","0.0035","0.005","0.005","0.004","0.002","0.01","0.003","0.004",""
"10-19-2025 10:00","1760868004","0.225","0.115","0.5","0.0135","0.1315","0.003","0.0035","0.0015","0.0015","0.0015","0.006","0.01","0.002","0.0035","0.005","0.005","0.004","0.002","0.01","0.003","0.004",""
"10-19-2025 11:00","1760871603","0.225","0.115","0.5","0.0135","0.131","0.003","0.0035","0.0015","0.0015","0.0015","0.006","0.0105","0.002","0.0035","0.005","0.005","0.004","0.002","0.0105","0.003","0.004",""
"10-19-2025 12:00","1760875205","0.22","0.115","0.5","0.0135","0.131","0.003","0.0035","0.0015","0.0015","0.0015","0.006","0.0105","0.002","0.004","0.005","0.005","0.004","0.002","0.0105","0.003","0.004",""
"10-19-2025 13:00","1760878803","0.22","0.115","0.5","0.0135","0.131","0.003","0.0035","0.0015","0.0015","0.0015","0.006","0.0105","0.002","0.0035","0.005","0.005","0.004","0.002","0.0105","0.003","0.004",""
"10-19-2025 14:00","1760882404","0.22","0.115","0.5","0.0135","0.131","0.003","0.0035","0.0015","0.0015","0.0015","0.006","0.0105","0.002","0.004","0.005","0.005","0.004","0.002","0.0105","0.003","0.004",""
"10-19-2025 15:00","1760886006","0.22","0.115","0.5","0.0135","0.131","0.003","0.0035","0.0015","0.0015","0.0015","0.0055","0.01","0.002","0.004","0.0045","0.0045","0.0035","0.002","0.01","0.003","0.004",""
"10-19-2025 16:00","1760889605","0.22","0.115","0.505","0.0135","0.131","0.003","0.0035","0.0015","0.0015","0.0015","0.006","0.0105","0.002","0.004","0.005","0.005","0.004","0.002","0.0105","0.003","0.004",""
"10-19-2025 17:00","1760893206","0.22","0.115","0.505","0.0135","0.131","0.003","0.0035","0.0015","0.0015","0.0015","0.006","0.01","0.002","0.004","0.005","0.005","0.004","0.002","0.01","0.003","0.004",""
"10-19-2025 18:00","1760896803","0.22","0.115","0.505","0.0135","0.131","0.003","0.0035","0.0015","0.0015","0.0015","0.006","0.01","0.002","0.0035","0.005","0.005","0.004","0.002","0.01","0.003","0.004",""
"10-19-2025 19:00","1760900404","0.22","0.115","0.5","0.0135","0.131","0.003","0.0035","0.0015","0.0015","0.0015","0.006","0.01","0.002","0.004","0.005","0.005","0.004","0.002","0.01","0.003","0.004",""
"10-19-2025 20:00","1760904003","0.22","0.115","0.5","0.0135","0.131","0.003","0.0035","0.0015","0.0015","0.0015","0.006","0.01","0.002","0.004","0.005","0.005","0.004","0.002","0.01","0.003","0.004",""
"10-19-2025 21:00","1760907605","0.22","0.115","0.5","0.0135","0.131","0.003","0.0035","0.0015","0.0015","0.0015","0.006","0.0105","0.002","0.0035","0.0055","0.0055","0.0045","0.002","0.0105","0.003","0.004",""
"10-19-2025 22:00","1760911204","0.22","0.115","0.505","0.0135","0.131","0.003","0.0035","0.0015","0.0015","0.0015","0.006","0.01","0.0045","0.0035","0.0055","0.0055","0.0045","0.009","0.0095","0.003","0.0055",""
"10-19-2025 23:00","1760914804","0.205","0.115","0.51","0.0135","0.126","0.003","0.0035","0.0015","0.0015","0.0015","0.006","0.0105","0.0025","0.0035","0.0055","0.0055","0.0045","0.006","0.0105","0.003","0.0055",""
"10-20-2025 00:00","1760918405","0.205","0.115","0.525","0.0135","0.1175","0.003","0.0035","0.0015","0.0015","0.0015","0.006","0.0105","0.002","0.004","0.0055","0.0055","0.0045","0.004","0.0105","0.003","0.0055",""
"10-20-2025 01:00","1760922003","0.205","0.115","0.525","0.0135","0.119","0.003","0.0035","0.0015","0.0015","0.0015","0.006","0.0105","0.002","0.004","0.0055","0.0055","0.0045","0.0025","0.0105","0.003","0.0055",""
"10-20-2025 02:00","1760925603","0.205","0.115","0.525","0.0135","0.119","0.003","0.0035","0.0015","0.0015","0.0015","0.006","0.0105","0.002","0.004","0.0055","0.0055","0.0045","0.002","0.0105","0.003","0.0055",""
"10-20-2025 03:00","1760929203","0.205","0.115","0.525","0.0135","0.119","0.003","0.0035","0.0015","0.0015","0.0015","0.006","0.0105","0.002","0.004","0.0055","0.0055","0.0045","0.002","0.0105","0.003","0.0055",""
"10-20-2025 04:00","1760932803","0.205","0.115","0.525","0.0135","0.119","0.003","0.0035","0.0015","0.0015","0.0015","0.006","0.0105","0.002","0.004","0.0055","0.0055","0.0045","0.002","0.0105","0.003","0.0055",""
"10-20-2025 05:00","1760936405","0.205","0.115","0.525","0.0135","0.1185","0.003","0.0035","0.0015","0.0015","0.0015","0.006","0.0105","0.002","0.004","0.0055","0.0055","0.0045","0.002","0.0105","0.003","0.0055",""
"10-20-2025 06:00","1760940003","0.205","0.115","0.525","0.0135","0.1195","0.003","0.0035","0.0015","0.0015","0.0015","0.006","0.0105","0.002","0.004","0.0055","0.0055","0.0045","0.002","0.0105","0.003","0.0055",""
"10-20-2025 07:00","1760943603","0.205","0.115","0.525","0.0135","0.1205","0.003","0.0035","0.0015","0.0015","0.0015","0.006","0.0105","0.002","0.004","0.0055","0.0055","0.0045","0.002","0.0105","0.003","0.0055",""
"10-20-2025 08:00","1760947203","0.21","0.115","0.52","0.0135","0.1195","0.003","0.0035","0.0015","0.012","0.0015","0.0055","0.01","0.002","0.0025","0.005","0.005","0.004","0.002","0.01","0.003","0.0055",""
"10-20-2025 09:00","1760950803","0.21","0.115","0.53","0.0135","0.1195","0.003","0.0035","0.0015","0.012","0.0015","0.0055","0.009","0.002","0.0025","0.005","0.005","0.004","0.002","0.0105","0.003","0.0055",""
"10-20-2025 10:00","1760954404","0.215","0.13","0.52","0.0135","0.111","0.003","0.0025","0.0015","0.011","0.0015","0.003","0.01","0.0045","0.0025","0.004","0.004","0.004","0.0035","0.006","0.0025","0.0055",""
"10-20-2025 11:00","1760958005","0.215","0.13","0.525","0.0135","0.1125","0.003","0.0025","0.0015","0.0105","0.0015","0.0055","0.0095","0.004","0.002","0.0035","0.0035","0.0035","0.0095","0.0055","0.0025","0.0055",""
"10-20-2025 12:00","1760961605","0.215","0.12","0.525","0.0135","0.1075","0.003","0.0025","0.0015","0.015","0.0015","0.004","0.01","0.0045","0.002","0.004","0.004","0.0035","0.0055","0.006","0.0025","0.0055",""
"10-20-2025 13:00","1760965203","0.215","0.125","0.525","0.0135","0.108","0.0025","0.0025","0.0015","0.014","0.0015","0.004","0.0075","0.004","0.002","0.004","0.004","0.002","0.004","0.006","0.0025","0.004",""
"10-20-2025 14:00","1760968803","0.215","0.125","0.52","0.0135","0.109","0.0025","0.0025","0.0015","0.015","0.0015","0.003","0.01","0.0045","0.0015","0.0035","0.0035","0.002","0.004","0.006","0.0025","0.004",""
"10-20-2025 15:00","1760972403","0.215","0.125","0.52","0.0135","0.1085","0.0025","0.0025","0.0015","0.015","0.0015","0.003","0.0095","0.0045","0.0015","0.0035","0.0035","0.002","0.0065","0.006","0.0025","0.004",""
"10-20-2025 16:00","1760976003","0.21","0.13","0.525","0.0135","0.113","0.0025","0.0025","0.0015","0.015","0.0015","0.003","0.01","0.0045","0.002","0.004","0.0035","0.002","0.0035","0.006","0.0025","0.004",""
"10-20-2025 17:00","1760979604","0.21","0.13","0.53","0.0135","0.115","0.0025","0.0025","0.0015","0.015","0.0015","0.003","0.0095","0.0045","0.002","0.004","0.0035","0.002","0.005","0.006","0.0025","0.004",""
"10-20-2025 18:00","1760983204","0.21","0.13","0.53","0.0135","0.111","0.0025","0.0025","0.0015","0.015","0.0015","0.003","0.01","0.0045","0.0015","0.004","0.004","0.002","0.004","0.006","0.0025","0.004",""
"10-20-2025 19:00","1760986803","0.21","0.13","0.53","0.0135","0.113","0.0025","0.0025","0.0015","0.015","0.0015","0.003","0.009","0.0045","0.0015","0.0035","0.0035","0.002","0.0035","0.006","0.0025","0.004",""
"10-20-2025 20:00","1760990404","0.21","0.13","0.53","0.0135","0.1055","0.0025","0.0025","0.0015","0.0145","0.0015","0.004","0.0085","0.0045","0.002","0.0035","0.0035","0.002","0.0035","0.0055","0.0025","0.004",""
"10-20-2025 21:00","1760994006","0.21","0.175","0.515","0.01","0.0835","0.0025","0.003","0.0015","0.009","0.0015","0.003","0.0085","0.0045","0.002","0.004","0.004","0.002","0.0035","0.005","0.0025","0.0045",""
"10-20-2025 22:00","1760997603","0.21","0.17","0.515","0.0105","0.089","0.0025","0.002","0.0015","0.008","0.0015","0.0025","0.0075","0.0045","0.002","0.004","0.0035","0.002","0.004","0.0055","0.0025","0.004",""
"10-20-2025 23:00","1761001203","0.205","0.17","0.515","0.01","0.0885","0.0025","0.0015","0.0015","0.009","0.0015","0.002","0.0085","0.004","0.0015","0.003","0.003","0.0015","0.002","0.0015","0.0015","0.003",""
"10-21-2025 00:00","1761004803","0.21","0.175","0.52","0.01","0.0885","0.0025","0.0015","0.0015","0.008","0.0015","0.002","0.0085","0.0035","0.0015","0.003","0.003","0.0015","0.002","0.0015","0.0015","0.003",""
"10-21-2025 01:00","1761008403","0.205","0.165","0.525","0.01","0.0885","0.0025","0.0015","0.0015","0.005","0.0015","0.002","0.004","0.004","0.0015","0.003","0.003","0.0015","0.002","0.0015","0.0015","0.003",""
"10-21-2025 02:00","1761012005","0.21","0.155","0.53","0.012","0.088","0.0025","0.0015","0.0015","0.0045","0.0015","0.002","0.009","0.0035","0.0015","0.003","0.003","0.0015","0.002","0.0015","0.0015","0.003",""
"10-21-2025 03:00","1761015604","0.21","0.155","0.53","0.012","0.0895","0.0025","0.0015","0.0015","0.005","0.0015","0.002","0.0095","0.0035","0.0015","0.003","0.003","0.0015","0.002","0.0015","0.0015","0.003",""
"10-21-2025 04:00","1761019203","0.21","0.155","0.53","0.012","0.087","0.0025","0.0015","0.0015","0.005","0.0015","0.002","0.0095","0.0035","0.0015","0.003","0.003","0.0015","0.002","0.0015","0.0015","0.003",""
"10-21-2025 05:00","1761022805","0.21","0.165","0.53","0.012","0.0895","0.0025","0.0015","0.0015","0.005","0.0015","0.002","0.0095","0.004","0.0015","0.003","0.003","0.0015","0.002","0.0015","0.0015","0.003",""
"10-21-2025 06:00","1761026403","0.215","0.165","0.525","0.012","0.0835","0.0025","0.0015","0.0015","0.003","0.0015","0.002","0.003","0.0025","0.0015","0.0035","0.002","0.0015","0.002","0.0015","0.0015","0.003",""
"10-21-2025 07:00","1761030003","0.215","0.165","0.525","0.011","0.0825","0.0025","0.0015","0.0015","0.002","0.0015","0.0015","0.0025","0.003","0.0015","0.002","0.002","0.0015","0.002","0.0015","0.0015","0.003",""
"10-21-2025 08:00","1761033603","0.215","0.165","0.525","0.011","0.082","0.0025","0.0015","0.0015","0.002","0.0015","0.0015","0.0025","0.003","0.0015","0.002","0.002","0.0015","0.002","0.0015","0.0015","0.003",""
"10-21-2025 09:00","1761037208","0.215","0.165","0.525","0.011","0.0835","0.0025","0.0015","0.0015","0.002","0.0015","0.0015","0.0025","0.003","0.0015","0.002","0.002","0.0015","0.002","0.0015","0.0015","0.003",""
"10-21-2025 10:00","1761040804","0.215","0.165","0.525","0.011","0.0835","0.0025","0.0015","0.0015","0.002","0.0015","0.0015","0.0025","0.003","0.0015","0.002","0.002","0.0015","0.002","0.0015","0.0015","0.003",""
"10-21-2025 11:00","1761044403","0.215","0.165","0.525","0.011","0.0835","0.0025","0.0015","0.0015","0.002","0.0015","0.0015","0.0025","0.003","0.0015","0.002","0.002","0.0015","0.002","0.0015","0.0015","0.003",""
"10-21-2025 12:00","1761048005","0.215","0.16","0.53","0.011","0.0865","0.0025","0.0015","0.0015","0.002","0.0015","0.0015","0.0025","0.003","0.0015","0.002","0.0035","0.0015","0.002","0.0015","0.0015","0.003",""
"10-21-2025 13:00","1761051605","0.215","0.165","0.525","0.011","0.084","0.0025","0.0015","0.0015","0.002","0.0015","0.0015","0.0025","0.003","0.0015","0.002","0.0035","0.0015","0.002","0.0015","0.0015","0.003",""
"10-21-2025 14:00","1761055204","0.215","0.165","0.51","0.0105","0.088","0.0025","0.0015","0.0015","0.0015","0.0015","0.0015","0.0025","0.002","0.0015","0.002","0.0015","0.0015","0.002","0.0015","0.0015","0.003",""
"10-21-2025 15:00","1761058803","0.205","0.17","0.515","0.0105","0.0895","0.0025","0.0015","0.0015","0.0015","0.0015","0.0015","0.0025","0.002","0.0015","0.002","0.0015","0.0015","0.002","0.0015","0.0015","0.003",""
"10-21-2025 16:00","1761062403","0.205","0.17","0.515","0.0105","0.085","0.0025","0.0015","0.0015","0.0015","0.0015","0.0015","0.0025","0.002","0.0015","0.002","0.0015","0.0015","0.002","0.0015","0.0015","0.003",""
"10-21-2025 17:00","1761066004","0.205","0.17","0.515","0.0085","0.0885","0.0025","0.0015","0.0015","0.0015","0.0015","0.0015","0.0025","0.002","0.0015","0.002","0.0015","0.0015","0.002","0.0015","0.0015","0.003",""
"10-21-2025 18:00","1761069605","0.205","0.17","0.515","0.0085","0.0885","0.0025","0.0015","0.0015","0.0015","0.0015","0.0015","0.0025","0.002","0.0015","0.002","0.0015","0.0015","0.002","0.0015","0.0015","0.003",""
"10-21-2025 19:00","1761073203","0.205","0.17","0.515","0.0115","0.088","0.0025","0.0015","0.0015","0.0015","0.0015","0.0015","0.0025","0.002","0.0015","0.002","0.0025","0.0015","0.002","0.0015","0.0015","0.003",""
"10-21-2025 20:00","1761076803","0.205","0.17","0.515","0.012","0.093","0.0025","0.0015","0.0015","0.0015","0.0015","0.0015","0.0025","0.002","0.0015","0.002","0.0025","0.0015","0.002","0.0015","0.0015","0.003",""
"10-21-2025 21:00","1761080405","0.205","0.17","0.51","0.012","0.093","0.0025","0.0015","0.0015","0.0015","0.0015","0.0015","0.0025","0.002","0.0015","0.002","0.0025","0.0015","0.002","0.0015","0.0015","0.003",""
"10-21-2025 22:00","1761084003","0.205","0.17","0.51","0.011","0.093","0.0025","0.0015","0.0015","0.0015","0.0015","0.0015","0.0015","0.002","0.0015","0.002","0.0025","0.0015","0.002","0.0015","0.0015","0.003",""
"10-21-2025 23:00","1761087603","0.205","0.17","0.51","0.011","0.093","0.0025","0.0015","0.0015","0.0015","0.0015","0.0015","0.0015","0.002","0.0015","0.002","0.0025","0.0015","0.002","0.0015","0.0015","0.003",""
"10-22-2025 00:00","1761091203","0.205","0.17","0.51","0.011","0.093","0.0025","0.0015","0.0015","0.0015","0.0015","0.0015","0.0015","0.002","0.0015","0.002","0.0025","0.0015","0.002","0.0015","0.0015","0.003",""
"10-22-2025 01:00","1761094804","0.205","0.175","0.51","0.011","0.093","0.0025","0.0015","0.0015","0.0015","0.0015","0.0015","0.0015","0.002","0.0015","0.002","0.0025","0.0015","0.002","0.0015","0.0015","0.003",""
"10-22-2025 02:00","1761098403","0.205","0.175","0.51","0.0115","0.093","0.0025","0.0015","0.0015","0.0015","0.0015","0.0015","0.0015","0.002","0.0015","0.002","0.0025","0.0015","0.002","0.0015","0.0015","0.003",""
"10-22-2025 03:00","1761102003","0.205","0.175","0.52","0.011","0.093","0.0025","0.0015","0.0015","0.0015","0.0015","0.0015","0.0015","0.002","0.0015","0.002","0.0025","0.0015","0.002","0.0015","0.0015","0.003",""
"10-22-2025 04:00","1761105603","0.205","0.175","0.52","0.011","0.093","0.0025","0.0015","0.0015","0.0015","0.0015","0.0015","0.0015","0.002","0.0015","0.002","0.0025","0.0015","0.002","0.0015","0.0015","0.003",""
"10-22-2025 05:00","1761109203","0.205","0.175","0.52","0.011","0.093","0.0025","0.0015","0.0015","0.0015","0.0015","0.0015","0.0015","0.002","0.0015","0.002","0.0025","0.0015","0.002","0.0015","0.0015","0.003",""
"10-22-2025 06:00","1761112803","0.205","0.175","0.52","0.0105","0.093","0.0025","0.0015","0.0015","0.0015","0.0015","0.0015","0.0015","0.002","0.0015","0.002","0.0025","0.0015","0.002","0.0015","0.0015","0.003",""
"10-22-2025 07:00","1761116403","0.205","0.175","0.52","0.0105","0.093","0.0025","0.0015","0.0015","0.0015","0.0015","0.0015","0.002","0.002","0.0015","0.002","0.0025","0.0015","0.002","0.0015","0.0015","0.003",""
"10-22-2025 08:00","1761120003","0.205","0.175","0.52","0.01","0.091","0.0025","0.0015","0.0015","0.0015","0.0015","0.0015","0.002","0.002","0.0015","0.002","0.0025","0.0015","0.002","0.0015","0.0015","0.003",""
"10-22-2025 09:00","1761123603","0.205","0.175","0.52","0.0085","0.091","0.0025","0.0015","0.0015","0.0015","0.0015","0.0015","0.002","0.002","0.0015","0.002","0.0025","0.0015","0.002","0.0015","0.0015","0.003",""
"10-22-2025 10:00","1761127203","0.205","0.175","0.52","0.0105","0.09","0.0025","0.0015","0.0015","0.0015","0.0015","0.0015","0.002","0.002","0.0015","0.002","0.0025","0.0015","0.002","0.0015","0.0015","0.003",""
"10-22-2025 11:00","1761130803","0.205","0.175","0.52","0.01","0.09","0.0025","0.0015","0.0015","0.0015","0.0015","0.0015","0.002","0.002","0.0015","0.002","0.0025","0.0015","0.002","0.0015","0.0015","0.003",""
"10-22-2025 12:00","1761134404","0.205","0.175","0.52","0.01","0.09","0.0025","0.0015","0.0015","0.0015","0.0015","0.0015","0.002","0.002","0.0015","0.002","0.0025","0.0015","0.002","0.0015","0.0015","0.0035",""
"10-22-2025 13:00","1761138004","0.2","0.175","0.52","0.01","0.089","0.0025","0.0015","0.0015","0.0015","0.0015","0.0015","0.002","0.002","0.0015","0.002","0.0025","0.0015","0.002","0.0015","0.0015","0.0035",""
"10-22-2025 14:00","1761141604","0.2","0.175","0.52","0.0095","0.0885","0.0025","0.0015","0.0015","0.0015","0.0015","0.0015","0.002","0.002","0.0015","0.002","0.0025","0.0015","0.002","0.0015","0.0015","0.0035",""
"10-22-2025 15:00","1761145204","0.2","0.175","0.52","0.0095","0.089","0.0025","0.0015","0.0015","0.0015","0.0015","0.0015","0.002","0.002","0.0015","0.002","0.0025","0.0015","0.002","0.0015","0.0015","0.0035",""
"10-22-2025 16:00","1761148804","0.2","0.175","0.52","0.0095","0.089","0.0025","0.0015","0.0015","0.0015","0.0015","0.0015","0.002","0.002","0.0015","0.002","0.0025","0.0015","0.0015","0.0015","0.0015","0.0025",""
"10-22-2025 17:00","1761152404","0.2","0.175","0.52","0.01","0.089","0.0025","0.0015","0.0015","0.0015","0.0015","0.0015","0.0015","0.002","0.0015","0.002","0.0025","0.0015","0.0015","0.0015","0.0015","0.002",""
"10-22-2025 18:00","1761156004","0.2","0.175","0.52","0.01","0.09","0.0025","0.0015","0.0015","0.0015","0.0015","0.0015","0.0015","0.002","0.0015","0.002","0.0025","0.0015","0.0015","0.0015","0.0015","0.002",""
"10-22-2025 19:00","1761159604","0.2","0.135","0.52","0.01","0.09","0.0025","0.0015","0.0015","0.0015","0.0015","0.0015","0.002","0.002","0.0015","0.002","0.0025","0.0015","0.0015","0.0015","0.0015","0.002",""
"10-22-2025 20:00","1761163204","0.2","0.155","0.52","0.01","0.1045","0.0025","0.0015","0.0015","0.0015","0.0015","0.0015","0.002","0.002","0.0015","0.002","0.0025","0.0015","0.0015","0.0015","0.0015","0.002",""
"10-22-2025 21:00","1761166803","0.2","0.155","0.52","0.01","0.1035","0.0025","0.0015","0.0015","0.0015","0.0015","0.0015","0.002","0.002","0.0015","0.002","0.0025","0.0015","0.0015","0.0015","0.0015","0.002",""
"10-22-2025 22:00","1761170404","0.2","0.155","0.52","0.012","0.1035","0.0025","0.0015","0.0015","0.0015","0.0015","0.0015","0.002","0.002","0.0015","0.002","0.0025","0.0015","0.0015","0.0015","0.0015","0.002",""
"10-22-2025 23:00","1761174003","0.205","0.155","0.52","0.012","0.103","0.0025","0.0015","0.0015","0.0015","0.0015","0.0015","0.002","0.002","0.0015","0.002","0.0025","0.0015","0.0015","0.0015","0.0015","0.002",""
"10-23-2025 00:00","1761177605","0.205","0.155","0.52","0.0105","0.1085","0.0025","0.0015","0.0015","0.0015","0.0015","0.0015","0.002","0.002","0.0015","0.002","0.0025","0.0015","0.0015","0.0015","0.0015","0.002",""
"10-23-2025 01:00","1761181204","0.205","0.15","0.52","0.011","0.107","0.0025","0.0015","0.0015","0.0015","0.0015","0.0015","0.002","0.002","0.0015","0.002","0.0025","0.0015","0.0015","0.0015","0.0015","0.002",""
"10-23-2025 02:00","1761184804","0.205","0.155","0.52","0.012","0.109","0.0025","0.0015","0.0015","0.0015","0.0015","0.0015","0.002","0.002","0.0015","0.002","0.0025","0.0015","0.0015","0.0015","0.0015","0.002",""
"10-23-2025 03:00","1761188404","0.205","0.155","0.515","0.0105","0.1085","0.0025","0.0015","0.0015","0.0015","0.0015","0.0015","0.002","0.002","0.0015","0.002","0.0015","0.0015","0.0015","0.0015","0.0015","0.002",""
"10-23-2025 04:00","1761192004","0.205","0.155","0.515","0.0125","0.11","0.0025","0.0015","0.0015","0.0015","0.0015","0.0015","0.002","0.002","0.0015","0.002","0.0015","0.0015","0.0015","0.0015","0.0015","0.002",""
"10-23-2025 05:00","1761195603","0.205","0.155","0.515","0.012","0.1085","0.0025","0.0015","0.0015","0.0015","0.0015","0.0015","0.002","0.002","0.0015","0.002","0.0015","0.0015","0.0015","0.0015","0.0015","0.002",""
"10-23-2025 06:00","1761199205","0.205","0.145","0.51","0.012","0.103","0.0025","0.0015","0.0015","0.0015","0.0015","0.0015","0.002","0.002","0.0015","0.002","0.0015","0.0015","0.0015","0.0015","0.0015","0.002",""
"10-23-2025 07:00","1761202803","0.205","0.135","0.51","0.012","0.1035","0.0025","0.0015","0.0015","0.0015","0.0015","0.0015","0.002","0.002","0.0015","0.002","0.0015","0.0015","0.0015","0.0015","0.0015","0.002",""
"10-23-2025 08:00","1761206403","0.205","0.14","0.51","0.012","0.1095","0.0025","0.0015","0.0015","0.0015","0.0015","0.0015","0.002","0.002","0.0015","0.002","0.0015","0.0015","0.0015","0.0015","0.0015","0.002",""
"10-23-2025 09:00","1761210004","0.205","0.155","0.51","0.012","0.1085","0.0025","0.0015","0.0015","0.0015","0.0015","0.0015","0.002","0.002","0.0015","0.002","0.0015","0.0015","0.0015","0.0015","0.0015","0.002",""
"10-23-2025 10:00","1761213604","0.205","0.155","0.51","0.0115","0.1075","0.0025","0.0015","0.0015","0.0015","0.0015","0.0015","0.002","0.002","0.0015","0.002","0.0015","0.0015","0.0015","0.0015","0.0015","0.002",""
"10-23-2025 11:00","1761217204","0.205","0.155","0.51","0.011","0.108","0.0025","0.0015","0.0015","0.0015","0.0015","0.0015","0.002","0.002","0.0015","0.002","0.0015","0.0015","0.0015","0.0015","0.0015","0.002",""
"10-23-2025 12:00","1761220804","0.205","0.15","0.51","0.011","0.107","0.0025","0.0015","0.0015","0.0015","0.0015","0.0015","0.002","0.002","0.0015","0.002","0.0015","0.0015","0.0015","0.0015","0.0015","0.002",""
"10-23-2025 13:00","1761224404","0.205","0.145","0.51","0.011","0.107","0.0025","0.0015","0.0015","0.0015","0.0015","0.0015","0.002","0.002","0.0015","0.002","0.0015","0.0015","0.0015","0.0015","0.0015","0.002",""
"10-23-2025 14:00","1761228033","0.205","0.145","0.51","0.0115","0.1075","0.0025","0.0015","0.0015","0.0015","0.0015","0.0015","0.002","0.002","0.0015","0.002","0.0015","0.0015","0.0015","0.0015","0.0015","0.002",""
"10-23-2025 15:00","1761231603","0.205","0.14","0.51","0.0115","0.1075","0.0025","0.0015","0.0015","0.0015","0.0015","0.0015","0.002","0.002","0.0015","0.002","0.0015","0.0015","0.0015","0.0015","0.0015","0.002",""
"10-23-2025 16:00","1761235204","0.205","0.14","0.51","0.011","0.107","0.0025","0.0015","0.0015","0.0015","0.0015","0.0015","0.002","0.002","0.0015","0.002","0.0015","0.0015","0.0015","0.0015","0.0015","0.002",""
"10-23-2025 17:00","1761238804","0.205","0.145","0.51","0.011","0.106","0.0025","0.0015","0.0015","0.0015","0.0015","0.0015","0.002","0.002","0.0015","0.002","0.0015","0.0015","0.0015","0.0015","0.0015","0.002",""
"10-23-2025 18:00","1761242404","0.205","0.145","0.51","0.011","0.115","0.0025","0.0015","0.0015","0.0015","0.0015","0.0015","0.002","0.002","0.0015","0.002","0.0015","0.0015","0.0015","0.0015","0.0015","0.002",""
"10-23-2025 19:00","1761246004","0.205","0.145","0.51","0.0115","0.1075","0.0025","0.0015","0.0015","0.0015","0.0015","0.0015","0.002","0.002","0.0015","0.002","0.0015","0.0015","0.0015","0.0015","0.0015","0.002",""
"10-23-2025 20:00","1761249604","0.205","0.145","0.51","0.015","0.107","0.0025","0.0015","0.0015","0.0015","0.0015","0.0015","0.002","0.002","0.0015","0.002","0.0015","0.0015","0.0015","0.0015","0.0015","0.002",""
"10-23-2025 21:00","1761253204","0.205","0.145","0.51","0.011","0.1075","0.0025","0.0015","0.0015","0.0015","0.0015","0.0015","0.002","0.002","0.0015","0.002","0.0015","0.0015","0.0015","0.0015","0.0015","0.002",""
"10-23-2025 22:00","1761256804","0.205","0.145","0.51","0.011","0.1075","0.0025","0.0015","0.0015","0.0015","0.0015","0.0015","0.002","0.002","0.0015","0.002","0.0015","0.0015","0.0015","0.0015","0.0015","0.002",""
"10-23-2025 23:00","1761260404","0.205","0.145","0.51","0.011","0.1075","0.0025","0.005","0.0015","0.0015","0.0015","0.0015","0.002","0.002","0.0015","0.002","0.0015","0.0015","0.0015","0.0015","0.0015","0.002",""
"10-24-2025 00:00","1761264004","0.205","0.145","0.51","0.0105","0.1075","0.0025","0.005","0.0015","0.0015","0.0015","0.0015","0.002","0.002","0.0015","0.002","0.0015","0.0015","0.0015","0.0015","0.0015","0.002",""
"10-24-2025 01:00","1761267604","0.205","0.145","0.51","0.011","0.107","0.0025","0.005","0.0015","0.0015","0.0015","0.0015","0.002","0.002","0.0015","0.002","0.0015","0.0015","0.0015","0.0015","0.0015","0.002",""
"10-24-2025 02:00","1761271204","0.205","0.145","0.51","0.011","0.107","0.0025","0.005","0.0015","0.0015","0.0015","0.0015","0.002","0.002","0.0015","0.002","0.0015","0.0015","0.0015","0.0015","0.0015","0.002",""
"10-24-2025 03:00","1761274804","0.205","0.145","0.51","0.011","0.1075","0.0025","0.005","0.0015","0.0015","0.0015","0.0015","0.002","0.002","0.0015","0.002","0.0015","0.0015","0.0015","0.0015","0.0015","0.002",""
"10-24-2025 04:00","1761278404","0.205","0.145","0.51","0.011","0.1075","0.0025","0.005","0.0015","0.0015","0.0015","0.0015","0.002","0.002","0.0015","0.002","0.0015","0.0015","0.0015","0.0015","0.0015","0.002",""
"10-24-2025 05:00","1761282004","0.205","0.145","0.51","0.0105","0.107","0.0025","0.005","0.0015","0.0015","0.0015","0.0015","0.002","0.002","0.0015","0.002","0.0015","0.0015","0.0015","0.0015","0.0015","0.002",""
"10-24-2025 06:00","1761285604","0.205","0.145","0.51","0.011","0.1075","0.0025","0.005","0.0015","0.0015","0.0015","0.0015","0.002","0.002","0.0015","0.002","0.0015","0.0015","0.0015","0.0015","0.0015","0.002",""
"10-24-2025 07:00","1761289204","0.205","0.145","0.51","0.011","0.107","0.0025","0.005","0.0015","0.0015","0.0015","0.0015","0.002","0.002","0.0015","0.002","0.0015","0.0015","0.0015","0.0015","0.0015","0.002",""
"10-24-2025 08:00","1761292804","0.205","0.145","0.51","0.011","0.107","0.0025","0.005","0.0015","0.0015","0.0015","0.0015","0.002","0.002","0.0015","0.002","0.0015","0.0015","0.0015","0.0015","0.0015","0.002",""
"10-24-2025 09:00","1761296404","0.205","0.145","0.51","0.011","0.101","0.0025","0.005","0.0015","0.0015","0.0015","0.0015","0.002","0.002","0.0015","0.002","0.0015","0.0015","0.0015","0.0015","0.0015","0.002",""
"10-24-2025 10:00","1761300004","0.205","0.145","0.51","0.011","0.101","0.0025","0.005","0.0015","0.0015","0.0015","0.0015","0.002","0.002","0.0015","0.002","0.0015","0.0015","0.0015","0.0015","0.0015","0.002",""
"10-24-2025 11:00","1761303604","0.205","0.145","0.51","0.011","0.101","0.0025","0.0055","0.0015","0.0015","0.0015","0.0015","0.002","0.002","0.0015","0.002","0.0015","0.0015","0.0015","0.0015","0.0015","0.002",""
"10-24-2025 12:00","1761307204","0.205","0.145","0.51","0.011","0.101","0.0025","0.005","0.0015","0.0015","0.0015","0.0015","0.002","0.002","0.0015","0.002","0.0015","0.0015","0.0015","0.0015","0.0015","0.002",""
"10-24-2025 13:00","1761310804","0.205","0.145","0.51","0.011","0.101","0.0025","0.0055","0.0015","0.0015","0.0015","0.0015","0.002","0.002","0.0015","0.002","0.0015","0.0015","0.0015","0.0015","0.0015","0.002",""
"10-24-2025 14:00","1761314405","0.205","0.145","0.51","0.011","0.101","0.0025","0.0055","0.0015","0.0015","0.0015","0.0015","0.002","0.002","0.0015","0.002","0.0015","0.0015","0.0015","0.0015","0.0015","0.002",""
"10-24-2025 15:00","1761318004","0.205","0.145","0.51","0.011","0.101","0.0025","0.0055","0.0015","0.0015","0.0015","0.0015","0.002","0.002","0.0015","0.002","0.0015","0.0015","0.0015","0.0015","0.0015","0.002",""
"10-24-2025 16:00","1761321604","0.205","0.145","0.51","0.011","0.101","0.0025","0.005","0.0015","0.0015","0.0015","0.0015","0.002","0.002","0.0015","0.002","0.0015","0.0015","0.0015","0.0015","0.0015","0.002",""
"10-24-2025 17:00","1761325204","0.205","0.145","0.51","0.011","0.101","0.0025","0.0055","0.0015","0.0015","0.0015","0.0015","0.002","0.002","0.0015","0.002","0.0015","0.0015","0.0015","0.0015","0.0015","0.0035",""
"10-24-2025 18:00","1761328804","0.205","0.145","0.51","0.011","0.101","0.0025","0.0055","0.0015","0.0015","0.0015","0.0015","0.002","0.002","0.0015","0.002","0.0015","0.0015","0.0015","0.0015","0.0015","0.003",""
"10-24-2025 19:00","1761332404","0.205","0.145","0.51","0.011","0.101","0.0025","0.0055","0.0015","0.0015","0.0015","0.0015","0.002","0.002","0.0015","0.002","0.0015","0.0015","0.0015","0.0015","0.0015","0.003",""
"10-24-2025 20:00","1761336004","0.215","0.145","0.51","0.011","0.1035","0.0025","0.0055","0.0015","0.0015","0.0015","0.0015","0.002","0.002","0.0015","0.002","0.0015","0.0015","0.0015","0.0015","0.0015","0.002",""
"10-24-2025 21:00","1761339605","0.215","0.145","0.51","0.011","0.105","0.0025","0.0055","0.0015","0.0015","0.0015","0.0015","0.002","0.002","0.0015","0.002","0.0015","0.0015","0.0015","0.0015","0.0015","0.0035",""
"10-24-2025 22:00","1761343204","0.215","0.145","0.51","0.011","0.103","0.0025","0.0055","0.0015","0.0015","0.0015","0.0015","0.002","0.002","0.0015","0.002","0.0015","0.0015","0.0015","0.0015","0.0015","0.0035",""
"10-24-2025 23:00","1761346804","0.215","0.145","0.51","0.011","0.092","0.0025","0.0055","0.0015","0.0015","0.0015","0.0015","0.002","0.002","0.0015","0.002","0.0015","0.0015","0.0015","0.0015","0.0015","0.0035",""
"10-25-2025 00:00","1761350405","0.215","0.145","0.51","0.011","0.092","0.0025","0.0055","0.0015","0.0015","0.0015","0.0015","0.002","0.002","0.0015","0.002","0.0015","0.0015","0.0015","0.0015","0.0015","0.0035",""
"10-25-2025 01:00","1761354004","0.215","0.145","0.51","0.011","0.0925","0.0025","0.0055","0.0015","0.0015","0.0015","0.0015","0.002","0.002","0.0015","0.002","0.0015","0.0015","0.0015","0.0015","0.0015","0.0035",""
"10-25-2025 02:00","1761357604","0.215","0.145","0.51","0.011","0.0915","0.0025","0.0055","0.0015","0.0015","0.0015","0.0015","0.002","0.002","0.0015","0.002","0.0015","0.0015","0.0015","0.0015","0.0015","0.0035",""
"10-25-2025 03:00","1761361204","0.215","0.145","0.51","0.011","0.0895","0.0025","0.0055","0.0015","0.0015","0.0015","0.0015","0.002","0.002","0.0015","0.002","0.0015","0.0015","0.0015","0.0015","0.0015","0.0035",""
"10-25-2025 04:00","1761364804","0.215","0.145","0.51","0.011","0.0925","0.0025","0.0055","0.0015","0.0015","0.0015","0.0015","0.002","0.002","0.0015","0.002","0.0015","0.0015","0.0015","0.0015","0.0015","0.0035",""
"10-25-2025 05:00","1761368404","0.215","0.145","0.51","0.011","0.092","0.0025","0.0055","0.0015","0.0015","0.0015","0.0015","0.002","0.002","0.0015","0.002","0.0015","0.0015","0.0015","0.0015","0.0015","0.0035",""
"10-25-2025 06:00","1761372004","0.215","0.145","0.51","0.011","0.0905","0.0025","0.0055","0.0015","0.0015","0.0015","0.0015","0.002","0.002","0.0015","0.002","0.0015","0.0015","0.0015","0.0015","0.0015","0.0035",""
"10-25-2025 07:00","1761375604","0.215","0.145","0.51","0.011","0.09","0.0025","0.0055","0.0015","0.0015","0.0015","0.0015","0.002","0.002","0.0015","0.002","0.0015","0.0015","0.0015","0.0015","0.0015","0.0035",""
"10-25-2025 08:00","1761379204","0.215","0.145","0.51","0.011","0.0895","0.0025","0.0055","0.0015","0.0015","0.0015","0.0015","0.002","0.002","0.0015","0.002","0.0015","0.0015","0.0015","0.0015","0.0015","0.0035",""
"10-25-2025 09:00","1761382804","0.22","0.145","0.515","0.0105","0.0895","0.0025","0.0055","0.0015","0.0015","0.0015","0.0015","0.002","0.002","0.0015","0.002","0.0015","0.0015","0.0015","0.0015","0.0015","0.0035",""
"10-25-2025 10:00","1761386404","0.215","0.145","0.515","0.0105","0.0895","0.0025","0.0055","0.0015","0.0015","0.0015","0.0015","0.002","0.002","0.0015","0.002","0.0015","0.0015","0.0015","0.0015","0.0015","0.0035",""
"10-25-2025 11:00","1761390004","0.215","0.145","0.515","0.01","0.0855","0.0025","0.005","0.0015","0.0015","0.0015","0.0015","0.002","0.002","0.0015","0.002","0.0015","0.0015","0.0015","0.0015","0.0015","0.0035",""
"10-25-2025 12:00","1761393604","0.22","0.15","0.52","0.0105","0.0905","0.0025","0.0055","0.0015","0.0015","0.0015","0.0015","0.002","0.002","0.0015","0.002","0.0015","0.0015","0.0015","0.0015","0.0015","0.0035",""
"10-25-2025 13:00","1761397204","0.22","0.15","0.52","0.0105","0.089","0.0025","0.0055","0.0015","0.0015","0.0015","0.0015","0.002","0.002","0.0015","0.002","0.0015","0.0015","0.0015","0.0015","0.0015","0.0035",""
"10-25-2025 14:00","1761400804","0.22","0.15","0.52","0.0105","0.0855","0.0025","0.0055","0.0015","0.0015","0.0015","0.0015","0.002","0.002","0.0015","0.002","0.0015","0.0015","0.0015","0.0015","0.0015","0.0035",""
"10-25-2025 15:00","1761404404","0.22","0.15","0.52","0.0105","0.0665","0.0025","0.0025","0.0015","0.0015","0.0015","0.0015","0.002","0.002","0.0015","0.002","0.0015","0.0015","0.0015","0.0015","0.0015","0.0015",""
"10-25-2025 16:00","1761408004","0.22","0.15","0.525","0.0105","0.0645","0.0025","0.0025","0.0015","0.0015","0.0015","0.0015","0.002","0.002","0.0015","0.002","0.0015","0.0015","0.0015","0.0015","0.0015","0.0015",""
"10-25-2025 17:00","1761411604","0.22","0.15","0.525","0.0105","0.072","0.0025","0.0025","0.0015","0.0015","0.0015","0.0015","0.002","0.002","0.0015","0.002","0.0015","0.0015","0.0015","0.0015","0.0015","0.0015",""
"10-25-2025 18:00","1761415205","0.225","0.15","0.53","0.01","0.076","0.0025","0.0025","0.0015","0.0015","0.0015","0.0015","0.002","0.002","0.0015","0.002","0.0015","0.0015","0.0015","0.0015","0.0015","0.0015",""
"10-25-2025 19:00","1761418804","0.225","0.15","0.53","0.01","0.0705","0.0025","0.0025","0.0015","0.0015","0.0015","0.0015","0.002","0.002","0.0015","0.002","0.0015","0.0015","0.0015","0.0015","0.0015","0.0015",""
"10-25-2025 20:00","1761422404","0.225","0.15","0.53","0.0105","0.073","0.0025","0.0025","0.0015","0.0015","0.0015","0.0015","0.002","0.002","0.0015","0.002","0.0015","0.0015","0.0015","0.0015","0.0015","0.0015",""
"10-25-2025 21:00","1761426005","0.23","0.16","0.53","0.0105","0.075","0.0025","0.0025","0.0015","0.0015","0.0015","0.0015","0.002","0.002","0.0015","0.002","0.0015","0.0015","0.0015","0.0015","0.0015","0.0015",""
"10-25-2025 22:00","1761429604","0.23","0.16","0.53","0.0105","0.0755","0.0025","0.0025","0.0015","0.0015","0.0015","0.0015","0.002","0.002","0.0015","0.002","0.0015","0.0015","0.0015","0.0015","0.0015","0.0015",""
"10-25-2025 23:00","1761433205","0.23","0.16","0.53","0.0105","0.082","0.0025","0.0025","0.0015","0.0015","0.0015","0.0015","0.002","0.002","0.0015","0.002","0.0015","0.0015","0.0015","0.0015","0.0015","0.0015",""
"10-26-2025 00:00","1761436804","0.23","0.16","0.53","0.0105","0.082","0.0025","0.0025","0.0015","0.0015","0.0015","0.0015","0.002","0.002","0.0015","0.002","0.0015","0.0015","0.0015","0.0015","0.0015","0.0015",""
"10-26-2025 00:00","1761436803","0.225","0.155","0.53","0.011","0.082","0.0025","0.0025","0.0015","0.0015","0.0015","0.0015","0.002","0.002","0.0015","0.002","0.0015","0.0015","0.0015","0.0015","0.0015","0.0015",""
"10-26-2025 02:00","1761444004","0.225","0.155","0.53","0.011","0.082","0.0025","0.0025","0.0015","0.0015","0.0015","0.0015","0.002","0.002","0.0015","0.002","0.0015","0.0015","0.0015","0.0015","0.0015","0.0015",""
"10-26-2025 03:00","1761447603","0.225","0.155","0.53","0.011","0.082","0.0025","0.0025","0.0015","0.0015","0.0015","0.0015","0.002","0.002","0.0015","0.002","0.0015","0.0015","0.0015","0.0015","0.0015","0.0015",""
"10-26-2025 04:00","1761451203","0.225","0.155","0.53","0.011","0.082","0.0025","0.0025","0.0015","0.0015","0.0015","0.0015","0.002","0.002","0.0015","0.002","0.0015","0.0015","0.0015","0.0015","0.0015","0.0015",""
"10-26-2025 05:00","1761454803","0.225","0.155","0.53","0.011","0.082","0.0025","0.0025","0.0015","0.0015","0.0015","0.0015","0.002","0.002","0.0015","0.002","0.0015","0.0015","0.0015","0.0015","0.0015","0.0015",""
"10-26-2025 06:00","1761458403","0.225","0.155","0.53","0.011","0.082","0.0025","0.0025","0.0015","0.0015","0.0015","0.0015","0.002","0.002","0.0015","0.002","0.0015","0.0015","0.0015","0.0015","0.0015","0.0015",""
"10-26-2025 07:00","1761462003","0.225","0.155","0.53","0.011","0.082","0.0025","0.0025","0.0015","0.0015","0.0015","0.0015","0.002","0.002","0.0015","0.002","0.0015","0.0015","0.0015","0.0015","0.0015","0.0015",""
"10-26-2025 08:00","1761465604","0.23","0.155","0.53","0.011","0.082","0.0025","0.0025","0.0015","0.0015","0.0015","0.0015","0.002","0.002","0.0015","0.002","0.0015","0.0015","0.0015","0.0015","0.0015","0.0015",""
"10-26-2025 09:00","1761469203","0.23","0.155","0.53","0.011","0.081","0.0025","0.0025","0.0015","0.0015","0.0015","0.0015","0.002","0.002","0.0015","0.002","0.0015","0.0015","0.0015","0.0015","0.0015","0.0015",""
"10-26-2025 10:00","1761472804","0.23","0.155","0.53","0.011","0.081","0.0025","0.0025","0.0015","0.0015","0.0015","0.0015","0.002","0.002","0.0015","0.002","0.0015","0.0015","0.0015","0.0015","0.0015","0.0015",""
"10-26-2025 11:00","1761476404","0.23","0.155","0.525","0.011","0.0915","0.0025","0.0025","0.0015","0.0015","0.0015","0.0015","0.002","0.002","0.0015","0.002","0.0015","0.0015","0.0015","0.0015","0.0015","0.0015",""
"10-26-2025 12:00","1761480004","0.235","0.15","0.53","0.011","0.078","0.0025","0.0025","0.0015","0.0015","0.0015","0.0015","0.002","0.002","0.0015","0.002","0.0015","0.0015","0.0015","0.0015","0.0015","0.0015",""
"10-26-2025 13:00","1761483604","0.235","0.15","0.53","0.011","0.0775","0.0025","0.0025","0.0015","0.0015","0.0015","0.0015","0.002","0.002","0.0015","0.002","0.0015","0.0015","0.0015","0.0015","0.0015","0.0015",""
"10-26-2025 14:00","1761487204","0.235","0.15","0.53","0.011","0.0775","0.0025","0.0025","0.0015","0.0015","0.0015","0.0015","0.0015","0.0015","0.0015","0.0015","0.0015","0.0015","0.0015","0.0015","0.0015","0.0015",""
"10-26-2025 15:00","1761490804","0.235","0.15","0.53","0.011","0.0775","0.0025","0.0025","0.0015","0.0015","0.0015","0.0015","0.0015","0.0015","0.0015","0.0015","0.0015","0.0015","0.0015","0.0015","0.0015","0.0015",""
"10-26-2025 16:00","1761494404","0.23","0.155","0.53","0.0115","0.078","0.0025","0.0025","0.0015","0.0015","0.0015","0.0015","0.0015","0.0015","0.0015","0.0015","0.0015","0.0015","0.0015","0.0015","0.0015","0.0015",""
"10-26-2025 17:00","1761498004","0.23","0.155","0.525","0.0115","0.09","0.0025","0.0025","0.0015","0.0015","0.0015","0.0015","0.0015","0.0015","0.0015","0.0015","0.0015","0.0015","0.0015","0.0015","0.0015","0.0015",""
"10-26-2025 18:00","1761501604","0.235","0.15","0.525","0.0115","0.0805","0.0025","0.0025","0.0015","0.0015","0.0015","0.0015","0.0015","0.0015","0.0015","0.0015","0.0015","0.0015","0.0015","0.0015","0.0015","0.0015",""
"10-26-2025 19:00","1761505204","0.235","0.15","0.525","0.0115","0.08","0.0025","0.0025","0.0015","0.0015","0.0015","0.0015","0.0015","0.0015","0.0015","0.0015","0.0015","0.0015","0.0015","0.0015","0.0015","0.0015",""
"10-26-2025 20:00","1761508803","0.235","0.15","0.525","0.0115","0.0805","0.0025","0.0025","0.0015","0.0015","0.0015","0.0015","0.0015","0.0015","0.0015","0.0015","0.0015","0.0015","0.0015","0.0015","0.0015","0.0015",""
"10-26-2025 21:00","1761512404","0.235","0.15","0.525","0.011","0.08","0.0025","0.0025","0.0015","0.0015","0.0015","0.0015","0.0015","0.0015","0.0015","0.0015","0.0015","0.0015","0.0015","0.0015","0.0015","0.0015",""
"10-26-2025 22:00","1761516004","0.235","0.15","0.53","0.0115","0.08","0.0025","0.0025","0.0015","0.0015","0.0015","0.0015","0.0015","0.0015","0.0015","0.0015","0.0015","0.0015","0.0015","0.0015","0.0015","0.0015",""
"10-26-2025 23:00","1761519603","0.23","0.145","0.53","0.011","0.083","0.0025","0.0025","0.0015","0.0015","0.0015","0.0015","0.0015","0.0015","0.0015","0.0015","0.0015","0.0015","0.0015","0.0015","0.0015","0.0015",""
"10-27-2025 00:00","1761523204","0.23","0.145","0.53","0.0115","0.084","0.0025","0.0025","0.0015","0.0015","0.0015","0.0015","0.0015","0.0015","0.0015","0.0015","0.0015","0.0015","0.0015","0.0015","0.0015","0.0015",""
"10-27-2025 01:00","1761526804","0.23","0.145","0.53","0.0115","0.084","0.0025","0.0025","0.0015","0.0015","0.0015","0.0015","0.0015","0.0015","0.0015","0.0015","0.0015","0.0015","0.0015","0.0015","0.0015","0.0015",""
"10-27-2025 02:00","1761530404","0.23","0.145","0.53","0.011","0.0835","0.0025","0.0025","0.0015","0.0015","0.0015","0.0015","0.0015","0.0015","0.0015","0.0015","0.0015","0.0015","0.0015","0.0015","0.0015","0.0015",""
"10-27-2025 03:00","1761534004","0.23","0.145","0.53","0.0105","0.084","0.0025","0.0025","0.0015","0.0015","0.0015","0.0015","0.0015","0.0015","0.0015","0.0015","0.0015","0.0015","0.0015","0.0015","0.0015","0.0015",""
"10-27-2025 04:00","1761537604","0.23","0.145","0.53","0.0105","0.084","0.0025","0.0025","0.0015","0.0015","0.0015","0.0015","0.0015","0.0015","0.0015","0.0015","0.0015","0.0015","0.0015","0.0015","0.0015","0.0015",""
"10-27-2025 05:00","1761541204","0.23","0.145","0.53","0.0105","0.084","0.0025","0.0025","0.0015","0.0015","0.0015","0.0015","0.0015","0.0015","0.0015","0.0015","0.0015","0.0015","0.0015","0.0015","0.0015","0.0015",""
"10-27-2025 06:00","1761544803","0.23","0.145","0.53","0.01","0.086","0.0025","0.0025","0.0015","0.0015","0.0015","0.0015","0.0015","0.0015","0.0015","0.0015","0.0015","0.0015","0.0015","0.0015","0.0015","0.0015",""
"10-27-2025 07:00","1761548404","0.23","0.145","0.53","0.0105","0.084","0.0025","0.0025","0.0015","0.0015","0.0015","0.0015","0.0015","0.0015","0.0015","0.0015","0.0015","0.0015","0.0015","0.0015","0.0015","0.0015",""
"10-27-2025 08:00","1761552003","0.23","0.145","0.53","0.0105","0.086","0.0025","0.0025","0.0015","0.0015","0.0015","0.0015","0.0015","0.0015","0.0015","0.0015","0.0015","0.0015","0.0015","0.0015","0.0015","0.0015",""
"10-27-2025 09:00","1761555604","0.23","0.145","0.53","0.0105","0.084","0.0025","0.0025","0.0015","0.0015","0.0015","0.0015","0.0015","0.0015","0.0015","0.0015","0.0015","0.0015","0.0015","0.0015","0.0015","0.0015",""
"10-27-2025 10:00","1761559203","0.23","0.145","0.53","0.011","0.0845","0.0025","0.0025","0.0015","0.0015","0.0015","0.0015","0.0015","0.0015","0.0015","0.0015","0.0015","0.0015","0.0015","0.0015","0.0015","0.0015",""
"10-27-2025 11:00","1761562803","0.23","0.145","0.53","0.01","0.084","0.0025","0.0025","0.0015","0.0015","0.0015","0.0015","0.0015","0.0015","0.0015","0.0015","0.0015","0.0015","0.0015","0.0015","0.0015","0.0015",""
"10-27-2025 12:00","1761566404","0.225","0.145","0.535","0.01","0.085","0.0025","0.0025","0.0015","0.0015","0.0015","0.0015","0.0015","0.0015","0.0015","0.0015","0.0015","0.0015","0.0015","0.0015","0.0015","0.0015",""
"10-27-2025 13:00","1761570004","0.225","0.145","0.535","0.01","0.083","0.0025","0.0025","0.0015","0.0015","0.0015","0.0015","0.0015","0.0015","0.0015","0.0015","0.0015","0.0015","0.0015","0.0015","0.0015","0.0015",""
"10-27-2025 14:00","1761573604","0.225","0.14","0.53","0.009","0.085","0.0025","0.0025","0.0015","0.0015","0.0015","0.0015","0.0015","0.0015","0.0015","0.0015","0.0015","0.0015","0.0015","0.0015","0.0015","0.0015",""
"10-27-2025 15:00","1761577204","0.225","0.14","0.53","0.01","0.086","0.0025","0.0025","0.0015","0.0015","0.0015","0.0015","0.0015","0.0015","0.0015","0.0015","0.0015","0.0015","0.0015","0.0015","0.0015","0.0015",""
"10-27-2025 16:00","1761580804","0.225","0.14","0.53","0.0105","0.086","0.0025","0.0025","0.0015","0.0015","0.0015","0.0015","0.0015","0.0015","0.0015","0.0015","0.0015","0.0015","0.0015","0.0015","0.0015","0.0015",""
"10-27-2025 17:00","1761584403","0.23","0.165","0.525","0.008","0.083","0.0025","0.0025","0.0015","0.0015","0.0015","0.0015","0.0015","0.0015","0.0015","0.0015","0.0015","0.0015","0.0015","0.0015","0.0015","0.0015",""
"10-27-2025 18:00","1761588003","0.23","0.135","0.515","0.01","0.084","0.0025","0.0025","0.0015","0.0015","0.0015","0.0015","0.0015","0.0015","0.0015","0.0015","0.0015","0.0015","0.0015","0.0015","0.0015","0.0015",""
"10-27-2025 19:00","1761591604","0.23","0.14","0.52","0.0105","0.084","0.0025","0.0025","0.0015","0.0015","0.0015","0.0015","0.0015","0.0015","0.0015","0.0015","0.0015","0.0015","0.0015","0.0015","0.0015","0.0015",""
"10-27-2025 20:00","1761595204","0.23","0.14","0.515","0.0105","0.084","0.0025","0.0025","0.0015","0.0015","0.0015","0.0015","0.0015","0.0015","0.0015","0.0015","0.0015","0.0015","0.0015","0.0015","0.0015","0.0015",""
"10-27-2025 21:00","1761598804","0.23","0.14","0.515","0.0105","0.082","0.0025","0.0025","0.0015","0.0015","0.0015","0.0015","0.0015","0.0015","0.0015","0.0015","0.0015","0.0015","0.0015","0.0015","0.0015","0.0015",""
"10-27-2025 22:00","1761602404","0.23","0.14","0.52","0.0105","0.082","0.0025","0.0025","0.0015","0.0015","0.0015","0.0015","0.0015","0.0015","0.0015","0.0015","0.0015","0.0015","0.0015","0.0015","0.0015","0.0015",""
"10-27-2025 23:00","1761606004","0.23","0.14","0.515","0.0105","0.082","0.0025","0.0025","0.0015","0.0015","0.0015","0.0015","0.0015","0.0015","0.0015","0.0015","0.0015","0.0015","0.0015","0.0015","0.0015","0.0015",""
"10-28-2025 00:00","1761609604","0.23","0.14","0.515","0.0105","0.082","0.0025","0.0025","0.0015","0.0015","0.0015","0.0015","0.0015","0.0015","0.0015","0.0015","0.0015","0.0015","0.0015","0.0015","0.0015","0.0015",""
"10-28-2025 01:00","1761613204","0.23","0.14","0.515","0.0105","0.082","0.0025","0.0025","0.0015","0.0015","0.0015","0.0015","0.0015","0.0015","0.0015","0.0015","0.0015","0.0015","0.0015","0.0015","0.0015","0.0015",""
"10-28-2025 02:00","1761616804","0.23","0.14","0.515","0.0105","0.082","0.0025","0.0025","0.0015","0.0015","0.0015","0.0015","0.0015","0.0015","0.0015","0.0015","0.0015","0.0015","0.0015","0.0015","0.0015","0.0015",""
"10-28-2025 03:00","1761620405","0.23","0.14","0.52","0.0105","0.082","0.0025","0.0025","0.0015","0.0015","0.0015","0.0015","0.0015","0.0015","0.0015","0.0015","0.0015","0.0015","0.0015","0.0015","0.0015","0.0015",""
"10-28-2025 04:00","1761624005","0.23","0.14","0.52","0.0105","0.082","0.0025","0.0025","0.0015","0.0015","0.0015","0.0015","0.0015","0.0015","0.0015","0.0015","0.0015","0.0015","0.0015","0.0015","0.0015","0.0015",""
"10-28-2025 05:00","1761627604","0.23","0.14","0.52","0.0105","0.082","0.0025","0.0025","0.0015","0.0015","0.0015","0.0015","0.0015","0.0015","0.0015","0.0015","0.0015","0.0015","0.0015","0.0015","0.0015","0.0015",""
"10-28-2025 06:00","1761631204","0.23","0.14","0.52","0.0105","0.082","0.0025","0.0025","0.0015","0.0015","0.0015","0.0015","0.0015","0.0015","0.0015","0.0015","0.0015","0.0015","0.0015","0.0015","0.0015","0.0015",""
"10-28-2025 07:00","1761634804","0.23","0.145","0.52","0.0105","0.082","0.0025","0.0025","0.0015","0.0015","0.0015","0.0015","0.0015","0.0015","0.0015","0.0015","0.0015","0.0015","0.0015","0.0015","0.0015","0.0015",""
"10-28-2025 08:00","1761638404","0.23","0.145","0.505","0.012","0.082","0.0025","0.0025","0.0015","0.0015","0.0015","0.0015","0.0015","0.0015","0.0015","0.0015","0.0015","0.0015","0.0015","0.0015","0.0015","0.0015",""
"10-28-2025 09:00","1761642004","0.23","0.145","0.505","0.012","0.082","0.0025","0.0025","0.0015","0.0015","0.0015","0.0015","0.0015","0.0015","0.0015","0.0015","0.0015","0.0015","0.0015","0.0015","0.0015","0.0015",""
"10-28-2025 10:00","1761645604","0.23","0.155","0.52","0.0125","0.082","0.0025","0.0025","0.0015","0.0015","0.0015","0.0015","0.0015","0.0015","0.0015","0.0015","0.0015","0.0015","0.0015","0.0015","0.0015","0.0015",""
"10-28-2025 11:00","1761649205","0.23","0.15","0.525","0.013","0.082","0.0025","0.0025","0.0015","0.0015","0.0015","0.0015","0.0015","0.0015","0.0015","0.0015","0.0015","0.0015","0.0015","0.0015","0.0015","0.0015",""
"10-28-2025 12:00","1761652805","0.23","0.125","0.525","0.013","0.0825","0.0025","0.0025","0.0015","0.0015","0.0015","0.0015","0.0015","0.0015","0.0015","0.0015","0.0015","0.0015","0.0015","0.0015","0.0015","0.0015",""
"10-28-2025 13:00","1761656404","0.23","0.12","0.525","0.012","0.0825","0.0025","0.0025","0.0015","0.0015","0.0015","0.0015","0.0015","0.0015","0.0015","0.0015","0.0015","0.0015","0.0015","0.0015","0.0015","0.0015",""
"10-28-2025 14:00","1761660004","0.23","0.12","0.525","0.012","0.082","0.0025","0.0025","0.0015","0.0015","0.0015","0.0015","0.0015","0.0015","0.0015","0.0015","0.0015","0.0015","0.0015","0.0015","0.0015","0.0015",""
"10-28-2025 15:00","1761663604","0.235","0.115","0.535","0.012","0.0825","0.0025","0.0025","0.0015","0.0015","0.0015","0.0015","0.0015","0.0015","0.0015","0.0015","0.0015","0.0015","0.0015","0.0015","0.0015","0.0015",""
"10-28-2025 16:00","1761667204","0.235","0.115","0.535","0.0115","0.082","0.0025","0.0025","0.0015","0.0015","0.0015","0.0015","0.0015","0.0015","0.0015","0.0015","0.0015","0.0015","0.0015","0.0015","0.0015","0.0015",""
"10-28-2025 17:00","1761670804","0.245","0.105","0.545","0.012","0.083","0.0025","0.0025","0.0015","0.0015","0.0015","0.0015","0.0015","0.0015","0.0015","0.0015","0.0015","0.0015","0.0015","0.0015","0.0015","0.0015",""
"10-28-2025 18:00","1761674404","0.24","0.1","0.54","0.0115","0.0825","0.0025","0.0025","0.0015","0.0015","0.0015","0.0015","0.0015","0.0015","0.0015","0.0015","0.0015","0.0015","0.0015","0.0015","0.0015","0.0015",""
"10-28-2025 19:00","1761678004","0.245","0.1","0.555","0.0115","0.0825","0.0025","0.0025","0.0015","0.0015","0.0015","0.0015","0.0015","0.0015","0.0015","0.0015","0.0015","0.0015","0.0015","0.0015","0.0015","0.0015",""
"10-28-2025 20:00","1761681605","0.245","0.1","0.545","0.0125","0.0815","0.0025","0.0015","0.0015","0.0015","0.0015","0.0015","0.0015","0.0015","0.0015","0.0015","0.0015","0.0015","0.0015","0.0015","0.0015","0.0015",""
"10-28-2025 21:00","1761685204","0.245","0.1","0.54","0.0125","0.0815","0.0025","0.0015","0.0015","0.0015","0.0015","0.0015","0.0015","0.0015","0.0015","0.0015","0.0015","0.0015","0.0015","0.0015","0.0015","0.0015",""
"10-28-2025 22:00","1761688804","0.245","0.09","0.545","0.0125","0.082","0.0025","0.0015","0.0015","0.0015","0.0015","0.0015","0.0015","0.0015","0.0015","0.0015","0.0015","0.0015","0.0015","0.0015","0.0015","0.0015",""
"10-28-2025 23:00","1761692404","0.245","0.095","0.545","0.0125","0.082","0.0025","0.0015","0.0015","0.0015","0.0015","0.0015","0.0015","0.0015","0.0015","0.0015","0.0015","0.0015","0.0015","0.0015","0.0015","0.0015",""
"10-29-2025 00:00","1761696004","0.245","0.095","0.565","0.0125","0.082","0.0025","0.0015","0.0015","0.0015","0.0015","0.0015","0.0015","0.0015","0.0015","0.0015","0.0015","0.0015","0.0015","0.0015","0.0015","0.0015",""
"10-29-2025 01:00","1761699605","0.245","0.095","0.555","0.0125","0.082","0.0025","0.0015","0.0015","0.0015","0.0015","0.0015","0.0015","0.0015","0.0015","0.0015","0.0015","0.0015","0.0015","0.0015","0.0015","0.0015",""
"10-29-2025 02:00","1761703204","0.245","0.105","0.55","0.0125","0.0825","0.0025","0.0015","0.0015","0.0015","0.0015","0.0015","0.0015","0.0015","0.0015","0.0015","0.0015","0.0015","0.0015","0.0015","0.0015","0.0015",""
"10-29-2025 03:00","1761706804","0.245","0.105","0.55","0.0125","0.0825","0.0025","0.0015","0.0015","0.0015","0.0015","0.0015","0.0015","0.0015","0.0015","0.0015","0.0015","0.0015","0.0015","0.0015","0.0015","0.0015",""
"10-29-2025 04:00","1761710404","0.245","0.105","0.55","0.0125","0.0825","0.0025","0.0015","0.0015","0.0015","0.0015","0.0015","0.0015","0.0015","0.0015","0.0015","0.0015","0.0015","0.0015","0.0015","0.0015","0.0015",""
"10-29-2025 05:00","1761714004","0.245","0.105","0.555","0.0125","0.083","0.0025","0.0015","0.0015","0.0015","0.0015","0.0015","0.0015","0.0015","0.0015","0.0015","0.0015","0.0015","0.0015","0.0015","0.0015","0.0015",""
"10-29-2025 06:00","1761717604","0.245","0.105","0.555","0.0125","0.083","0.0025","0.0015","0.0015","0.0015","0.0015","0.0015","0.0015","0.0015","0.0015","0.0015","0.0015","0.0015","0.0015","0.0015","0.0015","0.0015",""
"10-29-2025 07:00","1761721204","0.245","0.105","0.555","0.0125","0.083","0.0025","0.0015","0.0015","0.0015","0.0015","0.0015","0.0015","0.0015","0.0015","0.0015","0.0015","0.0015","0.0015","0.0015","0.0015","0.0015",""
"10-29-2025 08:00","1761724805","0.245","0.095","0.555","0.0125","0.082","0.0025","0.0015","0.0015","0.0015","0.0015","0.0015","0.0015","0.0015","0.0015","0.0015","0.0015","0.0015","0.0015","0.0015","0.0015","0.0015",""
"10-29-2025 09:00","1761728404","0.255","0.095","0.55","0.0125","0.082","0.0025","0.0015","0.0015","0.0015","0.0015","0.0015","0.0015","0.0015","0.0015","0.0015","0.0015","0.0015","0.0015","0.0015","0.0015","0.0015",""
"10-29-2025 14:00","1761746404","0.245","0.095","0.555","0.013","0.0805","0.0025","0.0015","0.0015","0.0015","0.0015","0.0015","0.0015","0.0015","0.0015","0.0015","0.0015","0.0015","0.0015","0.0015","0.0015","0.0015",""
"10-29-2025 15:00","1761750004","0.25","0.095","0.555","0.013","0.0805","0.0025","0.0015","0.0015","0.0015","0.0015","0.0015","0.0015","0.0015","0.0015","0.0015","0.0015","0.0015","0.0015","0.0015","0.0015","0.0015",""
"10-29-2025 16:00","1761753604","0.25","0.105","0.56","0.013","0.0805","0.0025","0.0015","0.0015","0.0015","0.0015","0.0015","0.0015","0.0015","0.0015","0.0015","0.0015","0.0015","0.0015","0.0015","0.0015","0.0015",""
"10-29-2025 17:00","1761757204","0.25","0.105","0.555","0.013","0.0805","0.0025","0.0015","0.0015","0.0015","0.0015","0.0015","0.0015","0.0015","0.0015","0.0015","0.0015","0.0015","0.0015","0.0015","0.0015","0.0015",""
"10-29-2025 18:00","1761760805","0.25","0.11","0.56","0.013","0.076","0.0025","0.0015","0.0015","0.0015","0.0015","0.0015","0.0015","0.0015","0.0015","0.0015","0.0015","0.0015","0.0015","0.0015","0.0015","0.0015",""
"10-29-2025 19:00","1761764404","0.25","0.105","0.55","0.01","0.075","0.0025","0.0015","0.0015","0.0015","0.0015","0.0015","0.0015","0.0015","0.0015","0.0015","0.0015","0.0015","0.0015","0.0015","0.0015","0.0015",""
"10-29-2025 20:00","1761768004","0.25","0.105","0.56","0.0095","0.075","0.0025","0.0015","0.0015","0.0015","0.0015","0.0015","0.0015","0.0015","0.0015","0.0015","0.0015","0.0015","0.0015","0.0015","0.0015","0.0015",""
"10-29-2025 21:00","1761771604","0.25","0.105","0.56","0.0095","0.076","0.0025","0.0015","0.0015","0.0015","0.0015","0.0015","0.0015","0.0015","0.0015","0.0015","0.0015","0.0015","0.0015","0.0015","0.0015","0.0015",""
"10-29-2025 22:00","1761775204","0.25","0.105","0.555","0.01","0.076","0.0025","0.0015","0.0015","0.0015","0.0015","0.0015","0.0015","0.0015","0.0015","0.0015","0.0015","0.0015","0.0015","0.0015","0.0015","0.0015",""
"10-29-2025 23:00","1761778804","0.25","0.105","0.555","0.01","0.0775","0.0025","0.0015","0.0015","0.0015","0.0015","0.0015","0.0015","0.0015","0.0015","0.0015","0.0015","0.0015","0.0015","0.0015","0.0015","0.0015",""
"10-30-2025 00:00","1761782404","0.25","0.105","0.565","0.01","0.078","0.0025","0.0015","0.0015","0.0015","0.0015","0.0015","0.0015","0.0015","0.0015","0.0015","0.0015","0.0015","0.0015","0.0015","0.0015","0.0015",""
"10-30-2025 01:00","1761786004","0.25","0.105","0.555","0.01","0.078","0.0025","0.0015","0.0015","0.0015","0.0015","0.0015","0.0015","0.0015","0.0015","0.0015","0.0015","0.0015","0.0015","0.0015","0.0015","0.0015",""
"10-30-2025 02:00","1761789604","0.25","0.105","0.555","0.01","0.0785","0.0025","0.0015","0.0015","0.0015","0.0015","0.0015","0.0015","0.0015","0.0015","0.0015","0.0015","0.0015","0.0015","0.0015","0.0015","0.0015",""
"10-30-2025 03:00","1761793204","0.25","0.105","0.555","0.01","0.0785","0.0025","0.0015","0.0015","0.0015","0.0015","0.0015","0.0015","0.0015","0.0015","0.0015","0.0015","0.0015","0.0015","0.0015","0.0015","0.0015",""
"10-30-2025 04:00","1761796804","0.25","0.105","0.555","0.01","0.0785","0.0025","0.0015","0.0015","0.0015","0.0015","0.0015","0.0015","0.0015","0.0015","0.0015","0.0015","0.0015","0.0015","0.0015","0.0015","0.0015",""
"10-30-2025 05:00","1761800404","0.25","0.105","0.56","0.01","0.078","0.0025","0.0015","0.0015","0.0015","0.0015","0.0015","0.0015","0.0015","0.0015","0.0015","0.0015","0.0015","0.0015","0.0015","0.0015","0.0015",""
"10-30-2025 06:00","1761804004","0.25","0.105","0.56","0.01","0.078","0.0025","0.0015","0.0015","0.0015","0.0015","0.0015","0.0015","0.0015","0.0015","0.0015","0.0015","0.0015","0.0015","0.0015","0.0015","0.0015",""
"10-30-2025 07:00","1761807604","0.25","0.105","0.56","0.01","0.0785","0.0025","0.0015","0.0015","0.0015","0.0015","0.0015","0.0015","0.0015","0.0015","0.0015","0.0015","0.0015","0.0015","0.0015","0.0015","0.0015",""
"10-30-2025 08:00","1761811205","0.25","0.105","0.56","0.01","0.0785","0.0025","0.0015","0.0015","0.0015","0.0015","0.0015","0.0015","0.0015","0.0015","0.0015","0.0015","0.0015","0.0015","0.0015","0.0015","0.0015",""
"10-30-2025 09:00","1761814804","0.25","0.105","0.56","0.01","0.0775","0.0025","0.0015","0.0015","0.0015","0.0015","0.0015","0.0015","0.0015","0.0015","0.0015","0.0015","0.0015","0.0015","0.0015","0.0015","0.0015",""
"10-30-2025 10:00","1761818404","0.235","0.105","0.56","0.0115","0.078","0.0025","0.0015","0.0015","0.0015","0.0015","0.0015","0.0015","0.0015","0.0015","0.0015","0.0015","0.0015","0.0015","0.0015","0.0015","0.0015",""
"10-30-2025 11:00","1761822004","0.235","0.105","0.575","0.0115","0.0785","0.0025","0.0015","0.0015","0.0015","0.0015","0.0015","0.0015","0.0015","0.0015","0.0015","0.0015","0.0015","0.0015","0.0015","0.0015","0.0015",""
"10-30-2025 12:00","1761825604","0.235","0.105","0.575","0.0115","0.08","0.0025","0.0015","0.0015","0.0015","0.0015","0.0015","0.0015","0.0015","0.0015","0.0015","0.0015","0.0015","0.0015","0.0015","0.0015","0.0015",""
"10-30-2025 13:00","1761829204","0.235","0.105","0.575","0.0125","0.085","0.0025","0.0015","0.0015","0.0015","0.0015","0.0015","0.0015","0.0015","0.0015","0.0015","0.0015","0.0015","0.0015","0.0015","0.0015","0.0055",""
"10-30-2025 14:00","1761832805","0.235","0.105","0.575","0.012","0.086","0.0025","0.0015","0.0015","0.0015","0.0015","0.0015","0.0015","0.0015","0.0015","0.0015","0.0015","0.0015","0.0015","0.0015","0.0015","0.0055",""
"10-30-2025 15:00","1761836405","0.235","0.105","0.575","0.012","0.086","0.0025","0.0015","0.0015","0.0015","0.0015","0.0015","0.0015","0.0015","0.0015","0.0015","0.0015","0.0015","0.0015","0.0015","0.0015","0.004",""
"10-30-2025 16:00","1761840004","0.23","0.1","0.57","0.016","0.087","0.0025","0.0015","0.0015","0.0015","0.0015","0.0015","0.0015","0.0015","0.0015","0.0015","0.0015","0.0015","0.0015","0.0015","0.0015","0.004",""
"10-30-2025 17:00","1761843604","0.225","0.105","0.575","0.015","0.0855","0.0025","0.0015","0.0015","0.0015","0.0015","0.0015","0.0015","0.0015","0.0015","0.0015","0.0015","0.0015","0.0015","0.0015","0.0015","0.0045",""
"10-30-2025 18:00","1761847204","0.225","0.105","0.575","0.0145","0.0855","0.0025","0.0015","0.0015","0.0015","0.0015","0.0015","0.0015","0.0015","0.0015","0.0015","0.0015","0.0015","0.0015","0.0015","0.0015","0.0045",""
"10-30-2025 19:00","1761850804","0.225","0.105","0.575","0.017","0.0855","0.0025","0.0015","0.0015","0.0015","0.0015","0.0015","0.0015","0.0015","0.0015","0.0015","0.0015","0.0015","0.0015","0.0015","0.0015","0.0045",""
"10-30-2025 20:00","1761854404","0.225","0.105","0.575","0.017","0.0855","0.0025","0.0015","0.0015","0.0015","0.0015","0.0015","0.0015","0.0015","0.0015","0.0015","0.0015","0.0015","0.0015","0.0015","0.0015","0.0045",""
"10-30-2025 21:00","1761858005","0.225","0.095","0.565","0.017","0.081","0.0025","0.0015","0.0015","0.0015","0.0015","0.0015","0.0015","0.0015","0.0015","0.0015","0.0015","0.0015","0.0015","0.0015","0.0015","0.0035",""
"10-30-2025 22:00","1761861605","0.245","0.095","0.56","0.017","0.0835","0.0025","0.0015","0.0015","0.0015","0.0015","0.0015","0.0015","0.0015","0.0015","0.0015","0.0015","0.0015","0.0015","0.0015","0.0015","0.0045",""
"10-30-2025 23:00","1761865205","0.24","0.095","0.56","0.017","0.083","0.0025","0.0015","0.0015","0.0015","0.0015","0.0015","0.0015","0.0015","0.0015","0.0015","0.0015","0.0015","0.0015","0.0015","0.0015","0.005",""
"10-31-2025 00:00","1761868804","0.25","0.1","0.475","0.017","0.1025","0.0025","0.0015","0.0015","0.0015","0.0015","0.0015","0.0015","0.0015","0.0015","0.0015","0.0015","0.0015","0.0015","0.0015","0.0015","0.0035",""
"10-31-2025 01:00","1761872404","0.255","0.095","0.48","0.017","0.098","0.0025","0.0015","0.0015","0.0015","0.0015","0.0015","0.0015","0.0015","0.0015","0.0015","0.0015","0.0015","0.0015","0.0015","0.0015","0.005",""
"10-31-2025 02:00","1761876005","0.26","0.1","0.505","0.017","0.0985","0.0025","0.0015","0.0015","0.0015","0.0015","0.0015","0.0015","0.0015","0.0015","0.0015","0.0015","0.0015","0.0015","0.0015","0.0015","0.0045",""
"10-31-2025 03:00","1761879604","0.26","0.1","0.48","0.017","0.101","0.0025","0.0015","0.0015","0.0015","0.0015","0.0015","0.0015","0.0015","0.0015","0.0015","0.0015","0.0015","0.0015","0.0015","0.0015","0.0045",""
"10-31-2025 04:00","1761883204","0.26","0.1","0.49","0.017","0.1","0.0025","0.0015","0.0015","0.0015","0.0015","0.0015","0.0015","0.0015","0.0015","0.0015","0.0015","0.0015","0.0015","0.0015","0.0015","0.005",""
"10-31-2025 05:00","1761886805","0.26","0.095","0.5","0.015","0.098","0.0025","0.0015","0.0015","0.0015","0.0015","0.0015","0.0015","0.0015","0.0015","0.0015","0.0015","0.0015","0.0015","0.0015","0.0015","0.005",""
"10-31-2025 06:00","1761890405","0.26","0.09","0.505","0.0155","0.098","0.0025","0.0015","0.0015","0.0015","0.0015","0.0015","0.0015","0.0015","0.0015","0.0015","0.0015","0.0015","0.0015","0.0015","0.0015","0.005",""
"10-31-2025 07:00","1761894005","0.26","0.085","0.535","0.0155","0.0925","0.0025","0.0015","0.0015","0.0015","0.0015","0.0015","0.0015","0.0015","0.0015","0.0015","0.0015","0.0015","0.0015","0.0015","0.0015","0.005",""
"10-31-2025 08:00","1761897610","0.26","0.085","0.535","0.0155","0.0905","0.0025","0.0015","0.0015","0.0015","0.0015","0.0015","0.0015","0.0015","0.0015","0.0015","0.0015","0.0015","0.0015","0.0015","0.0015","0.005",""
"10-31-2025 09:00","1761901205","0.265","0.095","0.535","0.0155","0.0895","0.0025","0.0015","0.0015","0.0015","0.0015","0.0015","0.0015","0.0015","0.0015","0.0015","0.0015","0.0015","0.0015","0.0015","0.0015","0.005",""
"10-31-2025 10:00","1761904805","0.275","0.09","0.535","0.0155","0.083","0.0025","0.0015","0.0015","0.0015","0.0015","0.0015","0.0015","0.0015","0.0015","0.0015","0.0015","0.0015","0.0015","0.0015","0.0015","0.005",""
"10-31-2025 11:00","1761908404","0.275","0.095","0.535","0.016","0.0725","0.0025","0.0015","0.0015","0.0015","0.0015","0.0015","0.0015","0.0015","0.0015","0.0015","0.0015","0.0015","0.0015","0.0015","0.0015","0.0055",""
"10-31-2025 12:00","1761912005","0.27","0.095","0.54","0.016","0.0725","0.0025","0.0015","0.0015","0.0015","0.0015","0.0015","0.0015","0.0015","0.0015","0.0015","0.0015","0.0015","0.0015","0.0015","0.0015","0.0055",""
"10-31-2025 13:00","1761915605","0.27","0.095","0.54","0.0155","0.0805","0.0025","0.0015","0.0015","0.0015","0.0015","0.0015","0.0015","0.0015","0.0015","0.0015","0.0015","0.0015","0.0015","0.0015","0.0015","0.006",""
"10-31-2025 14:00","1761919204","0.275","0.095","0.525","0.0155","0.0805","0.0025","0.0015","0.0015","0.0015","0.0015","0.0015","0.0015","0.0015","0.0015","0.0015","0.0015","0.0015","0.0015","0.0015","0.0015","0.006",""
"10-31-2025 15:00","1761922805","0.275","0.095","0.525","0.015","0.081","0.0025","0.0015","0.0015","0.0015","0.0015","0.0015","0.0015","0.0015","0.0015","0.0015","0.0015","0.0015","0.0015","0.0015","0.0015","0.006",""
"10-31-2025 16:00","1761926405","0.275","0.095","0.53","0.0155","0.082","0.0025","0.0015","0.0015","0.0015","0.0015","0.0015","0.0015","0.0015","0.0015","0.0015","0.0015","0.0015","0.0015","0.0015","0.0015","0.006",""
"10-31-2025 17:00","1761930005","0.275","0.09","0.535","0.0155","0.0815","0.0025","0.0015","0.0015","0.0015","0.0015","0.0015","0.0015","0.0015","0.0015","0.0015","0.0015","0.0015","0.0015","0.0015","0.0015","0.006",""
"10-31-2025 18:00","1761933605","0.28","0.09","0.535","0.0155","0.086","0.0025","0.0015","0.0015","0.0015","0.0015","0.0015","0.0015","0.0015","0.0015","0.0015","0.0015","0.0015","0.0015","0.0015","0.0015","0.0065",""
"10-31-2025 19:00","1761937205","0.28","0.09","0.535","0.0155","0.086","0.0025","0.0015","0.0015","0.0015","0.0015","0.0015","0.0015","0.0015","0.0015","0.0015","0.0015","0.0015","0.0015","0.0015","0.0015","0.0065",""
"10-31-2025 20:00","1761940804","0.29","0.095","0.51","0.0145","0.084","0.0025","0.0015","0.0015","0.0015","0.0015","0.0015","0.0015","0.0015","0.0015","0.0015","0.0015","0.0015","0.0015","0.0015","0.0015","0.0035",""
"10-31-2025 21:00","1761944405","0.29","0.095","0.51","0.0145","0.0835","0.0025","0.0015","0.0015","0.0015","0.0015","0.0015","0.0015","0.0015","0.0015","0.0015","0.0015","0.0015","0.0015","0.0015","0.0015","0.0055",""
"10-31-2025 22:00","1761948005","0.29","0.095","0.51","0.0145","0.0815","0.0025","0.0015","0.0015","0.0015","0.0015","0.0015","0.0015","0.0015","0.0015","0.0015","0.0015","0.0015","0.0015","0.0015","0.0015","0.0055",""
"10-31-2025 23:00","1761951605","0.29","0.095","0.505","0.0145","0.0835","0.0025","0.0015","0.0015","0.0015","0.0015","0.0015","0.0015","0.0015","0.0015","0.0015","0.0015","0.0015","0.0015","0.0015","0.0015","0.0045",""
"11-01-2025 00:00","1761955205","0.29","0.095","0.485","0.015","0.0825","0.0025","0.0015","0.0015","0.0015","0.0015","0.0015","0.0015","0.0015","0.0015","0.0015","0.0015","0.0015","0.0015","0.0015","0.0015","0.0035",""
"11-01-2025 01:00","1761958805","0.29","0.095","0.495","0.0145","0.083","0.0025","0.0015","0.0015","0.0015","0.0015","0.0015","0.0015","0.0015","0.0015","0.0015","0.0015","0.0015","0.0015","0.0015","0.0015","0.0035",""
"11-01-2025 02:00","1761962404","0.29","0.095","0.485","0.015","0.082","0.0025","0.0015","0.0015","0.0015","0.0015","0.0015","0.0015","0.0015","0.0015","0.0015","0.0015","0.0015","0.0015","0.0015","0.0015","0.0035",""
"11-01-2025 03:00","1761966005","0.29","0.095","0.475","0.0145","0.0835","0.0025","0.0015","0.0015","0.0015","0.0015","0.0015","0.0015","0.0015","0.0015","0.0015","0.0015","0.0015","0.0015","0.0015","0.0015","0.0035",""
"11-01-2025 04:00","1761969604","0.29","0.095","0.48","0.014","0.081","0.0025","0.0015","0.0015","0.0015","0.0015","0.0015","0.0015","0.0015","0.0015","0.0015","0.0015","0.0015","0.0015","0.0015","0.0015","0.0035",""
"11-01-2025 05:00","1761973204","0.29","0.095","0.505","0.0145","0.0805","0.0025","0.0015","0.0015","0.0015","0.0015","0.0015","0.0015","0.0015","0.0015","0.0015","0.0015","0.0015","0.0015","0.0015","0.0015","0.0035",""
"11-01-2025 06:00","1761976805","0.29","0.095","0.505","0.013","0.0815","0.0025","0.0015","0.0015","0.0015","0.0015","0.0015","0.0015","0.0015","0.0015","0.0015","0.0015","0.0015","0.0015","0.0015","0.0015","0.003",""
"11-01-2025 07:00","1761980405","0.29","0.095","0.505","0.013","0.081","0.0025","0.0015","0.0015","0.0015","0.0015","0.0015","0.0015","0.0015","0.0015","0.0015","0.0015","0.0015","0.0015","0.0015","0.0015","0.003",""
"11-01-2025 08:00","1761984005","0.29","0.095","0.505","0.013","0.081","0.0025","0.0015","0.0015","0.0015","0.0015","0.0015","0.0015","0.0015","0.0015","0.0015","0.0015","0.0015","0.0015","0.0015","0.0015","0.003",""
"11-01-2025 09:00","1761987604","0.29","0.095","0.5","0.0105","0.082","0.0025","0.0015","0.0015","0.0015","0.0015","0.0015","0.0015","0.0015","0.0015","0.0015","0.0015","0.0015","0.0015","0.0015","0.0015","0.003",""
"11-01-2025 10:00","1761991205","0.29","0.095","0.5","0.0105","0.081","0.0025","0.0015","0.0015","0.0015","0.0015","0.0015","0.0015","0.0015","0.0015","0.0015","0.0015","0.0015","0.0015","0.0015","0.0015","0.003",""
"11-01-2025 11:00","1761994804","0.29","0.095","0.5","0.0105","0.08","0.0025","0.0015","0.0015","0.0015","0.0015","0.0015","0.0015","0.0015","0.0015","0.0015","0.0015","0.0015","0.0015","0.0015","0.0015","0.003",""
"11-01-2025 12:00","1761998405","0.295","0.095","0.495","0.0125","0.0815","0.0025","0.0015","0.0015","0.0015","0.0015","0.0015","0.0015","0.0015","0.0015","0.0015","0.0015","0.0015","0.0015","0.0015","0.0015","0.003",""
"11-01-2025 13:00","1762002004","0.3","0.095","0.495","0.012","0.0825","0.0025","0.0015","0.0015","0.0015","0.0015","0.0015","0.0015","0.0015","0.0015","0.0015","0.0015","0.0015","0.0015","0.0015","0.0015","0.003",""
"11-01-2025 14:00","1762005604","0.305","0.095","0.495","0.013","0.0845","0.0025","0.0015","0.0015","0.0015","0.0015","0.0015","0.0015","0.0015","0.0015","0.0015","0.0015","0.0015","0.0015","0.0015","0.0015","0.003",""
"11-01-2025 15:00","1762009205","0.305","0.095","0.5","0.013","0.084","0.0025","0.0015","0.0015","0.0015","0.0015","0.0015","0.0015","0.0015","0.0015","0.0015","0.0015","0.0015","0.0015","0.0015","0.0015","0.003",""
"11-01-2025 16:00","1762012804","0.32","0.095","0.5","0.013","0.083","0.0025","0.0015","0.0015","0.0015","0.0015","0.0015","0.0015","0.0015","0.0015","0.0015","0.0015","0.0015","0.0015","0.0015","0.0015","0.003",""
"11-01-2025 17:00","1762016405","0.32","0.09","0.49","0.013","0.084","0.0025","0.0015","0.0015","0.0015","0.0015","0.0015","0.0015","0.0015","0.0015","0.0015","0.0015","0.0015","0.0015","0.0015","0.0015","0.0045",""
"11-01-2025 18:00","1762020004","0.32","0.09","0.49","0.0135","0.084","0.0025","0.0015","0.0015","0.0015","0.0015","0.0015","0.0015","0.0015","0.0015","0.0015","0.0015","0.0015","0.0015","0.0015","0.0015","0.004",""
"11-01-2025 19:00","1762023604","0.32","0.09","0.485","0.013","0.085","0.0025","0.0015","0.0015","0.0015","0.0015","0.0015","0.0015","0.0015","0.0015","0.0015","0.0015","0.0015","0.0015","0.0015","0.0015","0.004",""
"11-01-2025 20:00","1762027205","0.32","0.09","0.485","0.013","0.0865","0.0025","0.0015","0.0015","0.0015","0.0015","0.0015","0.0015","0.0015","0.0015","0.0015","0.0015","0.0015","0.0015","0.0015","0.0015","0.004",""
"11-01-2025 21:00","1762030805","0.32","0.09","0.48","0.0135","0.0865","0.0025","0.0015","0.0015","0.0015","0.0015","0.0015","0.0015","0.0015","0.0015","0.0015","0.0015","0.0015","0.0015","0.0015","0.0015","0.004",""
"11-01-2025 22:00","1762034405","0.32","0.09","0.48","0.013","0.087","0.0025","0.0015","0.0015","0.0015","0.0015","0.0015","0.0015","0.0015","0.0015","0.0015","0.0015","0.0015","0.0015","0.0015","0.0015","0.004",""
"11-01-2025 23:00","1762038005","0.315","0.09","0.485","0.013","0.0865","0.0025","0.0015","0.0015","0.0015","0.0015","0.0015","0.0015","0.0015","0.0015","0.0015","0.0015","0.0015","0.0015","0.0015","0.0015","0.004",""
"11-02-2025 00:00","1762041605","0.315","0.09","0.485","0.013","0.0855","0.0025","0.0015","0.0015","0.0015","0.0015","0.0015","0.0015","0.0015","0.0015","0.0015","0.0015","0.0015","0.0015","0.0015","0.0015","0.004",""
"11-02-2025 01:00","1762045204","0.315","0.09","0.485","0.0135","0.0855","0.0025","0.0015","0.0015","0.0015","0.0015","0.0015","0.0015","0.0015","0.0015","0.0015","0.0015","0.0015","0.0015","0.0015","0.0015","0.004",""
"11-02-2025 02:00","1762048805","0.295","0.09","0.485","0.013","0.086","0.0025","0.0015","0.0015","0.0015","0.0015","0.0015","0.0015","0.0015","0.0015","0.0015","0.0015","0.0015","0.0015","0.0015","0.0015","0.004",""
"11-02-2025 03:00","1762052404","0.295","0.09","0.485","0.013","0.086","0.0025","0.0015","0.0015","0.0015","0.0015","0.0015","0.0015","0.0015","0.0015","0.0015","0.0015","0.0015","0.0015","0.0015","0.0015","0.004",""
"11-02-2025 04:00","1762056004","0.295","0.09","0.485","0.013","0.086","0.0025","0.0015","0.0015","0.0015","0.0015","0.0015","0.0015","0.0015","0.0015","0.0015","0.0015","0.0015","0.0015","0.0015","0.0015","0.004",""
"11-02-2025 05:00","1762059604","0.295","0.09","0.485","0.013","0.086","0.0025","0.0015","0.0015","0.0015","0.0015","0.0015","0.0015","0.0015","0.0015","0.0015","0.0015","0.0015","0.0015","0.0015","0.0015","0.004",""
"11-02-2025 06:00","1762063204","0.295","0.09","0.485","0.0135","0.086","0.0025","0.0015","0.0015","0.0015","0.0015","0.0015","0.0015","0.0015","0.0015","0.0015","0.0015","0.0015","0.0015","0.0015","0.0015","0.004",""
"11-02-2025 07:00","1762066804","0.29","0.095","0.475","0.0135","0.086","0.0025","0.0015","0.0015","0.0015","0.0015","0.0015","0.0015","0.0015","0.0015","0.0015","0.0015","0.0015","0.0015","0.0015","0.0015","0.004",""
"11-02-2025 08:00","1762070404","0.295","0.095","0.475","0.013","0.083","0.0025","0.0015","0.0015","0.0015","0.0015","0.0015","0.0015","0.0015","0.0015","0.0015","0.0015","0.0015","0.0015","0.0015","0.0015","0.004",""
"11-02-2025 09:00","1762074004","0.295","0.095","0.475","0.0135","0.0845","0.0025","0.0015","0.0015","0.0015","0.0015","0.0015","0.0015","0.0015","0.0015","0.0015","0.0015","0.0015","0.0015","0.0015","0.0015","0.004",""
"11-02-2025 10:00","1762077604","0.305","0.095","0.475","0.013","0.119","0.0025","0.0015","0.0015","0.0015","0.0015","0.0015","0.0015","0.0015","0.0015","0.0015","0.0015","0.0015","0.0015","0.0015","0.0015","0.004",""
"11-02-2025 11:00","1762081205","0.32","0.095","0.455","0.0135","0.115","0.0025","0.0015","0.0015","0.0015","0.0015","0.0015","0.0015","0.0015","0.0015","0.0015","0.0015","0.0015","0.0015","0.0015","0.0015","0.004",""
"11-02-2025 12:00","1762084804","0.32","0.095","0.465","0.0135","0.1135","0.0025","0.0015","0.0015","0.0015","0.0015","0.0015","0.0015","0.0015","0.0015","0.0015","0.0015","0.0015","0.0015","0.0015","0.0015","0.004",""
"11-02-2025 13:00","1762088404","0.33","0.095","0.465","0.013","0.0995","0.0025","0.0015","0.0015","0.0015","0.0015","0.0015","0.0015","0.0015","0.0015","0.0015","0.0015","0.0015","0.0015","0.0015","0.0015","0.004",""
"11-02-2025 14:00","1762092004","0.325","0.085","0.475","0.0115","0.101","0.0025","0.0015","0.0015","0.0015","0.0015","0.0015","0.0015","0.0015","0.0015","0.0015","0.0015","0.0015","0.0015","0.0015","0.0015","0.004",""
"11-02-2025 15:00","1762095604","0.325","0.085","0.485","0.0115","0.0915","0.0025","0.0015","0.0015","0.0015","0.0015","0.0015","0.0015","0.0015","0.0015","0.0015","0.0015","0.0015","0.0015","0.0015","0.0015","0.004",""
"11-02-2025 16:00","1762099204","0.295","0.095","0.465","0.013","0.126","0.0025","0.0015","0.0015","0.0015","0.0015","0.0015","0.0015","0.0015","0.0015","0.0015","0.0015","0.0015","0.0015","0.0015","0.0015","0.004",""
"11-02-2025 17:00","1762102804","0.285","0.1","0.465","0.013","0.125","0.0025","0.0015","0.0015","0.0015","0.0015","0.0015","0.0015","0.0015","0.0015","0.0015","0.0015","0.0015","0.0015","0.0015","0.0015","0.004",""
"11-02-2025 18:00","1762106405","0.285","0.1","0.465","0.013","0.1165","0.0025","0.0015","0.0015","0.0015","0.0015","0.0015","0.0015","0.0015","0.0015","0.0015","0.0015","0.0015","0.0015","0.0015","0.0015","0.004",""
"11-02-2025 19:00","1762110005","0.285","0.1","0.465","0.013","0.117","0.0025","0.0015","0.0015","0.0015","0.0015","0.0015","0.0015","0.0015","0.0015","0.0015","0.0015","0.0015","0.0015","0.0015","0.0015","0.004",""
"11-02-2025 20:00","1762113604","0.285","0.1","0.465","0.013","0.117","0.0025","0.0015","0.0015","0.0015","0.0015","0.0015","0.0015","0.0015","0.0015","0.0015","0.0015","0.0015","0.0015","0.0015","0.0015","0.004",""
"11-02-2025 21:00","1762117205","0.285","0.1","0.465","0.013","0.1165","0.0025","0.0015","0.0015","0.0015","0.0015","0.0015","0.0015","0.0015","0.0015","0.0015","0.0015","0.0015","0.0015","0.0015","0.0015","0.004",""
"11-02-2025 22:00","1762120804","0.285","0.1","0.465","0.013","0.115","0.0025","0.0015","0.0015","0.0015","0.0015","0.0015","0.0015","0.0015","0.0015","0.0015","0.0015","0.0015","0.0015","0.0015","0.0015","0.004",""
"11-02-2025 23:00","1762124404","0.285","0.1","0.465","0.013","0.1155","0.0025","0.0015","0.0015","0.0015","0.0015","0.0015","0.0015","0.0015","0.0015","0.0015","0.0015","0.0015","0.0015","0.0015","0.0015","0.0035",""
"11-03-2025 00:00","1762128004","0.285","0.1","0.465","0.01","0.117","0.0025","0.0015","0.0015","0.0015","0.0015","0.0015","0.0015","0.0015","0.0015","0.0015","0.0015","0.0015","0.0015","0.0015","0.0015","0.0035",""
"11-03-2025 01:00","1762131604","0.285","0.1","0.465","0.01","0.1065","0.0025","0.0015","0.0015","0.0015","0.0015","0.0015","0.0015","0.0015","0.0015","0.0015","0.0015","0.0015","0.0015","0.0015","0.0015","0.0035",""
"11-03-2025 02:00","1762135204","0.285","0.1","0.465","0.01","0.105","0.0025","0.0015","0.0015","0.0015","0.0015","0.0015","0.0015","0.0015","0.0015","0.0015","0.0015","0.0015","0.0015","0.0015","0.0015","0.0035",""
"11-03-2025 03:00","1762138804","0.285","0.1","0.465","0.01","0.1055","0.0025","0.0015","0.0015","0.0015","0.0015","0.0015","0.0015","0.0015","0.0015","0.0015","0.0015","0.0015","0.0015","0.0015","0.0015","0.0035",""
"11-03-2025 04:00","1762142404","0.285","0.1","0.465","0.01","0.0995","0.0025","0.0015","0.0015","0.0015","0.0015","0.0015","0.0015","0.0015","0.0015","0.0015","0.0015","0.0015","0.0015","0.0015","0.0015","0.0035",""
"11-03-2025 05:00","1762146004","0.285","0.1","0.465","0.01","0.1","0.0025","0.0015","0.0015","0.0015","0.0015","0.0015","0.0015","0.0015","0.0015","0.0015","0.0015","0.0015","0.0015","0.0015","0.0015","0.0035",""
"11-03-2025 06:00","1762149604","0.285","0.1","0.465","0.01","0.1015","0.0025","0.0015","0.0015","0.0015","0.0015","0.0015","0.0015","0.0015","0.0015","0.0015","0.0015","0.0015","0.0015","0.0015","0.0015","0.0035",""
"11-03-2025 07:00","1762153204","0.285","0.1","0.465","0.01","0.101","0.0025","0.0015","0.0015","0.0015","0.0015","0.0015","0.0015","0.0015","0.0015","0.0015","0.0015","0.0015","0.0015","0.0015","0.0015","0.0035",""
"11-03-2025 08:00","1762156804","0.285","0.1","0.465","0.01","0.097","0.0025","0.0015","0.0015","0.0015","0.0015","0.0015","0.0015","0.0015","0.0015","0.0015","0.0015","0.0015","0.0015","0.0015","0.0015","0.0035",""
"11-03-2025 09:00","1762160403","0.285","0.1","0.465","0.0095","0.0935","0.0025","0.0015","0.0015","0.0015","0.0015","0.0015","0.0015","0.0015","0.0015","0.0015","0.0015","0.0015","0.0015","0.0015","0.0015","0.0035",""
"11-03-2025 10:00","1762164004","0.285","0.1","0.465","0.01","0.0945","0.0025","0.0015","0.0015","0.0015","0.0015","0.0015","0.0015","0.0015","0.0015","0.0015","0.0015","0.0015","0.0015","0.0015","0.0015","0.0035",""
"11-03-2025 11:00","1762167604","0.285","0.1","0.465","0.01","0.093","0.0025","0.0015","0.0015","0.0015","0.0015","0.0015","0.0015","0.0015","0.0015","0.0015","0.0015","0.0015","0.0015","0.0015","0.0015","0.0035",""
"11-03-2025 12:00","1762171204","0.285","0.1","0.465","0.01","0.098","0.0025","0.0015","0.0015","0.0015","0.0015","0.0015","0.0015","0.0015","0.0015","0.0015","0.0015","0.0015","0.0015","0.0015","0.0015","0.0035",""
"11-03-2025 13:00","1762174804","0.285","0.105","0.48","0.01","0.0945","0.0025","0.0015","0.0015","0.0015","0.0015","0.0015","0.0015","0.0015","0.0015","0.0015","0.0015","0.0015","0.0015","0.0015","0.0015","0.0035",""
"11-03-2025 14:00","1762178404","0.285","0.105","0.48","0.0095","0.0955","0.0025","0.0015","0.0015","0.0015","0.0015","0.0015","0.0015","0.0015","0.0015","0.0015","0.0015","0.0015","0.0015","0.0015","0.0015","0.0035",""
"11-03-2025 15:00","1762182003","0.29","0.105","0.48","0.01","0.0975","0.0025","0.0015","0.0015","0.0015","0.0015","0.0015","0.0015","0.0015","0.0015","0.0015","0.0015","0.0015","0.0015","0.0015","0.0015","0.0035",""
"11-03-2025 16:00","1762185604","0.29","0.105","0.48","0.0095","0.1115","0.0025","0.0015","0.0015","0.0015","0.0015","0.0015","0.0015","0.0015","0.0015","0.0015","0.0015","0.0015","0.0015","0.0015","0.0015","0.0015",""
"11-03-2025 17:00","1762189204","0.29","0.1","0.48","0.01","0.1025","0.0025","0.0015","0.0015","0.0015","0.0015","0.0015","0.0015","0.0015","0.0015","0.0015","0.0015","0.0015","0.0015","0.0015","0.0015","0.0015",""
"11-03-2025 18:00","1762192804","0.29","0.1","0.48","0.0095","0.1025","0.0025","0.0015","0.0015","0.0015","0.0015","0.0015","0.0015","0.0015","0.0015","0.0015","0.0015","0.0015","0.0015","0.0015","0.0015","0.0015",""
"11-03-2025 19:00","1762196404","0.28","0.1","0.48","0.01","0.1125","0.0025","0.0015","0.0015","0.0015","0.0015","0.0015","0.0015","0.0015","0.0015","0.0015","0.0015","0.0015","0.002","0.0015","0.002","0.0015",""
"11-03-2025 20:00","1762200004","0.28","0.1","0.48","0.01","0.1055","0.0025","0.0015","0.0015","0.0015","0.0015","0.0015","0.0015","0.0015","0.0015","0.0015","0.0015","0.0015","0.0015","0.0015","0.0015","0.0015",""
"11-03-2025 21:00","1762203604","0.28","0.1","0.48","0.01","0.1075","0.0025","0.0015","0.0015","0.0015","0.0015","0.0015","0.0015","0.0015","0.0015","0.0015","0.0015","0.0015","0.0015","0.0015","0.0015","0.0015",""
"11-03-2025 22:00","1762207204","0.325","0.085","0.48","0.012","0.0935","0.0025","0.0015","0.0015","0.0015","0.0015","0.0015","0.0015","0.0015","0.0015","0.0015","0.0015","0.0015","0.0015","0.0015","0.0015","0.0015",""
"11-03-2025 23:00","1762210805","0.325","0.08","0.48","0.0165","0.0935","0.0025","0.0015","0.0015","0.0015","0.0015","0.0015","0.0015","0.0015","0.0015","0.0015","0.0015","0.0015","0.0015","0.0015","0.0015","0.0015",""
"11-04-2025 00:00","1762214404","0.325","0.08","0.48","0.016","0.0865","0.0025","0.0015","0.0015","0.0015","0.0015","0.0015","0.0015","0.0015","0.0015","0.0015","0.0015","0.0015","0.0015","0.0015","0.0015","0.0015",""
"11-04-2025 01:00","1762218004","0.325","0.08","0.48","0.0115","0.087","0.0025","0.0015","0.0015","0.0015","0.0015","0.0015","0.0015","0.0015","0.0015","0.0015","0.0015","0.0015","0.0015","0.0015","0.0015","0.0015",""
"11-04-2025 02:00","1762221604","0.32","0.08","0.48","0.012","0.0905","0.0025","0.0015","0.0015","0.0015","0.0015","0.0015","0.0015","0.0015","0.0015","0.0015","0.0015","0.0015","0.0015","0.0015","0.0015","0.0015",""
"11-04-2025 03:00","1762225204","0.32","0.08","0.48","0.0125","0.0885","0.0025","0.0015","0.0015","0.0015","0.0015","0.0015","0.0015","0.0015","0.0015","0.0015","0.0015","0.0015","0.0015","0.0015","0.0015","0.0015",""
"11-04-2025 04:00","1762228804","0.32","0.08","0.48","0.012","0.0935","0.0025","0.0015","0.0015","0.0015","0.0015","0.0015","0.0015","0.0015","0.0015","0.0015","0.0015","0.0015","0.0015","0.0015","0.0015","0.0015",""
"11-04-2025 05:00","1762232404","0.32","0.08","0.475","0.011","0.091","0.0025","0.0015","0.0015","0.0015","0.0015","0.0015","0.0015","0.0015","0.0015","0.0015","0.0015","0.0015","0.0015","0.0015","0.0015","0.0015",""
"11-04-2025 06:00","1762236005","0.32","0.08","0.48","0.012","0.0935","0.0025","0.0015","0.0015","0.0015","0.0015","0.0015","0.0015","0.0015","0.0015","0.0015","0.0015","0.0015","0.0015","0.0015","0.0015","0.0015",""
"11-04-2025 07:00","1762239604","0.32","0.08","0.48","0.012","0.0935","0.0025","0.0015","0.0015","0.0015","0.0015","0.0015","0.0015","0.0015","0.0015","0.0015","0.0015","0.0015","0.0015","0.0015","0.0015","0.0015",""
"11-04-2025 08:00","1762243204","0.32","0.08","0.475","0.0175","0.093","0.0025","0.0015","0.0015","0.0015","0.0015","0.0015","0.0015","0.0015","0.0015","0.0015","0.0015","0.0015","0.0015","0.0015","0.0015","0.0015",""
"11-04-2025 09:00","1762246804","0.32","0.08","0.475","0.0185","0.091","0.0025","0.0015","0.0015","0.0015","0.0015","0.0015","0.0015","0.0015","0.0015","0.0015","0.0015","0.0015","0.0015","0.0015","0.0015","0.0015",""
"11-04-2025 10:00","1762250404","0.32","0.08","0.48","0.017","0.087","0.0025","0.0015","0.0015","0.0015","0.0015","0.0015","0.0015","0.0015","0.0015","0.0015","0.0015","0.0015","0.0015","0.0015","0.0015","0.0015",""
"11-04-2025 11:00","1762254004","0.32","0.075","0.48","0.017","0.0895","0.0025","0.0015","0.0015","0.0015","0.0015","0.0015","0.0015","0.0015","0.0015","0.0015","0.0015","0.0015","0.0015","0.0015","0.0015","0.0015",""
"11-04-2025 12:00","1762257604","0.335","0.075","0.48","0.0175","0.0915","0.0025","0.0015","0.0015","0.0015","0.0015","0.0015","0.0015","0.0015","0.0015","0.0015","0.0015","0.0015","0.0015","0.0015","0.0015","0.0015",""
"11-04-2025 13:00","1762261204","0.335","0.075","0.48","0.017","0.091","0.0025","0.0015","0.0015","0.0015","0.0015","0.0015","0.0015","0.0015","0.0015","0.0015","0.0015","0.0015","0.0015","0.0015","0.0015","0.0015",""
"11-04-2025 14:00","1762264804","0.32","0.075","0.465","0.0195","0.0935","0.0025","0.0015","0.0015","0.0015","0.0015","0.0015","0.0015","0.0015","0.0015","0.0015","0.0015","0.0015","0.0015","0.0015","0.0015","0.0015",""
"11-04-2025 15:00","1762268404","0.34","0.075","0.47","0.0345","0.092","0.0025","0.0015","0.0015","0.0015","0.0015","0.0015","0.0015","0.0015","0.0015","0.0015","0.0015","0.0015","0.0015","0.0015","0.0015","0.0015",""
"11-04-2025 16:00","1762272004","0.34","0.075","0.47","0.03","0.095","0.0025","0.0015","0.0015","0.0015","0.0015","0.0015","0.0015","0.0015","0.0015","0.0015","0.0015","0.0015","0.0015","0.0015","0.0015","0.0015",""
"11-04-2025 17:00","1762275604","0.34","0.075","0.47","0.03","0.096","0.0025","0.0015","0.0015","0.0015","0.0015","0.0015","0.0015","0.0015","0.0015","0.0015","0.0015","0.0015","0.0015","0.0015","0.0015","0.0015",""
"11-04-2025 18:00","1762279204","0.34","0.085","0.465","0.032","0.0945","0.0025","0.0015","0.0015","0.0015","0.0015","0.0015","0.0015","0.0015","0.0015","0.0015","0.0015","0.0015","0.0015","0.0015","0.0015","0.0015",""
"11-04-2025 19:00","1762282804","0.34","0.085","0.465","0.032","0.093","0.0025","0.0015","0.0015","0.0015","0.0015","0.0015","0.0015","0.0015","0.0015","0.0015","0.0015","0.0015","0.0015","0.0015","0.0015","0.0015",""
"11-04-2025 20:00","1762286404","0.34","0.085","0.465","0.032","0.096","0.0025","0.0015","0.0015","0.0015","0.0015","0.0015","0.0015","0.0015","0.0015","0.0015","0.0015","0.0015","0.0015","0.0015","0.0015","0.0015",""
"11-04-2025 21:00","1762290004","0.32","0.08","0.465","0.0315","0.1205","0.0025","0.0015","0.0015","0.0015","0.0015","0.0015","0.0015","0.0015","0.0015","0.0015","0.0015","0.0015","0.0015","0.0015","0.0015","0.0015",""
"11-04-2025 22:00","1762293605","0.32","0.08","0.46","0.0325","0.119","0.0025","0.0015","0.0015","0.0015","0.0015","0.0015","0.0015","0.0015","0.0015","0.0015","0.0015","0.0015","0.0015","0.0015","0.0015","0.0015",""
"11-04-2025 23:00","1762297204","0.32","0.08","0.465","0.034","0.109","0.0025","0.0015","0.0015","0.0015","0.0015","0.0015","0.0015","0.0015","0.0015","0.0015","0.0015","0.0015","0.0015","0.0015","0.0015","0.0015",""
"11-05-2025 00:00","1762300804","0.32","0.08","0.465","0.033","0.1095","0.0025","0.0015","0.0015","0.0015","0.0015","0.0015","0.0015","0.0015","0.0015","0.0015","0.0015","0.0015","0.0015","0.0015","0.0015","0.0015",""
"11-05-2025 01:00","1762304404","0.32","0.08","0.465","0.0325","0.1085","0.0025","0.0015","0.0015","0.0015","0.0015","0.0015","0.0015","0.0015","0.0015","0.0015","0.0015","0.0015","0.0015","0.0015","0.0015","0.0015",""
"11-05-2025 02:00","1762308004","0.32","0.08","0.465","0.035","0.1095","0.0025","0.0015","0.0015","0.0015","0.0015","0.0015","0.0015","0.0015","0.0015","0.0015","0.0015","0.0015","0.0015","0.0015","0.0015","0.0015",""
"11-05-2025 03:00","1762311604","0.32","0.08","0.465","0.0335","0.1085","0.0025","0.0015","0.0015","0.0015","0.0015","0.0015","0.0015","0.0015","0.0015","0.0015","0.0015","0.0015","0.0015","0.0015","0.0015","0.0015",""
"11-05-2025 04:00","1762315203","0.32","0.08","0.46","0.0345","0.1085","0.0025","0.0015","0.0015","0.0015","0.0015","0.0015","0.0015","0.0015","0.0015","0.0015","0.0015","0.0015","0.0015","0.0015","0.0015","0.0015",""
"11-05-2025 05:00","1762318804","0.32","0.08","0.465","0.0325","0.1085","0.0025","0.0015","0.0015","0.0015","0.0015","0.0015","0.0015","0.0015","0.0015","0.0015","0.0015","0.0015","0.0015","0.0015","0.0015","0.0015",""
"11-05-2025 06:00","1762322405","0.32","0.08","0.465","0.0325","0.108","0.0025","0.0015","0.0015","0.0015","0.0015","0.0015","0.0015","0.0015","0.0015","0.0015","0.0015","0.0015","0.0015","0.0015","0.0015","0.0015",""
"11-05-2025 07:00","1762326005","0.32","0.08","0.465","0.0315","0.107","0.0025","0.0015","0.0015","0.0015","0.0015","0.0015","0.0015","0.0015","0.0015","0.0015","0.0015","0.0015","0.0015","0.0015","0.0015","0.0015",""
"11-05-2025 08:00","1762329605","0.32","0.08","0.465","0.031","0.107","0.0025","0.0015","0.0015","0.0015","0.0015","0.0015","0.0015","0.0015","0.0015","0.0015","0.0015","0.0015","0.0015","0.0015","0.0015","0.0015",""
"11-05-2025 09:00","1762333204","0.32","0.08","0.47","0.0285","0.106","0.0025","0.0015","0.0015","0.0015","0.0015","0.0015","0.0015","0.0015","0.0015","0.0015","0.0015","0.0015","0.0015","0.0015","0.0015","0.0015",""
"11-05-2025 10:00","1762336804","0.315","0.075","0.475","0.0305","0.1065","0.0025","0.0015","0.0015","0.0015","0.0015","0.0015","0.0015","0.0015","0.0015","0.0015","0.0015","0.0015","0.0015","0.0015","0.0015","0.0015",""
"11-05-2025 11:00","1762340405","0.315","0.075","0.47","0.031","0.1065","0.0025","0.0015","0.0015","0.0015","0.0015","0.0015","0.0015","0.0015","0.0015","0.0015","0.0015","0.0015","0.0015","0.0015","0.0015","0.0015",""
"11-05-2025 12:00","1762344005","0.315","0.075","0.475","0.029","0.1075","0.0025","0.0015","0.0015","0.0015","0.0015","0.0015","0.0015","0.0015","0.0015","0.0015","0.002","0.0015","0.0015","0.0015","0.0015","0.0015",""
"11-05-2025 13:00","1762347605","0.315","0.085","0.465","0.0305","0.1065","0.0025","0.0015","0.0015","0.0015","0.0015","0.0015","0.0015","0.0015","0.0015","0.0015","0.002","0.0015","0.0015","0.0015","0.0015","0.0015",""
"11-05-2025 14:00","1762351205","0.32","0.085","0.47","0.026","0.107","0.0025","0.0015","0.0015","0.0015","0.0015","0.0015","0.0015","0.0015","0.0015","0.0015","0.002","0.0015","0.0015","0.0015","0.0015","0.0015",""
"11-05-2025 15:00","1762354805","0.32","0.085","0.475","0.031","0.105","0.0025","0.0015","0.0015","0.0015","0.0015","0.0015","0.0015","0.0015","0.0015","0.0015","0.002","0.0015","0.0015","0.0015","0.0015","0.0015",""
"11-05-2025 16:00","1762358404","0.32","0.08","0.47","0.0455","0.09","0.0025","0.0015","0.0015","0.0015","0.0015","0.0015","0.0015","0.0015","0.0015","0.0015","0.002","0.0015","0.0015","0.0015","0.0015","0.0015",""
"11-05-2025 17:00","1762362003","0.315","0.08","0.465","0.045","0.098","0.0025","0.0015","0.0015","0.0015","0.0015","0.0015","0.0015","0.0015","0.0015","0.0015","0.002","0.0015","0.0015","0.0015","0.0015","0.0015",""
"11-05-2025 18:00","1762365604","0.315","0.075","0.455","0.0445","0.1135","0.0025","0.0015","0.0015","0.0015","0.0015","0.0015","0.0015","0.0015","0.0015","0.0015","0.002","0.0015","0.0015","0.0015","0.0015","0.0015",""
"11-05-2025 19:00","1762369204","0.31","0.075","0.455","0.045","0.115","0.0025","0.0015","0.0015","0.0015","0.0015","0.0015","0.0015","0.0015","0.0015","0.0015","0.002","0.0015","0.0015","0.0015","0.0015","0.0015",""
"11-05-2025 20:00","1762372804","0.305","0.075","0.47","0.045","0.108","0.0025","0.0015","0.0015","0.0015","0.0015","0.0015","0.0015","0.0015","0.0015","0.0015","0.002","0.0015","0.0015","0.0015","0.0015","0.0015",""
"11-05-2025 21:00","1762376403","0.305","0.075","0.465","0.042","0.112","0.0025","0.0015","0.0015","0.0015","0.0015","0.0015","0.0015","0.0015","0.0015","0.0015","0.002","0.0015","0.0015","0.0015","0.0015","0.0015",""
"11-05-2025 22:00","1762380004","0.305","0.075","0.455","0.045","0.1125","0.0025","0.0015","0.0015","0.0015","0.0015","0.0015","0.0015","0.0015","0.0015","0.0015","0.0015","0.0015","0.0015","0.0015","0.0015","0.0015",""
"11-05-2025 23:00","1762383604","0.305","0.075","0.46","0.045","0.1075","0.0025","0.0015","0.0015","0.0015","0.0015","0.0015","0.0015","0.0015","0.0015","0.0015","0.0015","0.0015","0.0015","0.0015","0.0015","0.0015",""
"11-06-2025 00:00","1762387203","0.31","0.075","0.475","0.045","0.102","0.0025","0.0015","0.0015","0.0015","0.0015","0.0015","0.0015","0.0015","0.0015","0.0015","0.0015","0.0015","0.0015","0.0015","0.0015","0.0015",""
"11-06-2025 01:00","1762390804","0.31","0.075","0.47","0.045","0.104","0.0025","0.0015","0.0015","0.0015","0.0015","0.0015","0.0015","0.0015","0.0015","0.0015","0.0015","0.0015","0.0015","0.0015","0.0015","0.0015",""
"11-06-2025 02:00","1762394404","0.31","0.075","0.47","0.045","0.1035","0.0025","0.0015","0.0015","0.0015","0.0015","0.0015","0.0015","0.0015","0.0015","0.0015","0.0015","0.0015","0.0015","0.0015","0.0015","0.0015",""
"11-06-2025 03:00","1762398004","0.31","0.075","0.47","0.045","0.1005","0.0025","0.0015","0.0015","0.0015","0.0015","0.0015","0.0015","0.0015","0.0015","0.0015","0.0015","0.0015","0.0015","0.0015","0.0015","0.0015",""
"11-06-2025 04:00","1762401604","0.315","0.075","0.475","0.045","0.1005","0.0025","0.0015","0.0015","0.0015","0.0015","0.0015","0.0015","0.0015","0.0015","0.0015","0.0015","0.0015","0.002","0.0015","0.0015","0.0015",""
"11-06-2025 05:00","1762405204","0.31","0.075","0.47","0.045","0.103","0.0025","0.0015","0.0015","0.0015","0.0015","0.0015","0.0015","0.0015","0.0015","0.0015","0.0015","0.0015","0.002","0.0015","0.0015","0.0015",""
"11-06-2025 06:00","1762408804","0.31","0.075","0.47","0.045","0.103","0.0025","0.0015","0.0015","0.0015","0.0015","0.0015","0.0015","0.0015","0.0015","0.0015","0.0015","0.0015","0.002","0.0015","0.0015","0.0015",""
"11-06-2025 07:00","1762412404","0.31","0.075","0.47","0.045","0.104","0.0025","0.0015","0.0015","0.0015","0.0015","0.0015","0.0015","0.0015","0.0015","0.0015","0.0015","0.0015","0.002","0.0015","0.0015","0.0015",""
"11-06-2025 08:00","1762416003","0.31","0.075","0.47","0.045","0.1","0.0025","0.0015","0.0015","0.0015","0.0015","0.0015","0.0015","0.0015","0.0015","0.0015","0.0015","0.0015","0.002","0.0015","0.0015","0.0015",""
"11-06-2025 09:00","1762419604","0.31","0.075","0.45","0.0455","0.095","0.0025","0.0015","0.0015","0.0015","0.0015","0.0015","0.0015","0.0015","0.0015","0.0015","0.0015","0.0015","0.002","0.0015","0.0015","0.0015",""
"11-06-2025 10:00","1762423203","0.31","0.075","0.46","0.0455","0.095","0.0025","0.0015","0.0015","0.0015","0.0015","0.0015","0.0015","0.0015","0.0015","0.0015","0.0015","0.0015","0.002","0.0015","0.0015","0.0015",""
"11-06-2025 11:00","1762426803","0.31","0.075","0.46","0.045","0.094","0.0025","0.0015","0.0015","0.0015","0.0015","0.0015","0.0015","0.0015","0.0015","0.0015","0.0015","0.0015","0.002","0.0015","0.0015","0.0015",""
"11-06-2025 12:00","1762430404","0.31","0.075","0.46","0.045","0.0935","0.0025","0.0015","0.0015","0.0015","0.0015","0.0015","0.0015","0.0015","0.0015","0.0015","0.0015","0.0015","0.002","0.0015","0.0015","0.0015",""
"11-06-2025 13:00","1762434003","0.31","0.075","0.465","0.045","0.0905","0.0025","0.0015","0.0015","0.0015","0.0015","0.0015","0.0015","0.0015","0.0015","0.0015","0.0015","0.0015","0.002","0.0015","0.0015","0.0015",""
"11-06-2025 14:00","1762437604","0.31","0.075","0.47","0.045","0.0865","0.0025","0.0015","0.0015","0.0015","0.0015","0.0015","0.0015","0.0015","0.0015","0.0015","0.0015","0.0015","0.002","0.0015","0.0015","0.0015",""
"11-06-2025 15:00","1762441204","0.305","0.075","0.465","0.045","0.087","0.0025","0.0015","0.0015","0.0015","0.0015","0.0015","0.0015","0.0015","0.0015","0.0015","0.002","0.0015","0.002","0.0015","0.0015","0.0015",""
"11-06-2025 16:00","1762444804","0.305","0.075","0.47","0.045","0.087","0.0025","0.0015","0.0015","0.0015","0.0015","0.0015","0.0015","0.0015","0.0015","0.0015","0.002","0.0015","0.002","0.0015","0.0015","0.0015",""
"11-06-2025 17:00","1762448404","0.305","0.075","0.47","0.045","0.088","0.0025","0.0015","0.0015","0.0015","0.0015","0.0015","0.0015","0.0015","0.0015","0.0015","0.002","0.0015","0.002","0.0015","0.0015","0.0015",""
"11-06-2025 18:00","1762452004","0.305","0.075","0.47","0.045","0.0885","0.0025","0.0015","0.0015","0.0015","0.0015","0.0015","0.0015","0.0015","0.0015","0.0015","0.002","0.0015","0.002","0.0015","0.0015","0.0015",""
"11-06-2025 19:00","1762455604","0.305","0.075","0.46","0.0445","0.088","0.0025","0.0015","0.0015","0.0015","0.0015","0.0015","0.0015","0.0015","0.0015","0.0015","0.002","0.0015","0.002","0.0015","0.0015","0.0015",""
"11-06-2025 20:00","1762459206","0.305","0.075","0.47","0.0445","0.088","0.0025","0.0015","0.0015","0.0015","0.0015","0.0015","0.0015","0.0015","0.0015","0.0015","0.002","0.0015","0.002","0.0015","0.0015","0.0015",""
"11-06-2025 21:00","1762462806","0.305","0.075","0.47","0.0445","0.087","0.0025","0.0015","0.0015","0.0015","0.0015","0.0015","0.0015","0.0015","0.0015","0.0015","0.0025","0.0015","0.002","0.0015","0.0015","0.0015",""
"11-06-2025 22:00","1762466404","0.295","0.075","0.465","0.026","0.088","0.0025","0.0015","0.0015","0.0015","0.0015","0.0015","0.0015","0.0015","0.0015","0.0015","0.002","0.0015","0.002","0.0015","0.0015","0.0015",""
"11-06-2025 23:00","1762470004","0.295","0.075","0.465","0.032","0.088","0.0025","0.0015","0.0015","0.0015","0.0015","0.0015","0.0015","0.0015","0.0015","0.0015","0.002","0.0015","0.002","0.0015","0.0015","0.0015",""
"11-07-2025 00:00","1762473604","0.295","0.075","0.48","0.032","0.087","0.0025","0.0015","0.0015","0.0015","0.0015","0.0015","0.0015","0.0015","0.0015","0.0015","0.002","0.0015","0.002","0.0015","0.0015","0.0015",""
"11-07-2025 01:00","1762477204","0.265","0.075","0.445","0.046","0.088","0.0025","0.0015","0.0015","0.0015","0.0015","0.0015","0.0015","0.0015","0.0015","0.0015","0.002","0.0015","0.002","0.0015","0.0015","0.0015",""
"11-07-2025 02:00","1762480807","0.265","0.075","0.455","0.0465","0.0875","0.0025","0.0015","0.0015","0.0015","0.0015","0.0015","0.0015","0.0015","0.0015","0.0015","0.002","0.0015","0.002","0.0015","0.0015","0.0015",""
"11-07-2025 03:00","1762484405","0.265","0.08","0.465","0.0465","0.0875","0.0025","0.0015","0.0015","0.0015","0.0015","0.0015","0.0015","0.0015","0.0015","0.0015","0.002","0.0015","0.002","0.0015","0.0015","0.0015",""
"11-07-2025 04:00","1762488004","0.265","0.08","0.465","0.0465","0.087","0.0025","0.0015","0.0015","0.0015","0.0015","0.0015","0.0015","0.0015","0.0015","0.0015","0.002","0.0015","0.002","0.0015","0.0015","0.0015",""
"11-07-2025 05:00","1762491606","0.265","0.08","0.465","0.0465","0.0855","0.0025","0.0015","0.0015","0.0015","0.0015","0.0015","0.0015","0.0015","0.0015","0.0015","0.002","0.0015","0.002","0.0015","0.0015","0.0015",""
"11-07-2025 06:00","1762495207","0.265","0.085","0.465","0.0465","0.088","0.0025","0.0015","0.0015","0.0015","0.0015","0.0015","0.0015","0.0015","0.0015","0.0015","0.002","0.0015","0.002","0.0015","0.0015","0.0015",""
"11-07-2025 07:00","1762498804","0.285","0.085","0.465","0.0465","0.087","0.0025","0.0015","0.0015","0.0015","0.0015","0.0015","0.0015","0.0015","0.0015","0.0015","0.002","0.0015","0.002","0.0015","0.0015","0.0015",""
"11-07-2025 08:00","1762502404","0.28","0.085","0.465","0.0465","0.087","0.0025","0.0015","0.0015","0.0015","0.0015","0.0015","0.0015","0.0015","0.0015","0.0015","0.002","0.0015","0.002","0.0015","0.0015","0.0015",""
"11-07-2025 09:00","1762506004","0.28","0.085","0.465","0.0465","0.088","0.0025","0.0015","0.0015","0.0015","0.0015","0.0015","0.0015","0.0015","0.0015","0.0015","0.002","0.0015","0.002","0.0015","0.0015","0.0015",""
"11-07-2025 10:00","1762509604","0.275","0.085","0.47","0.0465","0.088","0.0025","0.0015","0.0015","0.0015","0.0015","0.0015","0.0015","0.0015","0.0015","0.0015","0.002","0.0015","0.002","0.0015","0.0015","0.0015",""
"11-07-2025 11:00","1762513203","0.285","0.085","0.47","0.0465","0.0875","0.0025","0.0015","0.0015","0.0015","0.0015","0.0015","0.0015","0.0015","0.0015","0.0015","0.002","0.0015","0.002","0.0015","0.0015","0.0015",""
"11-07-2025 12:00","1762516805","0.275","0.085","0.47","0.0465","0.091","0.0025","0.0015","0.0015","0.0015","0.0015","0.0015","0.0015","0.0015","0.0015","0.0015","0.002","0.0015","0.002","0.0015","0.0015","0.0015",""
"11-07-2025 13:00","1762520406","0.27","0.085","0.47","0.0465","0.0895","0.0025","0.0015","0.0015","0.0015","0.0015","0.0015","0.0015","0.0015","0.0015","0.0015","0.002","0.0015","0.002","0.0015","0.0015","0.0015",""
"11-07-2025 14:00","1762524006","0.27","0.085","0.48","0.0465","0.091","0.0025","0.0015","0.0015","0.0015","0.0015","0.0015","0.0015","0.0015","0.0015","0.0015","0.002","0.0015","0.002","0.0015","0.0015","0.0015",""
"11-07-2025 15:00","1762527615","0.265","0.085","0.48","0.064","0.0925","0.0015","0.0015","0.0015","0.0015","0.0015","0.0015","0.0015","0.0015","0.0015","0.0015","0.002","0.0015","0.002","0.0015","0.0015","0.0015",""
"11-07-2025 16:00","1762531205","0.265","0.085","0.48","0.059","0.0935","0.0015","0.0015","0.0015","0.0015","0.0015","0.0015","0.0015","0.0015","0.0015","0.0015","0.002","0.0015","0.002","0.0015","0.0015","0.0015",""
"11-07-2025 17:00","1762534821","0.265","0.075","0.48","0.06","0.0935","0.0015","0.0015","0.0015","0.0015","0.0015","0.0015","0.0015","0.0015","0.0015","0.0015","0.002","0.0015","0.002","0.0015","0.0015","0.0015",""
"11-07-2025 18:00","1762538407","0.265","0.075","0.48","0.06","0.1045","0.0015","0.0015","0.0015","0.0015","0.0015","0.0015","0.0015","0.0015","0.0015","0.0015","0.002","0.0015","0.002","0.0015","0.0015","0.0015",""
"11-07-2025 19:00","1762542006","0.265","0.075","0.48","0.06","0.107","0.0015","0.0015","0.0015","0.0015","0.0015","0.0015","0.0015","0.0015","0.0015","0.0015","0.002","0.0015","0.002","0.0015","0.0015","0.0015",""
"11-07-2025 20:00","1762545617","0.265","0.075","0.465","0.0605","0.105","0.0015","0.0015","0.0015","0.0015","0.0015","0.0015","0.0015","0.0015","0.0015","0.0015","0.002","0.0015","0.002","0.0015","0.0015","0.0015",""
"11-07-2025 21:00","1762549205","0.265","0.075","0.465","0.0605","0.105","0.0015","0.0015","0.0015","0.0015","0.0015","0.0015","0.0015","0.0015","0.0015","0.0015","0.002","0.0015","0.002","0.0015","0.0015","0.0015",""
"11-07-2025 22:00","1762552804","0.265","0.075","0.475","0.0605","0.1045","0.0015","0.0015","0.0015","0.0015","0.0015","0.0015","0.0015","0.0015","0.0015","0.0015","0.002","0.0015","0.002","0.0015","0.0015","0.0015",""
"11-07-2025 23:00","1762556420","0.265","0.075","0.475","0.0605","0.1055","0.0015","0.0015","0.0015","0.0015","0.0015","0.0015","0.0015","0.0015","0.0015","0.0015","0.002","0.0015","0.002","0.0015","0.0015","0.0015",""
"11-08-2025 00:00","1762560005","0.265","0.075","0.475","0.0605","0.1055","0.0015","0.0015","0.0015","0.0015","0.0015","0.0015","0.0015","0.0015","0.0015","0.0015","0.002","0.0015","0.002","0.0015","0.0015","0.0015",""
"11-08-2025 01:00","1762563606","0.265","0.075","0.475","0.0605","0.109","0.0015","0.0015","0.0015","0.0015","0.0015","0.0015","0.0015","0.0015","0.0015","0.0015","0.002","0.0015","0.002","0.0015","0.0015","0.0015",""
"11-08-2025 02:00","1762567205","0.265","0.075","0.475","0.0605","0.107","0.0015","0.0015","0.0015","0.0015","0.0015","0.0015","0.0015","0.0015","0.0015","0.0015","0.002","0.0015","0.002","0.0015","0.0015","0.0015",""
"11-08-2025 03:00","1762570805","0.265","0.075","0.495","0.0605","0.106","0.0015","0.0015","0.0015","0.0015","0.0015","0.0015","0.0015","0.0015","0.0015","0.0015","0.002","0.0015","0.002","0.0015","0.0015","0.0015",""
"11-08-2025 04:00","1762574405","0.265","0.075","0.495","0.06","0.1055","0.0015","0.0015","0.0015","0.0015","0.0015","0.0015","0.0015","0.0015","0.0015","0.0015","0.002","0.0015","0.002","0.0015","0.0015","0.0015",""
"11-08-2025 05:00","1762578005","0.265","0.075","0.495","0.06","0.1055","0.0015","0.0015","0.0015","0.0015","0.0015","0.0015","0.0015","0.0015","0.0015","0.0015","0.002","0.0015","0.002","0.0015","0.0015","0.0015",""
"11-08-2025 06:00","1762581605","0.275","0.075","0.505","0.0575","0.104","0.0015","0.0015","0.0015","0.0015","0.0015","0.0015","0.0015","0.0015","0.0015","0.0015","0.002","0.0015","0.002","0.0015","0.0015","0.0015",""
"11-08-2025 07:00","1762585205","0.275","0.075","0.505","0.0575","0.104","0.0015","0.0015","0.0015","0.0015","0.0015","0.0015","0.0015","0.0015","0.0015","0.0015","0.002","0.0015","0.002","0.0015","0.0015","0.0015",""
"11-08-2025 08:00","1762588804","0.265","0.075","0.505","0.0575","0.1045","0.0015","0.0015","0.0015","0.0015","0.0015","0.0015","0.0015","0.0015","0.0015","0.0015","0.002","0.0015","0.002","0.0015","0.0015","0.0015",""
"11-08-2025 09:00","1762592404","0.265","0.075","0.505","0.0575","0.105","0.0015","0.0015","0.0015","0.0015","0.0015","0.0015","0.0015","0.0015","0.0015","0.0015","0.002","0.0015","0.002","0.0015","0.0015","0.0015",""
"11-08-2025 10:00","1762596005","0.265","0.075","0.505","0.0575","0.105","0.0015","0.0015","0.0015","0.0015","0.0015","0.0015","0.0015","0.0015","0.0015","0.0015","0.002","0.0015","0.002","0.0015","0.0015","0.0015",""
"11-08-2025 11:00","1762599617","0.265","0.075","0.505","0.0575","0.105","0.0015","0.0015","0.0015","0.0015","0.0015","0.0015","0.0015","0.0015","0.0015","0.0015","0.002","0.0015","0.002","0.0015","0.0015","0.0015",""
"11-08-2025 12:00","1762603219","0.265","0.075","0.505","0.0575","0.105","0.0015","0.0015","0.0015","0.0015","0.0015","0.0015","0.0015","0.0015","0.0015","0.0015","0.002","0.0015","0.002","0.0015","0.0015","0.0015",""
"11-08-2025 13:00","1762606805","0.265","0.075","0.505","0.0575","0.105","0.0015","0.0015","0.0015","0.0015","0.0015","0.0015","0.0015","0.0015","0.0015","0.0015","0.002","0.0015","0.002","0.0015","0.0015","0.0015",""
"11-08-2025 14:00","1762610405","0.265","0.075","0.505","0.0575","0.105","0.0015","0.0015","0.0015","0.0015","0.0015","0.0015","0.0015","0.0015","0.0015","0.0015","0.002","0.0015","0.002","0.0015","0.0015","0.0015",""
"11-08-2025 15:00","1762614005","0.265","0.075","0.505","0.0575","0.1065","0.0015","0.0015","0.0015","0.0015","0.0015","0.0015","0.0015","0.0015","0.0015","0.0015","0.002","0.0015","0.002","0.0015","0.0015","0.0015",""
"11-08-2025 16:00","1762617605","0.265","0.075","0.505","0.0555","0.108","0.0015","0.0015","0.0015","0.0015","0.0015","0.0015","0.0015","0.0015","0.0015","0.0015","0.0015","0.0015","0.002","0.0015","0.0015","0.0015",""
"11-08-2025 17:00","1762621204","0.265","0.075","0.505","0.0555","0.1075","0.0015","0.0015","0.0015","0.0015","0.0015","0.0015","0.0015","0.0015","0.0015","0.0015","0.0015","0.0015","0.002","0.0015","0.0015","0.0015",""
"11-08-2025 18:00","1762624805","0.265","0.075","0.505","0.0555","0.1045","0.0015","0.0015","0.0015","0.0015","0.0015","0.0015","0.0015","0.0015","0.0015","0.0015","0.0015","0.0015","0.002","0.0015","0.0015","0.0015",""
"11-08-2025 19:00","1762628405","0.265","0.075","0.505","0.0505","0.104","0.0015","0.0015","0.0015","0.0015","0.0015","0.0015","0.0015","0.0015","0.0015","0.0015","0.0015","0.0015","0.002","0.0015","0.0015","0.0015",""
"11-08-2025 20:00","1762632004","0.265","0.075","0.505","0.0495","0.1035","0.0015","0.0015","0.0015","0.0015","0.0015","0.0015","0.0015","0.0015","0.0015","0.0015","0.0015","0.0015","0.002","0.0015","0.0015","0.0015",""
"11-08-2025 21:00","1762635605","0.265","0.075","0.525","0.0495","0.088","0.0015","0.0015","0.0015","0.0015","0.0015","0.0015","0.0015","0.0015","0.0015","0.0015","0.0015","0.0015","0.002","0.0015","0.0015","0.0015",""
"11-08-2025 22:00","1762639205","0.265","0.075","0.53","0.0495","0.088","0.0015","0.0015","0.0015","0.0015","0.0015","0.0015","0.0015","0.0015","0.0015","0.0015","0.0015","0.0015","0.002","0.0015","0.0015","0.0015",""
"11-08-2025 23:00","1762642805","0.265","0.075","0.52","0.0495","0.089","0.0015","0.0015","0.0015","0.0015","0.0015","0.0015","0.0015","0.0015","0.0015","0.0015","0.0015","0.0015","0.002","0.0015","0.0015","0.0015",""
"11-09-2025 00:00","1762646417","0.265","0.075","0.515","0.0495","0.0885","0.0015","0.0015","0.0015","0.0015","0.0015","0.0015","0.0015","0.0015","0.0015","0.0015","0.0015","0.0015","0.002","0.0015","0.0015","0.0015",""
"11-09-2025 01:00","1762650004","0.265","0.075","0.515","0.0495","0.088","0.0015","0.0015","0.0015","0.0015","0.0015","0.0015","0.0015","0.0015","0.0015","0.0015","0.0015","0.0015","0.002","0.0015","0.0015","0.0015",""
"11-09-2025 02:00","1762653605","0.265","0.075","0.515","0.0495","0.088","0.0015","0.0015","0.0015","0.0015","0.0015","0.0015","0.0015","0.0015","0.0015","0.0015","0.0015","0.0015","0.0015","0.0015","0.0015","0.0015",""
"11-09-2025 03:00","1762657205","0.265","0.075","0.525","0.0495","0.088","0.0015","0.0015","0.0015","0.0015","0.0015","0.0015","0.0015","0.0015","0.0015","0.0015","0.0015","0.0015","0.0015","0.0015","0.0015","0.0015",""
"11-09-2025 04:00","1762660816","0.265","0.075","0.53","0.0495","0.088","0.0015","0.0015","0.0015","0.0015","0.0015","0.0015","0.0015","0.0015","0.0015","0.0015","0.0015","0.0015","0.0015","0.0015","0.0015","0.0015",""
"11-09-2025 05:00","1762664404","0.265","0.075","0.52","0.0495","0.088","0.0015","0.0015","0.0015","0.0015","0.0015","0.0015","0.0015","0.0015","0.0015","0.0015","0.0015","0.0015","0.0015","0.0015","0.0015","0.0015",""
"11-09-2025 06:00","1762668004","0.265","0.075","0.52","0.0495","0.0885","0.0015","0.0015","0.0015","0.0015","0.0015","0.0015","0.0015","0.0015","0.0015","0.0015","0.0015","0.0015","0.0015","0.0015","0.0015","0.0015",""
"11-09-2025 07:00","1762671604","0.265","0.075","0.525","0.0495","0.0885","0.0015","0.0015","0.0015","0.0015","0.0015","0.0015","0.0015","0.0015","0.0015","0.0015","0.0015","0.0015","0.0015","0.0015","0.0015","0.0015",""
"11-09-2025 08:00","1762675204","0.265","0.075","0.525","0.0335","0.0885","0.0015","0.0015","0.0015","0.0015","0.0015","0.0015","0.0015","0.0015","0.0015","0.0015","0.0015","0.0015","0.0015","0.0015","0.0015","0.0015",""
"11-09-2025 09:00","1762678804","0.265","0.075","0.525","0.0345","0.0885","0.0015","0.0015","0.0015","0.0015","0.0015","0.0015","0.0015","0.0015","0.0015","0.0015","0.0015","0.0015","0.0015","0.0015","0.0015","0.0015",""
"11-09-2025 10:00","1762682404","0.265","0.075","0.53","0.0355","0.0885","0.0015","0.0015","0.0015","0.0015","0.0015","0.0015","0.0015","0.0015","0.0015","0.0015","0.0015","0.0015","0.0015","0.0015","0.0015","0.0015",""
"11-09-2025 11:00","1762686004","0.265","0.075","0.53","0.0365","0.0885","0.0015","0.0015","0.0015","0.0015","0.0015","0.0015","0.0015","0.0015","0.0015","0.0015","0.0015","0.0015","0.0015","0.0015","0.0015","0.0015",""
"11-09-2025 12:00","1762689604","0.26","0.075","0.53","0.0375","0.088","0.0015","0.0015","0.0015","0.0015","0.0015","0.0015","0.0015","0.0015","0.0015","0.0015","0.0015","0.001","0.0015","0.0015","0.0015","0.0015",""
"11-09-2025 13:00","1762693204","0.255","0.075","0.53","0.0485","0.0875","0.0015","0.0015","0.0015","0.0015","0.0015","0.0015","0.0015","0.0015","0.0015","0.0015","0.0015","0.001","0.0015","0.0015","0.0015","0.0015",""
"11-09-2025 14:00","1762696804","0.265","0.075","0.465","0.048","0.082","0.0015","0.0015","0.0015","0.0015","0.0015","0.0015","0.0015","0.0015","0.0015","0.0015","0.0015","0.001","0.0015","0.0015","0.0015","0.0015",""
"11-09-2025 15:00","1762700404","0.27","0.075","0.485","0.0495","0.0825","0.0015","0.0015","0.0015","0.0015","0.0015","0.0015","0.0015","0.0015","0.0015","0.0015","0.0015","0.001","0.0015","0.0015","0.0015","0.0015",""
"11-09-2025 16:00","1762704004","0.27","0.075","0.485","0.0485","0.084","0.0015","0.0015","0.0015","0.0015","0.0015","0.0015","0.0015","0.0015","0.0015","0.0015","0.0015","0.001","0.0015","0.0015","0.0015","0.0015",""
"11-09-2025 17:00","1762707604","0.27","0.075","0.475","0.0435","0.0835","0.0015","0.0015","0.0015","0.0015","0.0015","0.0015","0.0015","0.0015","0.0015","0.0015","0.0015","0.001","0.0015","0.0015","0.0015","0.0015",""
"11-09-2025 18:00","1762711204","0.265","0.075","0.485","0.041","0.0855","0.0015","0.0015","0.0015","0.0015","0.0015","0.0015","0.0015","0.0015","0.0015","0.0015","0.0015","0.001","0.0015","0.0015","0.0015","0.0015",""
"11-09-2025 19:00","1762714804","0.27","0.075","0.485","0.041","0.093","0.0015","0.0015","0.0015","0.0015","0.0015","0.0015","0.0015","0.0015","0.0015","0.0015","0.0015","0.001","0.0015","0.0015","0.0015","0.0015",""
"11-09-2025 20:00","1762718404","0.275","0.075","0.47","0.036","0.0855","0.0015","0.0015","0.0015","0.0015","0.0015","0.0015","0.0015","0.0015","0.0015","0.0015","0.0015","0.001","0.0015","0.0015","0.0015","0.0015",""
"11-09-2025 21:00","1762722004","0.31","0.075","0.475","0.036","0.084","0.0015","0.0015","0.0015","0.0015","0.0015","0.0015","0.0015","0.0015","0.0015","0.0015","0.0015","0.001","0.0015","0.0015","0.0015","0.0015",""
"11-09-2025 22:00","1762725604","0.31","0.075","0.44","0.0355","0.084","0.0015","0.0015","0.0015","0.0015","0.0015","0.0015","0.0015","0.0015","0.0015","0.0015","0.0015","0.001","0.0015","0.0015","0.0015","0.0015",""
"11-09-2025 23:00","1762729204","0.32","0.075","0.425","0.0355","0.0925","0.0015","0.0015","0.0015","0.0015","0.0015","0.0015","0.0015","0.0015","0.0015","0.0015","0.0015","0.001","0.0015","0.0015","0.0015","0.0015",""
"11-10-2025 00:00","1762732804","0.315","0.075","0.425","0.0355","0.0875","0.0015","0.0015","0.0015","0.0015","0.0015","0.0015","0.0015","0.0015","0.0015","0.0015","0.0015","0.001","0.0015","0.0015","0.0015","0.0015",""
"11-10-2025 01:00","1762736416","0.3","0.075","0.48","0.0345","0.0875","0.0015","0.0015","0.0015","0.0015","0.0015","0.0015","0.0015","0.0015","0.0015","0.0015","0.0015","0.001","0.0015","0.0015","0.0015","0.0015",""
"11-10-2025 02:00","1762740004","0.29","0.075","0.465","0.034","0.0875","0.0015","0.0015","0.0015","0.0015","0.0015","0.0015","0.0015","0.0015","0.0015","0.0015","0.0015","0.001","0.0015","0.0015","0.0015","0.0015",""
"11-10-2025 03:00","1762743604","0.29","0.075","0.445","0.034","0.0875","0.0015","0.0015","0.0015","0.0015","0.0015","0.0015","0.0015","0.0015","0.0015","0.0015","0.0015","0.001","0.0015","0.0015","0.0015","0.0015",""
"11-10-2025 04:00","1762747205","0.285","0.075","0.45","0.034","0.0875","0.0015","0.0015","0.0015","0.0015","0.0015","0.0015","0.0015","0.0015","0.0015","0.0015","0.0015","0.001","0.0015","0.0015","0.0015","0.0015",""
"11-10-2025 05:00","1762750805","0.285","0.075","0.45","0.034","0.0875","0.0015","0.0015","0.0015","0.0015","0.0015","0.0015","0.0015","0.0015","0.0015","0.0015","0.0015","0.001","0.0015","0.0015","0.0015","0.0015",""
"11-10-2025 06:00","1762754404","0.285","0.075","0.465","0.034","0.0875","0.0015","0.0015","0.0015","0.0015","0.0015","0.0015","0.0015","0.0015","0.0015","0.0015","0.0015","0.001","0.0015","0.0015","0.0015","0.0015",""
"11-10-2025 07:00","1762758003","0.285","0.075","0.47","0.034","0.086","0.0015","0.0015","0.0015","0.0015","0.0015","0.0015","0.0015","0.0015","0.0015","0.0015","0.0015","0.001","0.0015","0.0015","0.0015","0.0015",""
"11-10-2025 08:00","1762761604","0.285","0.075","0.475","0.034","0.086","0.0015","0.0015","0.0015","0.0015","0.0015","0.0015","0.0015","0.0015","0.0015","0.0015","0.0015","0.001","0.0015","0.0015","0.0015","0.0015",""
"11-10-2025 09:00","1762765215","0.29","0.075","0.485","0.0285","0.086","0.0015","0.0015","0.0015","0.0015","0.0015","0.0015","0.0015","0.0015","0.0015","0.0015","0.0015","0.001","0.0015","0.0015","0.0015","0.0015",""
"11-10-2025 10:00","1762768805","0.285","0.075","0.48","0.0285","0.086","0.0015","0.0015","0.0015","0.0015","0.0015","0.0015","0.0015","0.0015","0.0015","0.0015","0.0015","0.001","0.0015","0.0015","0.0015","0.0015",""
"11-10-2025 11:00","1762772403","0.26","0.075","0.485","0.0285","0.093","0.0015","0.0015","0.0015","0.0015","0.0015","0.0015","0.0015","0.0015","0.0015","0.0015","0.0015","0.001","0.0015","0.0015","0.0015","0.0015",""
"11-10-2025 12:00","1762776004","0.27","0.075","0.485","0.0285","0.093","0.0015","0.0015","0.0015","0.0015","0.0015","0.0015","0.0015","0.0015","0.0015","0.0015","0.0015","0.001","0.0015","0.0015","0.0015","0.0015",""
"11-10-2025 13:00","1762779605","0.28","0.07","0.485","0.0285","0.094","0.0015","0.0015","0.0015","0.0015","0.0015","0.0015","0.0015","0.0015","0.0015","0.0015","0.0015","0.001","0.0015","0.0015","0.0015","0.0015",""
"11-10-2025 14:00","1762783204","0.285","0.075","0.485","0.0285","0.094","0.0015","0.0015","0.0015","0.0015","0.0015","0.0015","0.0015","0.0015","0.0015","0.0015","0.0015","0.001","0.0015","0.0015","0.0015","0.0015",""
"11-10-2025 15:00","1762786806","0.285","0.075","0.51","0.027","0.0955","0.0015","0.0015","0.0015","0.0015","0.0015","0.0015","0.0015","0.0015","0.0015","0.0015","0.0015","0.001","0.0015","0.0015","0.0015","0.0015",""
"11-10-2025 16:00","1762790406","0.285","0.075","0.51","0.027","0.094","0.0015","0.0015","0.0015","0.0015","0.0015","0.0015","0.0015","0.0015","0.0015","0.0015","0.0015","0.001","0.0015","0.0015","0.0015","0.0015",""
"11-10-2025 17:00","1762794003","0.275","0.075","0.515","0.0195","0.093","0.0015","0.0015","0.0015","0.0015","0.0015","0.0015","0.0015","0.0015","0.0015","0.0015","0.0015","0.001","0.0015","0.0015","0.0015","0.0015",""
"11-10-2025 18:00","1762797605","0.25","0.075","0.515","0.0195","0.0925","0.0015","0.0015","0.0015","0.0015","0.0015","0.0015","0.0015","0.0015","0.0015","0.0015","0.0015","0.001","0.0015","0.0015","0.0015","0.0015",""
"11-10-2025 19:00","1762801204","0.25","0.07","0.52","0.0195","0.0895","0.0015","0.0015","0.0015","0.0015","0.0015","0.0015","0.0015","0.0015","0.0015","0.0015","0.0015","0.001","0.0015","0.0015","0.0015","0.0015",""
"11-10-2025 20:00","1762804805","0.255","0.07","0.52","0.03","0.091","0.0015","0.0015","0.0015","0.0015","0.0015","0.0015","0.0015","0.0015","0.0015","0.0015","0.0015","0.001","0.0015","0.0015","0.0015","0.0015",""
"11-10-2025 21:00","1762808404","0.275","0.07","0.52","0.0265","0.089","0.0015","0.0015","0.0015","0.0015","0.0015","0.0015","0.0015","0.0015","0.0015","0.0015","0.0015","0.001","0.0015","0.0015","0.0015","0.0015",""
"11-10-2025 22:00","1762812004","0.27","0.07","0.535","0.029","0.092","0.0015","0.0015","0.0015","0.0015","0.0015","0.0015","0.0015","0.0015","0.0015","0.0015","0.0015","0.001","0.0015","0.0015","0.0015","0.0015","0.065"
"11-10-2025 23:00","1762815604","0.27","0.07","0.505","0.0415","0.09","0.0015","0.0015","0.0015","0.0015","0.0015","0.0015","0.0015","0.0015","0.0015","0.0015","0.0015","0.001","0.0015","0.0015","0.0015","0.0015","0.0245"
"11-11-2025 00:00","1762819206","0.27","0.07","0.505","0.0525","0.0895","0.0015","0.0015","0.0015","0.0015","0.0015","0.0015","0.0015","0.0015","0.0015","0.0015","0.0015","0.001","0.0015","0.0015","0.0015","0.0015","0.0155"
"11-11-2025 01:00","1762822806","0.27","0.07","0.505","0.0425","0.091","0.0015","0.0015","0.0015","0.0015","0.0015","0.0015","0.0015","0.0015","0.0015","0.0015","0.0015","0.001","0.0015","0.0015","0.0015","0.0015","0.0105"
"11-11-2025 02:00","1762826406","0.27","0.07","0.505","0.0415","0.091","0.0015","0.0015","0.0015","0.0015","0.0015","0.0015","0.0015","0.0015","0.0015","0.0015","0.0015","0.001","0.0015","0.0015","0.0015","0.0015","0.0105"
"11-11-2025 03:00","1762830006","0.27","0.07","0.505","0.041","0.091","0.0015","0.0015","0.0015","0.0015","0.0015","0.0015","0.0015","0.0015","0.0015","0.0015","0.0015","0.001","0.0015","0.0015","0.0015","0.0015","0.0105"
"11-11-2025 04:00","1762833607","0.27","0.07","0.505","0.038","0.091","0.0015","0.0015","0.0015","0.0015","0.0015","0.0015","0.0015","0.0015","0.0015","0.0015","0.0015","0.001","0.0015","0.0015","0.0015","0.0015","0.0095"
"11-11-2025 05:00","1762837205","0.27","0.07","0.5","0.038","0.091","0.0015","0.0015","0.0015","0.0015","0.0015","0.0015","0.0015","0.0015","0.0015","0.0015","0.0015","0.001","0.0015","0.0015","0.0015","0.0015","0.0075"
"11-11-2025 06:00","1762840811","0.27","0.07","0.5","0.041","0.091","0.0015","0.0015","0.0015","0.0015","0.0015","0.0015","0.0015","0.0015","0.0015","0.0015","0.0015","0.001","0.0015","0.0015","0.0015","0.0015","0.0065"
"11-11-2025 07:00","1762844405","0.27","0.07","0.505","0.0385","0.091","0.0015","0.0015","0.0015","0.0015","0.0015","0.0015","0.0015","0.0015","0.0015","0.0015","0.0015","0.001","0.0015","0.0015","0.0015","0.0015","0.0055"
"11-11-2025 08:00","1762848017","0.275","0.07","0.505","0.042","0.0865","0.0015","0.0015","0.0015","0.0015","0.0015","0.0015","0.0015","0.0015","0.0015","0.0015","0.0015","0.001","0.0015","0.0015","0.0015","0.0015","0.0045"
"11-11-2025 09:00","1762851604","0.27","0.07","0.51","0.041","0.087","0.0015","0.0015","0.0015","0.0015","0.0015","0.0015","0.0015","0.0015","0.0015","0.0015","0.0015","0.001","0.0015","0.0015","0.0015","0.0015","0.0035"
"11-11-2025 10:00","1762855205","0.275","0.07","0.51","0.038","0.0845","0.0015","0.0015","0.0015","0.0015","0.0015","0.0015","0.0015","0.0015","0.0015","0.0015","0.0015","0.001","0.0015","0.0015","0.0015","0.0015","0.0025"
"11-11-2025 11:00","1762858820","0.27","0.07","0.51","0.039","0.0845","0.0015","0.0015","0.0015","0.0015","0.0015","0.0015","0.0015","0.0015","0.0015","0.0015","0.0015","0.001","0.0015","0.0015","0.0015","0.0015","0.0015"
"11-11-2025 12:00","1762862419","0.27","0.07","0.51","0.0415","0.0845","0.0015","0.0015","0.0015","0.0015","0.0015","0.0015","0.0015","0.0015","0.0015","0.0015","0.0015","0.001","0.0015","0.0015","0.0015","0.0015","0.0015"
"11-11-2025 13:00","1762866004","0.27","0.07","0.515","0.0375","0.0845","0.0015","0.0015","0.0015","0.0015","0.0015","0.0015","0.0015","0.0015","0.0015","0.0015","0.0015","0.001","0.0015","0.0015","0.0015","0.0015","0.0015"
"11-11-2025 14:00","1762869605","0.275","0.07","0.455","0.048","0.109","0.0015","0.0015","0.0015","0.0015","0.0015","0.0015","0.0015","0.0015","0.0015","0.0015","0.0015","0.001","0.0015","0.0015","0.0015","0.0015","0.0015"
"11-11-2025 15:00","1762873218","0.28","0.07","0.475","0.0475","0.107","0.0015","0.0015","0.0015","0.0015","0.0015","0.0015","0.0015","0.0015","0.0015","0.0015","0.0015","0.001","0.0015","0.0015","0.0015","0.0015","0.0015"
"11-11-2025 16:00","1762876804","0.275","0.07","0.475","0.048","0.106","0.0015","0.0015","0.0015","0.0015","0.0015","0.0015","0.0015","0.0015","0.0015","0.0015","0.0015","0.001","0.0015","0.0015","0.0015","0.0015","0.0015"
"11-11-2025 17:00","1762880405","0.275","0.07","0.475","0.0475","0.107","0.0015","0.0015","0.0015","0.0015","0.0015","0.0015","0.0015","0.0015","0.0015","0.0015","0.0015","0.001","0.0015","0.0015","0.0015","0.0015","0.0015"
"11-11-2025 18:00","1762884005","0.275","0.07","0.475","0.0475","0.107","0.0015","0.0015","0.0015","0.0015","0.0015","0.0015","0.0015","0.0015","0.0015","0.0015","0.0015","0.001","0.0015","0.0015","0.0015","0.0015","0.0015"
"11-11-2025 19:00","1762887604","0.275","0.075","0.475","0.0475","0.099","0.0015","0.0015","0.0015","0.0015","0.0015","0.0015","0.0015","0.0015","0.0015","0.0015","0.0015","0.001","0.0015","0.0015","0.0015","0.0015","0.0015"
"11-11-2025 20:00","1762891205","0.275","0.065","0.485","0.0475","0.107","0.0015","0.0015","0.0015","0.0015","0.0015","0.0015","0.0015","0.0015","0.0015","0.0015","0.0015","0.001","0.0015","0.0015","0.0015","0.0015","0.0015"
"11-11-2025 21:00","1762894806","0.275","0.065","0.485","0.0475","0.109","0.0015","0.0015","0.0015","0.0015","0.0015","0.0015","0.0015","0.0015","0.0015","0.0015","0.0015","0.001","0.0015","0.0015","0.0015","0.0015","0.0015"
"11-11-2025 22:00","1762898405","0.275","0.065","0.475","0.0475","0.108","0.0015","0.0015","0.0015","0.0015","0.0015","0.0015","0.0015","0.0015","0.0015","0.0015","0.0015","0.001","0.0015","0.0015","0.0015","0.0015","0.0015"
"11-11-2025 23:00","1762902005","0.275","0.065","0.485","0.0475","0.1065","0.0015","0.0015","0.0015","0.0015","0.0015","0.0015","0.0015","0.0015","0.0015","0.0015","0.0015","0.001","0.0015","0.0015","0.0015","0.0015","0.0015"
"11-12-2025 00:00","1762905608","0.275","0.065","0.485","0.0475","0.1095","0.0015","0.0015","0.0015","0.0015","0.0015","0.0015","0.0015","0.0015","0.0015","0.0015","0.0015","0.001","0.0015","0.0015","0.0015","0.0015","0.0015"
"11-12-2025 01:00","1762909204","0.275","0.065","0.485","0.0475","0.102","0.0015","0.0015","0.0015","0.0015","0.0015","0.0015","0.0015","0.0015","0.0015","0.0015","0.0015","0.001","0.0015","0.0015","0.0015","0.0015","0.0015"
"11-12-2025 02:00","1762912804","0.275","0.065","0.485","0.0475","0.104","0.0015","0.0015","0.0015","0.0015","0.0015","0.0015","0.0015","0.0015","0.0015","0.0015","0.0015","0.001","0.0015","0.0015","0.0015","0.0015","0.0015"
"11-12-2025 03:00","1762916406","0.27","0.065","0.48","0.0475","0.105","0.0015","0.0015","0.0015","0.0015","0.0015","0.0015","0.0015","0.0015","0.0015","0.0015","0.0015","0.001","0.0015","0.0015","0.0015","0.0015","0.0015"
"11-12-2025 04:00","1762920005","0.275","0.065","0.485","0.0475","0.105","0.0015","0.0015","0.0015","0.0015","0.0015","0.0015","0.0015","0.0015","0.0015","0.0015","0.0015","0.001","0.0015","0.0015","0.0015","0.0015","0.0015"
"11-12-2025 05:00","1762923604","0.275","0.065","0.485","0.0475","0.0995","0.0015","0.0015","0.0015","0.0015","0.0015","0.0015","0.0015","0.0015","0.0015","0.0015","0.0015","0.001","0.0015","0.0015","0.0015","0.0015","0.0015"
"11-12-2025 06:00","1762927206","0.275","0.065","0.49","0.0475","0.1025","0.0015","0.0015","0.0015","0.0015","0.0015","0.0015","0.0015","0.0015","0.0015","0.0015","0.0015","0.001","0.0015","0.0015","0.0015","0.0015","0.0015"
"11-12-2025 07:00","1762930806","0.275","0.065","0.49","0.0475","0.1005","0.0015","0.0015","0.0015","0.0015","0.0015","0.0015","0.0015","0.0015","0.0015","0.0015","0.0015","0.001","0.0015","0.0015","0.0015","0.0015","0.0015"
"11-12-2025 08:00","1762934404","0.275","0.065","0.49","0.0475","0.1005","0.0015","0.0015","0.0015","0.0015","0.0015","0.0015","0.0015","0.0015","0.0015","0.0015","0.0015","0.001","0.0015","0.0015","0.0015","0.0015","0.0015"
"11-12-2025 09:00","1762938005","0.275","0.065","0.49","0.0475","0.1005","0.0015","0.0015","0.0015","0.0015","0.0015","0.0015","0.0015","0.0015","0.0015","0.0015","0.0015","0.001","0.0015","0.0015","0.0015","0.0015","0.0015"
"11-12-2025 10:00","1762941604","0.275","0.065","0.495","0.0475","0.1005","0.0015","0.0015","0.0015","0.0015","0.0015","0.0015","0.0015","0.0015","0.0015","0.0015","0.0015","0.001","0.0015","0.0015","0.0015","0.0015","0.0015"
"11-12-2025 11:00","1762945204","0.275","0.065","0.495","0.0475","0.1005","0.0015","0.0015","0.0015","0.0015","0.0015","0.0015","0.0015","0.0015","0.0015","0.0015","0.0015","0.001","0.0015","0.0015","0.0015","0.0015","0.0015"
"11-12-2025 12:00","1762948805","0.275","0.065","0.495","0.0475","0.1005","0.0015","0.0015","0.0015","0.0015","0.0015","0.0015","0.0015","0.0015","0.0015","0.0015","0.0015","0.001","0.0015","0.0015","0.0015","0.0015","0.0015"
"11-12-2025 13:00","1762952404","0.275","0.065","0.495","0.0475","0.1005","0.0015","0.0015","0.0015","0.0015","0.0015","0.0015","0.0015","0.0015","0.0015","0.0015","0.0015","0.001","0.0015","0.0015","0.0015","0.0015","0.0015"
"11-12-2025 14:00","1762956005","0.28","0.075","0.495","0.0475","0.1005","0.0015","0.0015","0.0015","0.0015","0.0015","0.0015","0.0015","0.0015","0.0015","0.0015","0.0015","0.001","0.0015","0.0015","0.0015","0.0015","0.0015"
"11-12-2025 15:00","1762959604","0.275","0.075","0.5","0.048","0.099","0.0015","0.0015","0.0015","0.0015","0.0015","0.0015","0.0015","0.0015","0.0015","0.0015","0.0015","0.001","0.0015","0.0015","0.0015","0.0015","0.0045"
"11-12-2025 16:00","1762963205","0.275","0.075","0.5","0.048","0.099","0.0015","0.0015","0.0015","0.0015","0.0015","0.0015","0.0015","0.0015","0.0015","0.0015","0.0015","0.001","0.0015","0.0015","0.0015","0.0015","0.003"
"11-12-2025 17:00","1762966819","0.275","0.075","0.5","0.0475","0.0995","0.0015","0.0015","0.0015","0.0015","0.0015","0.0015","0.0015","0.0015","0.0015","0.0015","0.0015","0.001","0.0015","0.0015","0.0015","0.0015","0.002"
"11-12-2025 18:00","1762970404","0.275","0.075","0.5","0.0475","0.0995","0.0015","0.0015","0.0015","0.0015","0.0015","0.0015","0.0015","0.0015","0.0015","0.0015","0.0015","0.001","0.0015","0.0015","0.0015","0.0015","0.0015"
"11-12-2025 19:00","1762974004","0.275","0.075","0.5","0.0475","0.0995","0.0015","0.0015","0.0015","0.0015","0.0015","0.0015","0.0015","0.0015","0.0015","0.0015","0.0015","0.001","0.0015","0.0015","0.0015","0.0015","0.0015"
"11-12-2025 20:00","1762977605","0.275","0.075","0.5","0.0475","0.0995","0.0015","0.0015","0.0015","0.0015","0.0015","0.0015","0.0015","0.0015","0.0015","0.0015","0.0015","0.001","0.0015","0.0015","0.0015","0.0015","0.0015"
"11-12-2025 21:00","1762981205","0.27","0.075","0.5","0.0475","0.1045","0.0015","0.0015","0.0015","0.0015","0.0015","0.0015","0.0015","0.0015","0.0015","0.0015","0.0015","0.001","0.0015","0.0015","0.0015","0.0015","0.0015"
"11-12-2025 22:00","1762984804","0.28","0.075","0.5","0.0475","0.103","0.0015","0.0015","0.0015","0.0015","0.0015","0.0015","0.0015","0.0015","0.0015","0.0015","0.0015","0.001","0.0015","0.0015","0.0015","0.0015","0.0015"
"11-12-2025 23:00","1762988405","0.275","0.075","0.5","0.047","0.103","0.0015","0.0015","0.0015","0.0015","0.0015","0.0015","0.0015","0.0015","0.0015","0.0015","0.0015","0.001","0.0015","0.0015","0.0015","0.0015","0.0015"
"11-13-2025 00:00","1762992004","0.275","0.075","0.5","0.047","0.106","0.0015","0.0015","0.0015","0.0015","0.0015","0.0015","0.0015","0.0015","0.0015","0.0015","0.0015","0.001","0.0015","0.0015","0.0015","0.0015","0.0015"
"11-13-2025 01:00","1762995604","0.275","0.075","0.495","0.047","0.1045","0.0015","0.0015","0.0015","0.0015","0.0015","0.0015","0.0015","0.0015","0.0015","0.0015","0.0015","0.001","0.0015","0.0015","0.0015","0.0015","0.0015"
"11-13-2025 02:00","1762999204","0.275","0.075","0.5","0.047","0.1045","0.0015","0.0015","0.0015","0.0015","0.0015","0.0015","0.0015","0.0015","0.0015","0.0015","0.0015","0.001","0.0015","0.0015","0.0015","0.0015","0.0015"
"11-13-2025 03:00","1763002804","0.275","0.075","0.5","0.047","0.1035","0.0015","0.0015","0.0015","0.0015","0.0015","0.0015","0.0015","0.0015","0.0015","0.0015","0.0015","0.001","0.0015","0.0015","0.0015","0.0015","0.0015"
"11-13-2025 04:00","1763006404","0.275","0.075","0.5","0.047","0.1055","0.0015","0.0015","0.0015","0.0015","0.0015","0.0015","0.0015","0.0015","0.0015","0.0015","0.0015","0.001","0.0015","0.0015","0.0015","0.0015","0.0015"
"11-13-2025 05:00","1763010004","0.275","0.075","0.5","0.047","0.105","0.0015","0.0015","0.0015","0.0015","0.0015","0.0015","0.0015","0.0015","0.0015","0.0015","0.0015","0.001","0.0015","0.0015","0.0015","0.0015","0.0015"
"11-13-2025 06:00","1763013605","0.275","0.075","0.5","0.047","0.1055","0.0015","0.0015","0.0015","0.0015","0.0015","0.0015","0.0015","0.0015","0.0015","0.0015","0.0015","0.001","0.0015","0.0015","0.0015","0.0015","0.0015"
"11-13-2025 07:00","1763017204","0.275","0.075","0.495","0.047","0.105","0.0015","0.0015","0.0015","0.0015","0.0015","0.0015","0.0015","0.0015","0.0015","0.0015","0.0015","0.001","0.0015","0.0015","0.0015","0.0015","0.0015"
"11-13-2025 08:00","1763020804","0.275","0.075","0.495","0.0465","0.1055","0.0015","0.0015","0.0015","0.0015","0.0015","0.0015","0.0015","0.0015","0.0015","0.0015","0.0015","0.001","0.0015","0.0015","0.0015","0.0015","0.0015"
"11-13-2025 09:00","1763024404","0.275","0.075","0.48","0.0465","0.1055","0.0015","0.0015","0.0015","0.0015","0.0015","0.0015","0.0015","0.0015","0.0015","0.0015","0.0015","0.001","0.0015","0.0015","0.0015","0.0015","0.0015"
"11-13-2025 10:00","1763028004","0.275","0.075","0.48","0.0465","0.103","0.0015","0.0015","0.0015","0.0015","0.0015","0.0015","0.0015","0.0015","0.0015","0.0015","0.0015","0.001","0.0015","0.0015","0.0015","0.0015","0.0015"
"11-13-2025 11:00","1763031604","0.275","0.075","0.48","0.0465","0.1025","0.0015","0.0015","0.0015","0.0015","0.0015","0.0015","0.0015","0.0015","0.0015","0.0015","0.0015","0.001","0.0015","0.0015","0.0015","0.0015","0.0015"
"11-13-2025 12:00","1763035204","0.275","0.075","0.48","0.0465","0.1025","0.0015","0.0015","0.0015","0.0015","0.0015","0.0015","0.0015","0.0015","0.0015","0.0015","0.0015","0.001","0.0015","0.0015","0.0015","0.0015","0.0015"
"11-13-2025 13:00","1763038804","0.275","0.075","0.48","0.0465","0.1045","0.0015","0.0015","0.0015","0.0015","0.0015","0.0015","0.0015","0.0015","0.0015","0.0015","0.0015","0.001","0.0015","0.0015","0.0015","0.0015","0.0015"
"11-13-2025 14:00","1763042404","0.275","0.075","0.48","0.0465","0.1035","0.0015","0.0015","0.0015","0.0015","0.0015","0.0015","0.0015","0.0015","0.0015","0.0015","0.0015","0.001","0.0015","0.0015","0.0015","0.0015","0.0015"
"11-13-2025 15:00","1763046005","0.275","0.075","0.48","0.0465","0.103","0.0015","0.0015","0.0015","0.0015","0.0015","0.0015","0.0015","0.0015","0.0015","0.0015","0.0015","0.001","0.0015","0.0015","0.0015","0.0015","0.0015"
"11-13-2025 16:00","1763049606","0.27","0.075","0.465","0.0465","0.1035","0.0015","0.0015","0.0015","0.0015","0.0015","0.0015","0.0015","0.0015","0.0015","0.0015","0.0015","0.001","0.0015","0.0015","0.0015","0.0015","0.0015"
"11-13-2025 17:00","1763053207","0.27","0.075","0.475","0.0465","0.1025","0.0015","0.0015","0.0015","0.0015","0.0015","0.0015","0.0015","0.0015","0.0015","0.0015","0.0015","0.001","0.0015","0.0015","0.0015","0.0015","0.0015"
"11-13-2025 18:00","1763056806","0.27","0.075","0.48","0.0465","0.104","0.0015","0.0015","0.0015","0.0015","0.0015","0.0015","0.0015","0.0015","0.0015","0.0015","0.0015","0.001","0.0015","0.0015","0.0015","0.0015","0.0015"
"11-13-2025 19:00","1763060419","0.27","0.075","0.48","0.0465","0.1145","0.0015","0.0015","0.0015","0.0015","0.0015","0.0015","0.0015","0.0015","0.0015","0.0015","0.0015","0.001","0.0015","0.0015","0.0015","0.0015","0.0015"
"11-13-2025 20:00","1763064005","0.27","0.075","0.48","0.0465","0.1145","0.0015","0.0015","0.0015","0.0015","0.0015","0.0015","0.0015","0.0015","0.0015","0.0015","0.0015","0.001","0.0015","0.0015","0.0015","0.0015","0.0015"
"11-13-2025 21:00","1763067604","0.27","0.075","0.48","0.0465","0.1075","0.0015","0.0015","0.0015","0.0015","0.0015","0.0015","0.0015","0.0015","0.0015","0.0015","0.0015","0.001","0.0015","0.0015","0.0015","0.0015","0.0015"
"11-13-2025 22:00","1763071204","0.27","0.07","0.48","0.0465","0.108","0.0015","0.0015","0.0015","0.0015","0.0015","0.0015","0.0015","0.0015","0.0015","0.0015","0.0015","0.001","0.0015","0.0015","0.0015","0.0015","0.0015"
"11-13-2025 23:00","1763074805","0.27","0.07","0.48","0.0465","0.1075","0.0015","0.0015","0.0015","0.0015","0.0015","0.0015","0.0015","0.0015","0.0015","0.0015","0.0015","0.001","0.0015","0.0015","0.0015","0.0015","0.0015"
"11-14-2025 00:00","1763078405","0.27","0.07","0.485","0.047","0.108","0.0015","0.0015","0.0015","0.0015","0.0015","0.0015","0.0015","0.0015","0.0015","0.0015","0.0015","0.001","0.0015","0.0015","0.0015","0.0015","0.0015"
"11-14-2025 01:00","1763082004","0.27","0.07","0.485","0.047","0.107","0.0015","0.0015","0.0015","0.0015","0.0015","0.0015","0.0015","0.0015","0.0015","0.0015","0.0015","0.001","0.0015","0.0015","0.0015","0.0015","0.0015"
"11-14-2025 02:00","1763085605","0.27","0.07","0.485","0.047","0.1065","0.0015","0.0015","0.0015","0.0015","0.0015","0.0015","0.0015","0.0015","0.0015","0.0015","0.0015","0.001","0.0015","0.0015","0.0015","0.0015","0.0015"
"11-14-2025 03:00","1763089205","0.27","0.07","0.485","0.047","0.1065","0.0015","0.0015","0.0015","0.0015","0.0015","0.0015","0.0015","0.0015","0.0015","0.0015","0.0015","0.001","0.0015","0.0015","0.0015","0.0015","0.0015"
"11-14-2025 04:00","1763092805","0.27","0.07","0.485","0.047","0.107","0.0015","0.0015","0.0015","0.0015","0.0015","0.0015","0.0015","0.0015","0.0015","0.0015","0.0015","0.001","0.0015","0.0015","0.0015","0.0015","0.0015"
"11-14-2025 05:00","1763096404","0.27","0.07","0.485","0.047","0.107","0.0015","0.0015","0.0015","0.0015","0.0015","0.0015","0.0015","0.0015","0.0015","0.0015","0.0015","0.001","0.0015","0.0015","0.0015","0.0015","0.0015"
"11-14-2025 06:00","1763100005","0.27","0.07","0.485","0.047","0.1065","0.0015","0.0015","0.0015","0.0015","0.0015","0.0015","0.0015","0.0015","0.0015","0.0015","0.0015","0.001","0.0015","0.0015","0.0015","0.0015","0.0015"
"11-14-2025 07:00","1763103606","0.27","0.07","0.485","0.047","0.1065","0.0015","0.0015","0.0015","0.0015","0.0015","0.0015","0.0015","0.0015","0.0015","0.0015","0.0015","0.001","0.0015","0.0015","0.0015","0.0015","0.0015"
"11-14-2025 08:00","1763107205","0.27","0.07","0.485","0.047","0.107","0.0015","0.0015","0.0015","0.0015","0.0015","0.0015","0.0015","0.0015","0.0015","0.0015","0.0015","0.001","0.0015","0.0015","0.0015","0.0015","0.0015"
"11-14-2025 09:00","1763110804","0.27","0.07","0.485","0.047","0.1065","0.0015","0.0015","0.0015","0.0015","0.0015","0.0015","0.0015","0.0015","0.0015","0.0015","0.0015","0.001","0.0015","0.0015","0.0015","0.0015","0.0015"
"11-14-2025 10:00","1763114404","0.27","0.07","0.475","0.047","0.107","0.0015","0.0015","0.0015","0.0015","0.0015","0.0015","0.0015","0.0015","0.0015","0.0015","0.0015","0.001","0.0015","0.0015","0.0015","0.0015","0.0015"
"11-14-2025 11:00","1763118006","0.27","0.07","0.475","0.047","0.107","0.0015","0.0015","0.0015","0.0015","0.0015","0.0015","0.0015","0.0015","0.0015","0.0015","0.0015","0.001","0.0015","0.0015","0.0015","0.0015","0.0015"
"11-14-2025 12:00","1763121605","0.245","0.07","0.48","0.047","0.107","0.0015","0.0015","0.0015","0.0015","0.0015","0.0015","0.0015","0.0015","0.0015","0.0015","0.0015","0.001","0.0015","0.0015","0.0015","0.0015","0.0015"
"11-14-2025 13:00","1763125218","0.25","0.07","0.465","0.047","0.105","0.0015","0.0015","0.0015","0.0015","0.0015","0.0015","0.0015","0.0015","0.0015","0.0015","0.0015","0.001","0.0015","0.0015","0.0015","0.0015","0.0015"
"11-14-2025 14:00","1763128805","0.25","0.07","0.465","0.047","0.105","0.0015","0.0015","0.0015","0.0015","0.0015","0.0015","0.0015","0.0015","0.0015","0.0015","0.0015","0.001","0.0015","0.0015","0.0015","0.0015","0.0015"
"11-14-2025 15:00","1763132404","0.25","0.07","0.47","0.0465","0.106","0.0015","0.0015","0.0015","0.0015","0.0015","0.0015","0.0015","0.0015","0.0015","0.0015","0.0015","0.001","0.0015","0.0015","0.0015","0.0015","0.0015"
"11-14-2025 16:00","1763136005","0.25","0.065","0.475","0.047","0.1055","0.0015","0.0015","0.0015","0.0015","0.0015","0.0015","0.0015","0.0015","0.0015","0.0015","0.0015","0.001","0.0015","0.0015","0.0015","0.0015","0.0015"
"11-14-2025 17:00","1763139605","0.25","0.07","0.47","0.047","0.1115","0.0015","0.0015","0.0015","0.0015","0.0015","0.0015","0.0015","0.0015","0.0015","0.0015","0.0015","0.001","0.0015","0.0015","0.0015","0.0015","0.0015"
"11-14-2025 18:00","1763143205","0.245","0.07","0.49","0.0465","0.1105","0.0015","0.0015","0.0015","0.0015","0.0015","0.0015","0.0015","0.0015","0.0015","0.0015","0.0015","0.001","0.0015","0.0015","0.0015","0.0015","0.0015"
"11-14-2025 19:00","1763146805","0.25","0.07","0.49","0.047","0.113","0.0015","0.0015","0.0015","0.0015","0.0015","0.0015","0.0015","0.0015","0.0015","0.0015","0.0015","0.001","0.0015","0.0015","0.0015","0.0015","0.0015"
"11-14-2025 20:00","1763150406","0.25","0.07","0.49","0.047","0.1125","0.0015","0.0015","0.0015","0.0015","0.0015","0.0015","0.0015","0.0015","0.0015","0.0015","0.0015","0.001","0.0015","0.0015","0.0015","0.0015","0.0015"
"11-14-2025 21:00","1763154017","0.25","0.07","0.495","0.047","0.116","0.0015","0.0015","0.0015","0.0015","0.0015","0.0015","0.0015","0.0015","0.0015","0.0015","0.0015","0.001","0.0015","0.0015","0.0015","0.0015","0.0015"
"11-14-2025 22:00","1763157606","0.25","0.07","0.495","0.047","0.116","0.0015","0.0015","0.0015","0.0015","0.0015","0.0015","0.0015","0.0015","0.0015","0.0015","0.0015","0.001","0.0015","0.0015","0.0015","0.0015","0.0015"
"11-14-2025 23:00","1763161205","0.25","0.07","0.495","0.047","0.115","0.0015","0.0015","0.0015","0.0015","0.0015","0.0015","0.0015","0.0015","0.0015","0.0015","0.0015","0.001","0.0015","0.0015","0.0015","0.0015","0.0015"
"11-15-2025 00:00","1763164805","0.25","0.07","0.495","0.047","0.115","0.0015","0.0015","0.0015","0.0015","0.0015","0.0015","0.0015","0.0015","0.0015","0.0015","0.0015","0.001","0.0015","0.0015","0.0015","0.0015","0.0015"
"11-15-2025 01:00","1763168404","0.25","0.07","0.49","0.047","0.115","0.0015","0.0015","0.0015","0.0015","0.0015","0.0015","0.0015","0.0015","0.0015","0.0015","0.0015","0.001","0.0015","0.0015","0.0015","0.0015","0.0015"
"11-15-2025 02:00","1763172005","0.25","0.07","0.495","0.047","0.1155","0.0015","0.0015","0.0015","0.0015","0.0015","0.0015","0.0015","0.0015","0.0015","0.0015","0.0015","0.001","0.0015","0.0015","0.0015","0.0015","0.0015"
"11-15-2025 03:00","1763175605","0.25","0.07","0.495","0.047","0.115","0.0015","0.0015","0.0015","0.0015","0.0015","0.0015","0.0015","0.0015","0.0015","0.0015","0.0015","0.001","0.0015","0.0015","0.0015","0.0015","0.0015"
"11-15-2025 04:00","1763179205","0.25","0.07","0.495","0.047","0.115","0.0015","0.0015","0.0015","0.0015","0.0015","0.0015","0.0015","0.0015","0.0015","0.0015","0.0015","0.001","0.0015","0.0015","0.0015","0.0015","0.0015"
"11-15-2025 05:00","1763182805","0.25","0.07","0.495","0.047","0.1155","0.0015","0.0015","0.0015","0.0015","0.0015","0.0015","0.0015","0.0015","0.0015","0.0015","0.0015","0.001","0.0015","0.0015","0.0015","0.0015","0.0015"
"11-15-2025 06:00","1763186405","0.25","0.07","0.495","0.047","0.1155","0.0015","0.0015","0.0015","0.0015","0.0015","0.0015","0.0015","0.0015","0.0015","0.0015","0.0015","0.001","0.0015","0.0015","0.0015","0.0015","0.0015"
"11-15-2025 07:00","1763190005","0.25","0.07","0.495","0.047","0.115","0.0015","0.0015","0.0015","0.0015","0.0015","0.0015","0.0015","0.0015","0.0015","0.0015","0.0015","0.001","0.0015","0.0015","0.0015","0.0015","0.0015"
"11-15-2025 08:00","1763193605","0.25","0.07","0.495","0.047","0.1155","0.0015","0.0015","0.0015","0.0015","0.0015","0.0015","0.0015","0.0015","0.0015","0.0015","0.0015","0.001","0.0015","0.0015","0.0015","0.0015","0.0015"
"11-15-2025 09:00","1763197204","0.25","0.07","0.495","0.047","0.115","0.0015","0.0015","0.0015","0.0015","0.0015","0.0015","0.0015","0.0015","0.0015","0.0015","0.0015","0.001","0.0015","0.0015","0.0015","0.0015","0.0015"
"11-15-2025 10:00","1763200805","0.25","0.07","0.495","0.047","0.115","0.0015","0.0015","0.0015","0.0015","0.0015","0.0015","0.0015","0.0015","0.0015","0.0015","0.0015","0.001","0.0015","0.0015","0.0015","0.0015","0.0015"
"11-15-2025 11:00","1763204405","0.25","0.07","0.495","0.047","0.1155","0.0015","0.0015","0.0015","0.0015","0.0015","0.0015","0.0015","0.0015","0.0015","0.0015","0.0015","0.001","0.0015","0.0015","0.0015","0.0015","0.0015"
"11-15-2025 12:00","1763208005","0.245","0.07","0.495","0.047","0.115","0.0015","0.0015","0.0015","0.0015","0.0015","0.0015","0.0015","0.0015","0.0015","0.0015","0.0015","0.001","0.0015","0.0015","0.0015","0.0015","0.0015"
"11-15-2025 13:00","1763211605","0.245","0.07","0.485","0.047","0.115","0.0015","0.0015","0.0015","0.0015","0.0015","0.0015","0.0015","0.0015","0.0015","0.0015","0.0015","0.001","0.0015","0.0015","0.0015","0.0015","0.0015"
"11-15-2025 14:00","1763215205","0.215","0.07","0.485","0.047","0.117","0.0015","0.0015","0.0015","0.0015","0.0015","0.0015","0.0015","0.0015","0.0015","0.0015","0.0015","0.001","0.0015","0.0015","0.0015","0.0015","0.0015"
"11-15-2025 15:00","1763218805","0.23","0.07","0.505","0.047","0.118","0.0015","0.0015","0.0015","0.0015","0.0015","0.0015","0.0015","0.0015","0.0015","0.0015","0.0015","0.001","0.0015","0.0015","0.0015","0.0015","0.0015"
"11-15-2025 16:00","1763222404","0.22","0.07","0.505","0.047","0.118","0.0015","0.0015","0.0015","0.0015","0.0015","0.0015","0.0015","0.0015","0.0015","0.0015","0.0015","0.001","0.0015","0.0015","0.0015","0.0015","0.0015"
"11-15-2025 17:00","1763226005","0.22","0.07","0.505","0.047","0.118","0.0015","0.0015","0.0015","0.0015","0.0015","0.0015","0.0015","0.0015","0.0015","0.0015","0.0015","0.001","0.0015","0.0015","0.0015","0.0015","0.0015"
"11-15-2025 18:00","1763229605","0.235","0.07","0.505","0.047","0.1185","0.0015","0.0015","0.0015","0.0015","0.0015","0.0015","0.0015","0.0015","0.0015","0.0015","0.0015","0.001","0.0015","0.0015","0.0015","0.0015","0.0015"
"11-15-2025 19:00","1763233206","0.235","0.07","0.495","0.047","0.1185","0.0015","0.0015","0.0015","0.0015","0.0015","0.0015","0.0015","0.0015","0.0015","0.0015","0.0015","0.001","0.0015","0.0015","0.0015","0.0015","0.0015"
"11-15-2025 20:00","1763236805","0.235","0.07","0.495","0.047","0.1175","0.0015","0.0015","0.0015","0.0015","0.0015","0.0015","0.0015","0.0015","0.0015","0.0015","0.0015","0.001","0.0015","0.0015","0.0015","0.0015","0.0015"
"11-15-2025 21:00","1763240405","0.235","0.07","0.495","0.047","0.1175","0.0015","0.0015","0.0015","0.0015","0.0015","0.0015","0.0015","0.0015","0.0015","0.0015","0.0015","0.001","0.0015","0.0015","0.0015","0.0015","0.0015"
"11-15-2025 22:00","1763244005","0.235","0.07","0.48","0.047","0.1175","0.0015","0.0015","0.0015","0.0015","0.0015","0.0015","0.0015","0.0015","0.0015","0.0015","0.0015","0.001","0.0015","0.0015","0.0015","0.0015","0.0015"
"11-15-2025 23:00","1763247605","0.235","0.07","0.495","0.047","0.1205","0.0015","0.0015","0.0015","0.0015","0.0015","0.0015","0.0015","0.0015","0.0015","0.0015","0.0015","0.001","0.0015","0.0015","0.0015","0.0015","0.0015"
"11-16-2025 00:00","1763251205","0.235","0.07","0.495","0.047","0.1205","0.0015","0.0015","0.0015","0.0015","0.0015","0.0015","0.0015","0.0015","0.0015","0.0015","0.0015","0.001","0.0015","0.0015","0.0015","0.0015","0.0015"
"11-16-2025 01:00","1763254816","0.235","0.07","0.495","0.047","0.1205","0.0015","0.0015","0.0015","0.0015","0.0015","0.0015","0.0015","0.0015","0.0015","0.0015","0.0015","0.001","0.0015","0.0015","0.0015","0.0015","0.0015"
"11-16-2025 02:00","1763258405","0.235","0.07","0.495","0.047","0.12","0.0015","0.0015","0.0015","0.0015","0.0015","0.0015","0.0015","0.0015","0.0015","0.0015","0.0015","0.001","0.0015","0.0015","0.0015","0.0015","0.0015"
"11-16-2025 03:00","1763262004","0.235","0.07","0.495","0.047","0.12","0.0015","0.0015","0.0015","0.0015","0.0015","0.0015","0.0015","0.0015","0.0015","0.0015","0.0015","0.001","0.0015","0.0015","0.0015","0.0015","0.0015"
"11-16-2025 04:00","1763265604","0.235","0.07","0.495","0.047","0.12","0.0015","0.0015","0.0015","0.0015","0.0015","0.0015","0.0015","0.0015","0.0015","0.0015","0.0015","0.001","0.0015","0.0015","0.0015","0.0015","0.0015"
"11-16-2025 05:00","1763269205","0.235","0.07","0.495","0.047","0.12","0.0015","0.0015","0.0015","0.0015","0.0015","0.0015","0.0015","0.0015","0.0015","0.0015","0.0015","0.001","0.0015","0.0015","0.0015","0.0015","0.0015"
"11-16-2025 06:00","1763272804","0.245","0.07","0.495","0.047","0.12","0.0015","0.0015","0.0015","0.0015","0.0015","0.0015","0.0015","0.0015","0.0015","0.0015","0.0015","0.001","0.0015","0.0015","0.0015","0.0015","0.0015"
"11-16-2025 07:00","1763276404","0.245","0.07","0.495","0.047","0.12","0.0015","0.0015","0.0015","0.0015","0.0015","0.0015","0.0015","0.0015","0.0015","0.0015","0.0015","0.001","0.0015","0.0015","0.0015","0.0015","0.0015"
"11-16-2025 08:00","1763280004","0.26","0.07","0.495","0.047","0.12","0.0015","0.0015","0.0015","0.0015","0.0015","0.0015","0.0015","0.0015","0.0015","0.0015","0.0015","0.001","0.0015","0.0015","0.0015","0.0015","0.0015"
"11-16-2025 09:00","1763283605","0.26","0.07","0.495","0.047","0.12","0.0015","0.0015","0.0015","0.0015","0.0015","0.0015","0.0015","0.0015","0.0015","0.0015","0.0015","0.001","0.0015","0.0015","0.0015","0.0015","0.0015"
"11-16-2025 10:00","1763287205","0.26","0.07","0.495","0.047","0.12","0.0015","0.0015","0.0015","0.0015","0.0015","0.0015","0.0015","0.0015","0.0015","0.0015","0.0015","0.001","0.0015","0.0015","0.0015","0.0015","0.0015"
"11-16-2025 11:00","1763290805","0.26","0.07","0.495","0.047","0.12","0.0015","0.0015","0.0015","0.0015","0.0015","0.0015","0.0015","0.0015","0.0015","0.0015","0.0015","0.0015","0.0015","0.0015","0.0015","0.0015","0.0015"
"11-16-2025 12:00","1763294404","0.26","0.07","0.495","0.047","0.12","0.0015","0.0015","0.0015","0.0015","0.0015","0.0015","0.0015","0.0015","0.0015","0.0015","0.0015","0.0015","0.0015","0.0015","0.0015","0.0015","0.0015"
"11-16-2025 13:00","1763298005","0.26","0.07","0.495","0.047","0.12","0.0015","0.0015","0.0015","0.0015","0.0015","0.0015","0.0015","0.0015","0.0015","0.0015","0.0015","0.0015","0.0015","0.0015","0.0015","0.0015","0.0015"
"11-16-2025 14:00","1763301604","0.26","0.07","0.495","0.047","0.12","0.0015","0.0015","0.0015","0.0015","0.0015","0.0015","0.0015","0.0015","0.0015","0.0015","0.0015","0.0015","0.0015","0.0015","0.0015","0.0015","0.0015"
"11-16-2025 15:00","1763305205","0.26","0.07","0.495","0.047","0.1195","0.0015","0.0015","0.0015","0.0015","0.0015","0.0015","0.0015","0.0015","0.0015","0.0015","0.0015","0.0015","0.0015","0.0015","0.0015","0.0015","0.0015"
"11-16-2025 16:00","1763308804","0.26","0.07","0.495","0.047","0.119","0.0015","0.0015","0.0015","0.0015","0.0015","0.0015","0.0015","0.0015","0.0015","0.0015","0.0015","0.0015","0.0015","0.0015","0.0015","0.0015","0.0015"
"11-16-2025 17:00","1763312405","0.26","0.07","0.505","0.047","0.119","0.0015","0.0015","0.0015","0.0015","0.0015","0.0015","0.0015","0.0015","0.0015","0.0015","0.0015","0.0015","0.0015","0.0015","0.0015","0.0015","0.0015"
"11-16-2025 18:00","1763316007","0.26","0.07","0.505","0.047","0.1185","0.0015","0.0015","0.0015","0.0015","0.0015","0.0015","0.0015","0.0015","0.0015","0.0015","0.0015","0.0015","0.0015","0.0015","0.0015","0.0015","0.0015"
"11-16-2025 19:00","1763319604","0.26","0.07","0.505","0.047","0.1195","0.0015","0.0015","0.0015","0.0015","0.0015","0.0015","0.0015","0.0015","0.0015","0.0015","0.0015","0.0015","0.0015","0.0015","0.0015","0.0015","0.0015"
"11-16-2025 20:00","1763323205","0.26","0.07","0.505","0.047","0.119","0.0015","0.0015","0.0015","0.0015","0.0015","0.0015","0.0015","0.0015","0.0015","0.0015","0.0015","0.0015","0.0015","0.0015","0.0015","0.0015","0.0015"
"11-16-2025 21:00","1763326805","0.26","0.07","0.505","0.047","0.1185","0.0015","0.0015","0.0015","0.0015","0.0015","0.0015","0.0015","0.0015","0.0015","0.0015","0.0015","0.0015","0.0015","0.0015","0.0015","0.0015","0.0015"
"11-16-2025 22:00","1763330404","0.26","0.07","0.505","0.047","0.12","0.0015","0.0015","0.0015","0.0015","0.0015","0.0015","0.0015","0.0015","0.0015","0.0015","0.0015","0.0015","0.0015","0.0015","0.0015","0.0015","0.0015"
"11-16-2025 23:00","1763334004","0.24","0.07","0.505","0.058","0.1195","0.0015","0.0015","0.0015","0.0015","0.0015","0.0015","0.0015","0.0015","0.0015","0.0015","0.0015","0.0015","0.0015","0.0015","0.0015","0.0015","0.0015"
"11-17-2025 00:00","1763337604","0.235","0.07","0.5","0.0665","0.12","0.0015","0.0015","0.0015","0.0015","0.0015","0.0015","0.0015","0.0015","0.0015","0.0015","0.0015","0.0015","0.0015","0.0015","0.0015","0.0015","0.0015"
"11-17-2025 01:00","1763341204","0.25","0.07","0.5","0.0685","0.119","0.0015","0.0015","0.0015","0.0015","0.0015","0.0015","0.0015","0.0015","0.0015","0.0015","0.0015","0.0015","0.0015","0.0015","0.0015","0.0015","0.0015"
"11-17-2025 02:00","1763344805","0.245","0.07","0.5","0.0695","0.1145","0.0015","0.0015","0.0015","0.0015","0.0015","0.0015","0.0015","0.0015","0.0015","0.0015","0.0015","0.0015","0.0015","0.0015","0.0015","0.0015","0.0015"
"11-17-2025 03:00","1763348404","0.245","0.07","0.5","0.0695","0.1145","0.0015","0.0015","0.0015","0.0015","0.0015","0.0015","0.0015","0.0015","0.0015","0.0015","0.0015","0.0015","0.0015","0.0015","0.0015","0.0015","0.0015"
"11-17-2025 04:00","1763352004","0.245","0.07","0.495","0.0695","0.1135","0.0015","0.0015","0.0015","0.0015","0.0015","0.0015","0.0015","0.0015","0.0015","0.0015","0.0015","0.0015","0.0015","0.0015","0.0015","0.0015","0.0015"
"11-17-2025 05:00","1763355604","0.23","0.07","0.5","0.0695","0.1135","0.0015","0.0015","0.0015","0.0015","0.0015","0.0015","0.0015","0.0015","0.0015","0.0015","0.0015","0.0015","0.0015","0.0015","0.0015","0.0015","0.0015"
"11-17-2025 06:00","1763359204","0.235","0.07","0.5","0.0705","0.1125","0.0015","0.0015","0.0015","0.0015","0.0015","0.0015","0.0015","0.0015","0.0015","0.0015","0.0015","0.0015","0.0015","0.0015","0.0015","0.0015","0.0015"
"11-17-2025 07:00","1763362806","0.235","0.07","0.5","0.0705","0.111","0.0015","0.0015","0.0015","0.0015","0.0015","0.0015","0.0015","0.0015","0.0015","0.0015","0.0015","0.0015","0.0015","0.0015","0.0015","0.0015","0.0015"
"11-17-2025 08:00","1763366419","0.235","0.07","0.5","0.0705","0.1125","0.0015","0.0015","0.0015","0.0015","0.0015","0.0015","0.0015","0.0015","0.0015","0.0015","0.0015","0.0015","0.0015","0.0015","0.0015","0.0015","0.0015"
"11-17-2025 09:00","1763370022","0.235","0.07","0.5","0.0705","0.109","0.0015","0.0015","0.0015","0.0015","0.0015","0.0015","0.0015","0.0015","0.0015","0.0015","0.0015","0.0015","0.0015","0.0015","0.0015","0.0015","0.0015"
"11-17-2025 10:00","1763373608","0.23","0.07","0.5","0.0705","0.0995","0.0015","0.0015","0.0015","0.0015","0.0015","0.0015","0.0015","0.0015","0.0015","0.0015","0.0015","0.0015","0.0015","0.0015","0.0015","0.0015","0.0015"
"11-17-2025 11:00","1763377205","0.225","0.06","0.5","0.0705","0.0995","0.0015","0.0015","0.0015","0.0015","0.0015","0.0015","0.0015","0.0015","0.0015","0.0015","0.0015","0.0015","0.0015","0.0015","0.0015","0.0015","0.0015"
"11-17-2025 12:00","1763380804","0.235","0.06","0.5","0.0695","0.0995","0.0015","0.0015","0.0015","0.0015","0.0015","0.0015","0.0015","0.0015","0.0015","0.0015","0.0015","0.0015","0.0015","0.0015","0.0015","0.0015","0.0015"
"11-17-2025 13:00","1763384405","0.235","0.06","0.5","0.069","0.1005","0.0015","0.0015","0.0015","0.0015","0.0015","0.0015","0.0015","0.0015","0.0015","0.0015","0.0015","0.0015","0.0015","0.0015","0.0015","0.0015","0.0015"
"11-17-2025 14:00","1763388004","0.245","0.06","0.5","0.069","0.105","0.0015","0.0015","0.0015","0.0015","0.0015","0.0015","0.0015","0.0015","0.0015","0.0015","0.0015","0.0015","0.0015","0.0015","0.0015","0.0015","0.0015"
"11-17-2025 15:00","1763391620","0.315","0.06","0.46","0.071","0.1055","0.0015","0.0015","0.0015","0.0015","0.0015","0.0015","0.0015","0.0015","0.0015","0.0015","0.0015","0.0015","0.0015","0.0015","0.0015","0.0015","0.0015"
"11-17-2025 16:00","1763395204","0.375","0.045","0.43","0.075","0.1025","0.0015","0.0015","0.0015","0.0015","0.0015","0.0015","0.0015","0.0015","0.0015","0.0015","0.0015","0.0015","0.0015","0.0015","0.0015","0.0015","0.0015"
"11-17-2025 17:00","1763398805","0.345","0.045","0.425","0.075","0.1015","0.0015","0.0015","0.0015","0.0015","0.002","0.0015","0.0015","0.0015","0.0015","0.0015","0.0015","0.0015","0.0015","0.0015","0.0015","0.0015","0.0015"
"11-17-2025 18:00","1763402405","0.345","0.05","0.435","0.074","0.1045","0.0015","0.0015","0.0015","0.0015","0.002","0.0015","0.0015","0.0015","0.0015","0.0015","0.0015","0.0015","0.0015","0.0015","0.0015","0.0015","0.0015"
"11-17-2025 19:00","1763406006","0.315","0.06","0.425","0.0805","0.1055","0.0015","0.0015","0.0015","0.0015","0.002","0.0015","0.0015","0.0015","0.0015","0.0015","0.0015","0.0015","0.0015","0.0015","0.0015","0.0015","0.0015"
"11-17-2025 20:00","1763409606","0.325","0.06","0.43","0.082","0.105","0.0015","0.0015","0.0015","0.0015","0.002","0.0015","0.0015","0.0015","0.0015","0.0015","0.0015","0.0015","0.0015","0.0015","0.0015","0.0015","0.0015"
"11-17-2025 21:00","1763413205","0.325","0.06","0.455","0.068","0.105","0.0015","0.0015","0.0015","0.0015","0.002","0.0015","0.0015","0.0015","0.0015","0.0015","0.0015","0.0015","0.0015","0.0015","0.0015","0.0015","0.001"
"11-17-2025 22:00","1763416808","0.355","0.045","0.425","0.061","0.104","0.0015","0.0015","0.0015","0.0015","0.002","0.0015","0.0015","0.0015","0.0015","0.0015","0.0015","0.0015","0.0015","0.0015","0.0015","0.0015","0.001"
"11-17-2025 23:00","1763420407","0.365","0.055","0.42","0.066","0.092","0.0015","0.0015","0.0015","0.0015","0.002","0.0015","0.0015","0.0015","0.0015","0.0015","0.0015","0.0015","0.0015","0.0015","0.0015","0.0015","0.001"
"11-18-2025 00:00","1763424005","0.355","0.06","0.425","0.068","0.0865","0.0015","0.0015","0.0015","0.0015","0.0015","0.0015","0.0015","0.0015","0.0015","0.0015","0.0015","0.0015","0.0015","0.0015","0.0015","0.0015","0.001"
"11-18-2025 01:00","1763427604","0.355","0.06","0.425","0.0655","0.0865","0.0015","0.0015","0.0015","0.0015","0.0015","0.0015","0.0015","0.0015","0.0015","0.0015","0.0015","0.0015","0.0015","0.0015","0.0015","0.0015","0.001"
"11-18-2025 02:00","1763431204","0.34","0.06","0.395","0.0655","0.0865","0.0015","0.0015","0.0015","0.0015","0.0005","0.0015","0.0015","0.0015","0.0015","0.0015","0.0015","0.0015","0.0015","0.0015","0.0015","0.0015","0.001"
"11-18-2025 03:00","1763434804","0.345","0.06","0.385","0.0665","0.086","0.0015","0.0015","0.0015","0.0015","0.0005","0.0015","0.0015","0.0015","0.0015","0.0015","0.0015","0.0015","0.0015","0.0015","0.0015","0.0015","0.001"
"11-18-2025 04:00","1763438404","0.375","0.055","0.385","0.0675","0.086","0.0015","0.0015","0.0015","0.0015","0.0005","0.0015","0.0015","0.0015","0.0015","0.0015","0.0015","0.0015","0.0015","0.0015","0.0015","0.0015","0.001"
"11-18-2025 05:00","1763442004","0.35","0.055","0.41","0.067","0.0865","0.0015","0.0015","0.0015","0.0015","0.0005","0.0015","0.0015","0.0015","0.0015","0.0015","0.0015","0.0015","0.0015","0.0015","0.0015","0.0015","0.001"
"11-18-2025 06:00","1763445604","0.35","0.055","0.41","0.0665","0.0865","0.0015","0.0015","0.0015","0.0015","0.0005","0.0015","0.0015","0.0015","0.0015","0.0015","0.0015","0.0015","0.0015","0.0015","0.0015","0.0015","0.001"
"11-18-2025 07:00","1763449205","0.35","0.055","0.415","0.066","0.0865","0.0015","0.0015","0.0015","0.0015","0.0005","0.0015","0.0015","0.0015","0.0015","0.0015","0.0015","0.0015","0.0015","0.0015","0.0015","0.0015","0.001"
"11-18-2025 08:00","1763452804","0.35","0.055","0.41","0.066","0.087","0.0015","0.0015","0.0015","0.0015","0.0005","0.0015","0.0015","0.0015","0.0015","0.0015","0.0015","0.0015","0.0015","0.0015","0.0015","0.0015","0.001"
"11-18-2025 09:00","1763456404","0.35","0.05","0.41","0.066","0.087","0.0015","0.0015","0.0015","0.0015","0.0005","0.0015","0.0015","0.0015","0.0005","0.0015","0.0015","0.0015","0.0005","0.0015","0.0015","0.0015","0.001"
"11-18-2025 10:00","1763460004","0.35","0.055","0.415","0.0655","0.087","0.0015","0.0015","0.0015","0.0015","0.0005","0.0015","0.0015","0.0015","0.0005","0.0015","0.0015","0.0015","0.0005","0.0015","0.0015","0.0015","0.001"
"11-18-2025 11:00","1763463604","0.35","0.055","0.415","0.065","0.087","0.0015","0.0015","0.0015","0.0015","0.0005","0.0015","0.0015","0.0015","0.0005","0.0015","0.0015","0.0015","0.0005","0.0015","0.0015","0.0015","0.001"
"11-18-2025 12:00","1763467204","0.35","0.055","0.415","0.065","0.087","0.0015","0.0015","0.0015","0.0015","0.0005","0.0015","0.0015","0.0015","0.0005","0.0015","0.0015","0.0015","0.0005","0.0015","0.0015","0.0015","0.001"
"11-18-2025 13:00","1763470807","0.35","0.055","0.415","0.061","0.0805","0.0015","0.0015","0.0015","0.0015","0.0005","0.0015","0.0015","0.0015","0.0005","0.0015","0.0015","0.0015","0.0005","0.0015","0.0015","0.0015","0.001"
"11-18-2025 14:00","1763474404","0.365","0.055","0.425","0.059","0.0805","0.0015","0.0015","0.0015","0.0015","0.0005","0.0015","0.0015","0.0015","0.0005","0.0015","0.0015","0.0015","0.0005","0.0015","0.0015","0.0015","0.001"
"11-18-2025 15:00","1763478004","0.37","0.055","0.42","0.059","0.0805","0.0015","0.0015","0.0015","0.0015","0.0005","0.0015","0.0015","0.0015","0.0005","0.0015","0.0015","0.0015","0.0005","0.0015","0.0015","0.0015","0.0015"
"11-18-2025 16:00","1763481605","0.37","0.055","0.42","0.0595","0.0805","0.0015","0.0015","0.0015","0.0015","0.0005","0.0015","0.0015","0.0015","0.0005","0.0015","0.0015","0.0015","0.0005","0.0015","0.0015","0.0015","0.0015"
"11-18-2025 17:00","1763485205","0.375","0.055","0.415","0.0595","0.081","0.0015","0.0015","0.0015","0.0015","0.0005","0.0015","0.0015","0.0015","0.0005","0.0015","0.0015","0.0015","0.0005","0.0015","0.0015","0.0015","0.0015"
"11-18-2025 18:00","1763488804","0.38","0.055","0.405","0.0655","0.081","0.0015","0.0015","0.0015","0.0015","0.0005","0.0015","0.0015","0.0015","0.0005","0.0015","0.0015","0.0015","0.0005","0.0015","0.0015","0.0015","0.0015"
"11-18-2025 19:00","1763492405","0.385","0.05","0.4","0.066","0.081","0.0015","0.0015","0.0015","0.0015","0.0005","0.0015","0.0015","0.0015","0.0005","0.0015","0.0015","0.0015","0.0005","0.0015","0.0015","0.0015","0.0015"
"11-18-2025 20:00","1763496006","0.395","0.05","0.39","0.066","0.082","0.0015","0.0015","0.0015","0.0015","0.0005","0.0015","0.0015","0.0015","0.0005","0.0015","0.0015","0.0015","0.0005","0.0015","0.0015","0.0015","0.0015"
"11-18-2025 21:00","1763499606","0.4","0.05","0.395","0.066","0.082","0.0015","0.0015","0.0015","0.0015","0.0005","0.0015","0.0015","0.0015","0.0005","0.0015","0.0015","0.0015","0.0005","0.0015","0.0015","0.0015","0.0015"
"11-18-2025 22:00","1763503205","0.375","0.05","0.395","0.0655","0.082","0.0015","0.0015","0.0015","0.0015","0.0005","0.0015","0.0015","0.0015","0.0005","0.0015","0.0015","0.001","0.0005","0.0015","0.0015","0.0015","0.0015"
"11-18-2025 23:00","1763506820","0.385","0.05","0.425","0.053","0.0855","0.0015","0.0015","0.0015","0.0015","0.0005","0.0015","0.0015","0.0005","0.0005","0.0015","0.0015","0.0005","0.0005","0.0015","0.0015","0.0015","0.001"
"11-19-2025 00:00","1763510405","0.385","0.05","0.415","0.053","0.081","0.0015","0.0015","0.0015","0.0015","0.0005","0.0015","0.0015","0.0005","0.0005","0.0015","0.0015","0.0005","0.0005","0.0015","0.0015","0.0015","0.001"
"11-19-2025 01:00","1763514006","0.385","0.05","0.41","0.0535","0.081","0.0015","0.0015","0.0015","0.0015","0.0005","0.0015","0.0015","0.0005","0.0005","0.0015","0.0015","0.0005","0.0005","0.0015","0.0015","0.0015","0.001"
"11-19-2025 02:00","1763517605","0.385","0.05","0.41","0.054","0.081","0.0015","0.0015","0.0015","0.0015","0.0005","0.0015","0.0015","0.0005","0.0005","0.0015","0.0015","0.0005","0.0005","0.0015","0.0015","0.0015","0.001"
"11-19-2025 03:00","1763521205","0.385","0.05","0.41","0.054","0.081","0.0015","0.0015","0.0015","0.0015","0.0005","0.0015","0.0015","0.0005","0.0005","0.0015","0.0015","0.0005","0.0005","0.0015","0.0015","0.0015","0.001"
"11-19-2025 04:00","1763524805","0.385","0.05","0.41","0.054","0.081","0.0015","0.0015","0.0015","0.0015","0.0005","0.0015","0.0015","0.0005","0.0005","0.0015","0.0015","0.0005","0.0005","0.0015","0.0015","0.0015","0.001"
"11-19-2025 05:00","1763528405","0.385","0.05","0.41","0.053","0.081","0.0015","0.0015","0.0015","0.0015","0.0005","0.0015","0.0015","0.0005","0.0005","0.0015","0.0015","0.0005","0.0005","0.0015","0.0015","0.0015","0.001"
"11-19-2025 06:00","1763532005","0.385","0.05","0.405","0.053","0.081","0.0015","0.0015","0.0015","0.0015","0.0005","0.0015","0.0015","0.0005","0.0005","0.0015","0.0015","0.0005","0.0005","0.0015","0.0015","0.0015","0.001"
"11-19-2025 07:00","1763535605","0.385","0.05","0.405","0.053","0.081","0.0015","0.0015","0.0015","0.0015","0.0005","0.0015","0.0015","0.0005","0.0005","0.0015","0.0015","0.0005","0.0005","0.0015","0.0015","0.0015","0.001"
"11-19-2025 08:00","1763539206","0.385","0.05","0.405","0.055","0.081","0.0015","0.0015","0.0015","0.0015","0.0005","0.0015","0.0015","0.0005","0.0005","0.0015","0.0015","0.0015","0.0005","0.0015","0.0015","0.0015","0.001"
"11-19-2025 09:00","1763542804","0.385","0.05","0.405","0.0545","0.081","0.0015","0.0015","0.0015","0.0015","0.0005","0.0015","0.0015","0.0005","0.0005","0.0015","0.0015","0.0015","0.0005","0.0015","0.0015","0.0015","0.001"
"11-19-2025 10:00","1763546405","0.385","0.05","0.395","0.0555","0.081","0.0015","0.0015","0.0015","0.0015","0.0005","0.0015","0.0015","0.0005","0.0005","0.0015","0.0015","0.0015","0.0005","0.0015","0.0015","0.0015","0.001"
"11-19-2025 11:00","1763550005","0.385","0.05","0.395","0.055","0.081","0.0015","0.0015","0.0015","0.0015","0.0005","0.0015","0.0015","0.0005","0.0005","0.0015","0.0015","0.0015","0.0005","0.0015","0.0015","0.0015","0.001"
"11-19-2025 12:00","1763553605","0.385","0.045","0.4","0.055","0.0805","0.0015","0.0015","0.0015","0.0015","0.0005","0.0015","0.0015","0.0005","0.0005","0.0015","0.0015","0.0015","0.0005","0.0015","0.0015","0.0015","0.001"
"11-19-2025 13:00","1763557204","0.38","0.045","0.395","0.0545","0.0805","0.0015","0.0015","0.0015","0.0015","0.0005","0.0015","0.0015","0.0005","0.0005","0.0015","0.0015","0.0015","0.0005","0.0015","0.0015","0.0015","0.001"
"11-19-2025 14:00","1763560817","0.385","0.05","0.405","0.071","0.0805","0.0015","0.0015","0.0015","0.0015","0.0005","0.0015","0.0015","0.0005","0.0005","0.0015","0.0015","0.0015","0.0005","0.0015","0.0015","0.0015","0.001"
"11-19-2025 15:00","1763564405","0.385","0.075","0.41","0.0555","0.081","0.0015","0.0015","0.0025","0.0015","0.0005","0.0015","0.0015","0.0005","0.0005","0.0015","0.0015","0.0015","0.0005","0.0015","0.0015","0.0015","0.001"
"11-19-2025 16:00","1763568017","0.395","0.075","0.385","0.0555","0.081","0.0015","0.0015","0.0025","0.0015","0.0005","0.0015","0.0015","0.0005","0.0005","0.0015","0.0015","0.0015","0.0005","0.0015","0.0015","0.0015","0.001"
"11-19-2025 17:00","1763571605","0.4","0.075","0.385","0.0555","0.081","0.0015","0.0015","0.0025","0.0015","0.0005","0.0015","0.0015","0.0005","0.0005","0.0015","0.0015","0.0015","0.0005","0.0015","0.0015","0.0015","0.001"
"11-19-2025 18:00","1763575212","0.395","0.075","0.385","0.0555","0.081","0.0015","0.0015","0.0025","0.0015","0.0005","0.0015","0.0015","0.0005","0.0005","0.0015","0.0015","0.0015","0.0005","0.0015","0.0015","0.0015","0.001"
"11-19-2025 19:00","1763578805","0.395","0.075","0.39","0.0555","0.081","0.0015","0.0015","0.0025","0.0015","0.0005","0.0015","0.0015","0.0005","0.0005","0.0015","0.0015","0.0015","0.0005","0.0015","0.0015","0.0015","0.001"
"11-19-2025 20:00","1763582405","0.395","0.075","0.39","0.0555","0.081","0.0015","0.0015","0.0025","0.0015","0.0005","0.0015","0.0015","0.0005","0.0005","0.0015","0.0015","0.0015","0.0005","0.0015","0.0015","0.0015","0.001"
"11-19-2025 21:00","1763586005","0.395","0.075","0.385","0.0645","0.092","0.0015","0.0015","0.0025","0.0015","0.0005","0.0015","0.0015","0.0005","0.0005","0.0015","0.0015","0.0015","0.0005","0.0015","0.0015","0.0015","0.001"
"11-19-2025 22:00","1763589605","0.395","0.075","0.385","0.0645","0.0905","0.0015","0.0015","0.0015","0.0015","0.0005","0.0015","0.0015","0.0005","0.0005","0.0015","0.0015","0.0015","0.0005","0.0015","0.0015","0.0015","0.001"
"11-19-2025 23:00","1763593220","0.4","0.075","0.385","0.0605","0.0905","0.0015","0.0015","0.0015","0.0015","0.0005","0.0015","0.0015","0.0005","0.0005","0.0015","0.0015","0.0015","0.001","0.0015","0.0015","0.0015","0.001"
"11-20-2025 00:00","1763596805","0.41","0.07","0.385","0.0585","0.0955","0.0015","0.0015","0.0015","0.0015","0.0005","0.0015","0.0015","0.0005","0.0005","0.0015","0.0015","0.0015","0.0005","0.0015","0.0015","0.0015","0.001"
"11-20-2025 01:00","1763600405","0.39","0.075","0.395","0.0595","0.095","0.0015","0.0015","0.002","0.0015","0.0005","0.0015","0.0015","0.0005","0.0005","0.0015","0.0015","0.0015","0.0005","0.0015","0.0015","0.0015","0.001"
"11-20-2025 02:00","1763604005","0.395","0.075","0.38","0.049","0.0955","0.0015","0.0015","0.002","0.0015","0.0005","0.0015","0.0015","0.0005","0.0005","0.0015","0.0015","0.0015","0.0005","0.0015","0.0015","0.0015","0.0005"
"11-20-2025 03:00","1763607605","0.4","0.075","0.38","0.049","0.0965","0.0015","0.0015","0.002","0.0015","0.0005","0.0015","0.0015","0.0005","0.0005","0.0015","0.0015","0.0015","0.0005","0.0015","0.0015","0.0015","0.0005"
"11-20-2025 04:00","1763611205","0.405","0.075","0.38","0.049","0.0975","0.0015","0.0015","0.002","0.0015","0.0005","0.0015","0.0005","0.0005","0.0005","0.0015","0.0015","0.0015","0.0005","0.0015","0.0015","0.0015","0.0005"
"11-20-2025 05:00","1763614805","0.405","0.075","0.38","0.049","0.097","0.0015","0.0015","0.002","0.0015","0.0005","0.0015","0.0005","0.0005","0.0005","0.0015","0.0015","0.0015","0.0005","0.0015","0.0015","0.0015","0.0005"
"11-20-2025 06:00","1763618404","0.405","0.075","0.38","0.05","0.0885","0.0015","0.0015","0.002","0.0015","0.0005","0.0015","0.0005","0.0005","0.0005","0.0015","0.0015","0.0015","0.0005","0.0015","0.0015","0.0015","0.001"
"11-20-2025 07:00","1763622011","0.405","0.075","0.385","0.05","0.0885","0.0015","0.0015","0.002","0.0015","0.0005","0.0015","0.0005","0.0005","0.0005","0.0015","0.0015","0.0015","0.0005","0.0015","0.0015","0.0015","0.0005"
"11-20-2025 08:00","1763625605","0.405","0.075","0.385","0.05","0.0885","0.0015","0.0015","0.002","0.0015","0.0005","0.0015","0.0005","0.0005","0.0005","0.0015","0.0015","0.0015","0.0005","0.0015","0.0015","0.0015","0.0005"
"11-20-2025 09:00","1763629205","0.405","0.075","0.385","0.05","0.089","0.0015","0.0015","0.002","0.0015","0.0005","0.0015","0.0005","0.0005","0.0005","0.0015","0.0015","0.0015","0.0005","0.0015","0.0015","0.0015","0.0005"
"11-20-2025 10:00","1763632805","0.41","0.075","0.38","0.0505","0.089","0.0015","0.0015","0.002","0.0015","0.0005","0.0015","0.0005","0.0005","0.0005","0.0015","0.0015","0.0015","0.0005","0.0015","0.0015","0.0015","0.0005"
"11-20-2025 11:00","1763636405","0.435","0.07","0.375","0.0425","0.0785","0.0015","0.0015","0.002","0.0015","0.0005","0.0015","0.0005","0.0005","0.0005","0.0015","0.0015","0.0015","0.0005","0.0015","0.0015","0.0015","0.0005"
"11-20-2025 12:00","1763640005","0.425","0.07","0.37","0.0425","0.093","0.0015","0.0015","0.002","0.0015","0.0005","0.0015","0.0005","0.0005","0.0005","0.0015","0.0015","0.0015","0.0005","0.0015","0.0015","0.0015","0.0005"
"11-20-2025 13:00","1763643605","0.425","0.07","0.375","0.045","0.0895","0.0015","0.0015","0.002","0.0015","0.0005","0.0015","0.0005","0.0005","0.0005","0.001","0.0015","0.0015","0.0005","0.0015","0.0015","0.0015","0.0005"
"11-20-2025 14:00","1763647205","0.435","0.07","0.365","0.045","0.0905","0.0015","0.0015","0.002","0.0015","0.0005","0.0015","0.0005","0.0005","0.0005","0.001","0.0015","0.0015","0.0005","0.0015","0.0015","0.0015","0.0005"
"11-20-2025 15:00","1763650804","0.425","0.075","0.375","0.0455","0.0915","0.0015","0.0015","0.002","0.0015","0.0005","0.0015","0.0005","0.0005","0.0005","0.001","0.0015","0.0015","0.0005","0.0015","0.0015","0.0015","0.0005"
"11-20-2025 16:00","1763654405","0.425","0.075","0.365","0.0495","0.092","0.0015","0.0015","0.002","0.0015","0.0005","0.001","0.0005","0.0005","0.0005","0.001","0.001","0.0015","0.0005","0.0015","0.0015","0.0015","0.0005"
"11-20-2025 17:00","1763658005","0.455","0.055","0.365","0.0495","0.091","0.0015","0.0015","0.002","0.0015","0.0005","0.001","0.0005","0.0005","0.0005","0.001","0.001","0.0015","0.0005","0.0015","0.0015","0.0015","0.0005"
"11-20-2025 18:00","1763661605","0.44","0.065","0.365","0.0565","0.0915","0.0015","0.0015","0.002","0.0015","0.0005","0.001","0.0005","0.0005","0.0005","0.001","0.001","0.0015","0.0005","0.0015","0.0015","0.0015","0.0005"
"11-20-2025 19:00","1763665205","0.44","0.07","0.36","0.0615","0.0915","0.0015","0.0015","0.002","0.0015","0.0005","0.001","0.0005","0.0005","0.0005","0.001","0.001","0.0015","0.0005","0.0015","0.0015","0.0015","0.0005"
"11-20-2025 20:00","1763668806","0.445","0.07","0.36","0.062","0.0845","0.0015","0.0015","0.002","0.0015","0.0005","0.001","0.0005","0.0005","0.0005","0.001","0.001","0.0015","0.0005","0.0015","0.0015","0.0015","0.0005"
"11-20-2025 21:00","1763672406","0.445","0.065","0.365","0.056","0.08","0.0015","0.0015","0.002","0.0015","0.0005","0.001","0.0005","0.0005","0.0005","0.001","0.001","0.0015","0.0005","0.0015","0.0015","0.0015","0.001"
"11-20-2025 22:00","1763676020","0.46","0.055","0.355","0.054","0.0785","0.0015","0.0015","0.002","0.0015","0.0005","0.0005","0.0005","0.0005","0.0005","0.0005","0.0005","0.0015","0.0005","0.0015","0.0015","0.0015","0.0005"
"11-20-2025 23:00","1763679606","0.51","0.055","0.305","0.054","0.079","0.0015","0.0015","0.002","0.0015","0.0005","0.0005","0.0005","0.0005","0.0005","0.0005","0.0005","0.0015","0.0005","0.0015","0.0015","0.0015","0.0005"
"11-21-2025 00:00","1763683205","0.575","0.06","0.255","0.0475","0.0785","0.0015","0.0015","0.002","0.0015","0.0005","0.0005","0.0005","0.0005","0.0005","0.0005","0.0005","0.0015","0.0005","0.0015","0.0015","0.0015","0.0005"
"11-21-2025 01:00","1763686805","0.595","0.06","0.225","0.055","0.079","0.0015","0.0015","0.002","0.0015","0.0005","0.0005","0.0005","0.0005","0.0005","0.0005","0.0005","0.0015","0.0005","0.0015","0.0015","0.0015","0.0005"
"11-21-2025 02:00","1763690405","0.595","0.06","0.22","0.0555","0.078","0.0015","0.0015","0.002","0.0015","0.0005","0.0005","0.0005","0.0005","0.0005","0.0005","0.0005","0.0015","0.0005","0.0015","0.0015","0.0015","0.0005"
"11-21-2025 03:00","1763694005","0.595","0.06","0.22","0.0555","0.078","0.0015","0.0015","0.002","0.0015","0.0005","0.0005","0.0005","0.0005","0.0005","0.0005","0.0005","0.0015","0.0005","0.0015","0.0015","0.0015","0.0005"
"11-21-2025 04:00","1763697619","0.585","0.06","0.235","0.0555","0.078","0.0015","0.0015","0.002","0.0015","0.0005","0.0005","0.0005","0.0005","0.0005","0.0005","0.0005","0.0015","0.0005","0.0015","0.0015","0.0015","0.0005"
"11-21-2025 05:00","1763701211","0.58","0.065","0.235","0.0555","0.078","0.0015","0.0015","0.002","0.0015","0.0005","0.0005","0.0005","0.0005","0.0005","0.0005","0.0005","0.0015","0.0005","0.0015","0.0015","0.0015","0.0005"
"11-21-2025 06:00","1763704805","0.58","0.065","0.235","0.0555","0.078","0.0015","0.0015","0.002","0.0015","0.0005","0.0005","0.0005","0.0005","0.0005","0.0005","0.0005","0.0015","0.0005","0.0015","0.0015","0.0015","0.0005"
"11-21-2025 07:00","1763708405","0.58","0.06","0.235","0.0555","0.078","0.0015","0.0015","0.002","0.0015","0.0005","0.0005","0.0005","0.0005","0.0005","0.0005","0.0005","0.0015","0.0005","0.0015","0.0015","0.0015","0.0005"
"11-21-2025 08:00","1763712005","0.59","0.06","0.225","0.0555","0.078","0.0015","0.0015","0.002","0.0015","0.0005","0.0005","0.0005","0.0005","0.0005","0.0005","0.0005","0.0015","0.0005","0.0015","0.0015","0.0015","0.001"
"11-21-2025 09:00","1763715604","0.575","0.06","0.245","0.0555","0.078","0.0015","0.0015","0.002","0.0015","0.0005","0.0005","0.0005","0.0005","0.0005","0.0005","0.0005","0.0015","0.0005","0.0015","0.0015","0.0015","0.0005"
"11-21-2025 10:00","1763719205","0.57","0.06","0.265","0.0665","0.078","0.0015","0.0015","0.002","0.0015","0.0005","0.0005","0.0005","0.0005","0.0005","0.0005","0.0005","0.0015","0.0005","0.0015","0.0015","0.0015","0.0005"
"11-21-2025 11:00","1763722805","0.53","0.06","0.275","0.058","0.078","0.0015","0.0015","0.002","0.0015","0.0005","0.0005","0.0005","0.0005","0.0005","0.0005","0.0005","0.0015","0.0005","0.0015","0.0015","0.0015","0.0005"
"11-21-2025 12:00","1763726405","0.505","0.06","0.31","0.0525","0.078","0.0015","0.0015","0.002","0.0015","0.0005","0.0005","0.0005","0.0005","0.0005","0.0005","0.0005","0.0015","0.0005","0.0015","0.0015","0.0015","0.0005"
"11-21-2025 13:00","1763730019","0.48","0.055","0.3","0.056","0.078","0.0015","0.0015","0.002","0.0015","0.0005","0.0005","0.0005","0.0005","0.0005","0.0005","0.0005","0.0015","0.0005","0.0015","0.0015","0.0015","0.0005"
"11-21-2025 14:00","1763733605","0.465","0.05","0.31","0.074","0.114","0.0015","0.0015","0.002","0.0015","0.0005","0.0005","0.0005","0.0005","0.0005","0.0005","0.0005","0.0015","0.0005","0.0015","0.0015","0.0015","0.0005"
"11-21-2025 15:00","1763737205","0.47","0.05","0.305","0.0735","0.1005","0.0015","0.0015","0.002","0.0015","0.0005","0.0005","0.0005","0.0005","0.0005","0.0005","0.0005","0.001","0.0005","0.001","0.0015","0.0015","0.0005"
"11-21-2025 16:00","1763740806","0.485","0.05","0.295","0.074","0.103","0.0015","0.0015","0.002","0.0015","0.0005","0.0005","0.0005","0.0005","0.0005","0.0005","0.0005","0.001","0.0005","0.001","0.0015","0.0015","0.001"
"11-21-2025 17:00","1763744406","0.465","0.05","0.275","0.076","0.149","0.0015","0.0015","0.002","0.0015","0.0005","0.0005","0.0005","0.0005","0.0005","0.0005","0.0005","0.001","0.0005","0.001","0.0015","0.0015","0.001"
"11-21-2025 18:00","1763748005","0.475","0.05","0.29","0.0755","0.1205","0.0015","0.0015","0.002","0.0015","0.0005","0.0005","0.0005","0.0005","0.0005","0.0005","0.0005","0.001","0.0005","0.001","0.0015","0.0015","0.001"
"11-21-2025 19:00","1763751606","0.47","0.04","0.295","0.0735","0.115","0.0015","0.0015","0.0015","0.0015","0.0005","0.0005","0.0005","0.0005","0.0005","0.0005","0.0005","0.001","0.0005","0.001","0.0015","0.0015","0.001"
"11-21-2025 20:00","1763755206","0.47","0.05","0.285","0.083","0.1155","0.0015","0.0015","0.0015","0.0015","0.0005","0.0005","0.0005","0.0005","0.0005","0.0005","0.0005","0.001","0.0005","0.001","0.0015","0.0015","0.001"
"11-21-2025 21:00","1763758805","0.47","0.045","0.275","0.085","0.1165","0.0015","0.0015","0.0015","0.0015","0.0005","0.0005","0.0005","0.0005","0.0005","0.0005","0.0005","0.001","0.0005","0.001","0.0015","0.0015","0.0005"
"11-21-2025 22:00","1763762405","0.465","0.045","0.275","0.085","0.144","0.0015","0.0015","0.0015","0.0015","0.0005","0.0005","0.0005","0.0005","0.0005","0.0005","0.0005","0.001","0.0005","0.001","0.0015","0.0015","0.0005"
"11-21-2025 23:00","1763766011","0.47","0.045","0.28","0.085","0.13","0.0015","0.0015","0.0015","0.0015","0.0005","0.0005","0.0005","0.0005","0.0005","0.0005","0.0005","0.001","0.0005","0.001","0.0015","0.0015","0.0005"
"11-22-2025 00:00","1763769605","0.475","0.045","0.265","0.0785","0.1335","0.0015","0.0015","0.0015","0.0015","0.0005","0.0005","0.0005","0.0005","0.0005","0.0005","0.0005","0.001","0.0005","0.001","0.0015","0.0015","0.0005"
"11-22-2025 01:00","1763773205","0.475","0.045","0.255","0.078","0.1575","0.0015","0.0015","0.0015","0.0015","0.0005","0.0005","0.0005","0.0005","0.0005","0.0005","0.0005","0.001","0.0005","0.001","0.0015","0.0015","0.0005"
"11-22-2025 02:00","1763776805","0.475","0.045","0.265","0.077","0.1375","0.0015","0.0015","0.0015","0.0015","0.0005","0.0005","0.0005","0.0005","0.0005","0.0005","0.0005","0.001","0.0005","0.001","0.0015","0.0015","0.0005"
"11-22-2025 03:00","1763780405","0.475","0.05","0.275","0.075","0.1365","0.0015","0.0015","0.0015","0.0015","0.0005","0.0005","0.0005","0.0005","0.0005","0.0005","0.0005","0.001","0.0005","0.001","0.0015","0.0015","0.0005"
"11-22-2025 04:00","1763784021","0.47","0.05","0.275","0.077","0.1325","0.0015","0.0015","0.0015","0.0015","0.0005","0.0005","0.0005","0.0005","0.0005","0.0005","0.0005","0.001","0.0005","0.001","0.0015","0.0015","0.0005"
"11-22-2025 05:00","1763787612","0.475","0.05","0.26","0.075","0.1325","0.0015","0.0015","0.0015","0.0015","0.0005","0.0005","0.0005","0.0005","0.0005","0.0005","0.0005","0.001","0.0005","0.001","0.0015","0.0015","0.0005"
"11-22-2025 06:00","1763791206","0.475","0.05","0.26","0.071","0.1305","0.0015","0.0015","0.0015","0.0015","0.0005","0.0005","0.0005","0.0005","0.0005","0.0005","0.0005","0.001","0.0005","0.001","0.0015","0.0015","0.0005"
"11-22-2025 07:00","1763794805","0.475","0.05","0.27","0.0725","0.1305","0.0015","0.0015","0.0015","0.0015","0.0005","0.0005","0.0005","0.0005","0.0005","0.0005","0.0005","0.001","0.0005","0.001","0.0015","0.0015","0.0005"
"11-22-2025 08:00","1763798405","0.475","0.05","0.27","0.0745","0.1295","0.0015","0.0015","0.0015","0.0015","0.0005","0.0005","0.0005","0.0005","0.0005","0.0005","0.0005","0.001","0.0005","0.001","0.0015","0.0015","0.0005"
"11-22-2025 09:00","1763802006","0.475","0.05","0.26","0.0745","0.12","0.0015","0.0015","0.0015","0.0015","0.0005","0.0005","0.0005","0.0005","0.0005","0.0005","0.0005","0.001","0.0005","0.001","0.0015","0.0015","0.0005"
"11-22-2025 10:00","1763805605","0.475","0.05","0.235","0.076","0.1175","0.0015","0.0015","0.0015","0.0015","0.0005","0.0005","0.0005","0.0005","0.0005","0.0005","0.0005","0.001","0.0005","0.001","0.0015","0.0015","0.0005"
"11-22-2025 11:00","1763809205","0.475","0.05","0.235","0.0705","0.1","0.0015","0.0015","0.0015","0.0015","0.0005","0.0005","0.0005","0.0005","0.0005","0.0005","0.0005","0.001","0.0005","0.001","0.0015","0.0015","0.0005"
"11-22-2025 12:00","1763812806","0.475","0.05","0.255","0.0715","0.099","0.0015","0.0015","0.0015","0.0015","0.0005","0.0005","0.0005","0.0005","0.0005","0.0005","0.0005","0.001","0.0005","0.001","0.0015","0.0015","0.0005"
"11-22-2025 13:00","1763816418","0.475","0.05","0.25","0.0715","0.115","0.0015","0.0015","0.0015","0.0015","0.0005","0.0005","0.0005","0.0005","0.0005","0.0005","0.0005","0.001","0.0005","0.001","0.0015","0.0015","0.0005"
"11-22-2025 14:00","1763820005","0.475","0.05","0.245","0.0715","0.1175","0.0015","0.0015","0.0015","0.0015","0.0005","0.0005","0.0005","0.0005","0.0005","0.0005","0.0005","0.001","0.0005","0.001","0.0015","0.0015","0.0005"
"11-22-2025 15:00","1763823605","0.475","0.05","0.245","0.071","0.116","0.0015","0.0015","0.0015","0.0015","0.0005","0.0005","0.0005","0.0005","0.0005","0.0005","0.0005","0.001","0.0005","0.001","0.0015","0.0015","0.0005"
"11-22-2025 16:00","1763827206","0.465","0.055","0.245","0.071","0.117","0.0015","0.0015","0.0015","0.0015","0.0005","0.0005","0.0005","0.0005","0.0005","0.0005","0.0005","0.001","0.0005","0.001","0.0015","0.0015","0.0005"
"11-22-2025 17:00","1763830806","0.465","0.05","0.245","0.071","0.118","0.0015","0.0015","0.0015","0.0015","0.0005","0.0005","0.0005","0.0005","0.0005","0.0005","0.0005","0.001","0.0005","0.001","0.0015","0.0015","0.0005"
"11-22-2025 18:00","1763834405","0.46","0.05","0.255","0.071","0.1185","0.0015","0.0015","0.0015","0.0015","0.0005","0.0005","0.0005","0.0005","0.0005","0.0005","0.0005","0.001","0.0005","0.001","0.0015","0.0015","0.0005"
"11-22-2025 19:00","1763838005","0.44","0.05","0.245","0.071","0.124","0.0015","0.0015","0.0015","0.0015","0.0005","0.0005","0.0005","0.0005","0.0005","0.0005","0.0005","0.001","0.0005","0.001","0.0015","0.0015","0.0005"
"11-22-2025 20:00","1763841606","0.435","0.05","0.255","0.071","0.124","0.0015","0.0015","0.0015","0.0015","0.0005","0.0005","0.0005","0.0005","0.0005","0.0005","0.0005","0.001","0.0005","0.001","0.0015","0.0015","0.0005"
"11-22-2025 21:00","1763845206","0.43","0.05","0.27","0.0785","0.1215","0.0015","0.0015","0.0015","0.0015","0.0005","0.0005","0.0005","0.0005","0.0005","0.0005","0.0005","0.001","0.0005","0.001","0.0015","0.0015","0.0005"
"11-22-2025 22:00","1763848805","0.43","0.05","0.27","0.077","0.1205","0.0015","0.0015","0.0015","0.0015","0.0005","0.0005","0.0005","0.0005","0.0005","0.0005","0.0005","0.001","0.0005","0.001","0.0015","0.0015","0.0005"
"11-22-2025 23:00","1763852405","0.42","0.05","0.27","0.076","0.1235","0.0015","0.0015","0.0015","0.0015","0.0005","0.0005","0.0005","0.0005","0.0005","0.0005","0.0005","0.001","0.0005","0.0015","0.0015","0.0015","0.0005"
"11-23-2025 00:00","1763856005","0.42","0.055","0.295","0.076","0.1235","0.0015","0.0015","0.0015","0.0015","0.0005","0.0005","0.0005","0.0005","0.0005","0.0005","0.0005","0.001","0.0005","0.0015","0.0015","0.0015","0.0005"
"11-23-2025 01:00","1763859618","0.42","0.055","0.28","0.076","0.1235","0.0015","0.0015","0.0015","0.0015","0.0005","0.0005","0.0005","0.0005","0.0005","0.0005","0.0005","0.001","0.0005","0.0015","0.0015","0.0015","0.0005"
"11-23-2025 02:00","1763863205","0.415","0.055","0.28","0.076","0.1235","0.0015","0.0015","0.0015","0.0015","0.0005","0.0005","0.0005","0.0005","0.0005","0.0005","0.0005","0.001","0.0005","0.0015","0.0015","0.0015","0.0005"
"11-23-2025 03:00","1763866806","0.43","0.055","0.27","0.076","0.1235","0.0015","0.0015","0.0015","0.0015","0.0005","0.0005","0.0005","0.0005","0.0005","0.0005","0.0005","0.001","0.0005","0.0015","0.0015","0.0015","0.0005"
"11-23-2025 04:00","1763870405","0.425","0.055","0.27","0.076","0.1235","0.0015","0.0015","0.0015","0.0015","0.0005","0.0005","0.0005","0.0005","0.0005","0.0005","0.0005","0.001","0.0005","0.0015","0.0015","0.0015","0.0005"
"11-23-2025 05:00","1763874004","0.44","0.055","0.275","0.076","0.1235","0.0015","0.0015","0.0015","0.0015","0.0005","0.0005","0.0005","0.0005","0.0005","0.0005","0.0005","0.001","0.0005","0.0015","0.0015","0.0015","0.0005"
"11-23-2025 06:00","1763877604","0.44","0.055","0.285","0.076","0.1235","0.0015","0.0015","0.0015","0.0015","0.0005","0.0005","0.0005","0.0005","0.0005","0.0005","0.0005","0.0015","0.0005","0.0015","0.0015","0.0015","0.0005"
"11-23-2025 07:00","1763881204","0.425","0.055","0.28","0.076","0.1235","0.0015","0.0015","0.0015","0.0015","0.0005","0.0005","0.0005","0.0005","0.0005","0.0005","0.0005","0.0015","0.0005","0.0015","0.0015","0.0015","0.0005"
"11-23-2025 08:00","1763884805","0.43","0.055","0.28","0.076","0.123","0.0015","0.0015","0.0015","0.0015","0.0005","0.0005","0.0005","0.0005","0.0005","0.0005","0.0005","0.0015","0.0005","0.0015","0.0015","0.0015","0.0005"
"11-23-2025 09:00","1763888405","0.425","0.055","0.275","0.076","0.121","0.0015","0.0015","0.0015","0.0015","0.0005","0.0005","0.0005","0.0005","0.0005","0.0005","0.0005","0.0015","0.0005","0.0015","0.0015","0.0015","0.0005"
"11-23-2025 10:00","1763892004","0.43","0.045","0.28","0.078","0.1155","0.0015","0.0015","0.0015","0.0015","0.0005","0.0005","0.0005","0.0005","0.0005","0.0005","0.0005","0.0015","0.0005","0.0015","0.0015","0.0015","0.0005"
"11-23-2025 11:00","1763895605","0.435","0.045","0.275","0.0765","0.1155","0.0015","0.0015","0.0015","0.0015","0.0005","0.0005","0.0005","0.0005","0.0005","0.0005","0.0005","0.0015","0.0005","0.0015","0.0015","0.0015","0.0005"
"11-23-2025 12:00","1763899204","0.42","0.045","0.29","0.0765","0.114","0.0015","0.0015","0.0015","0.0015","0.0005","0.001","0.0005","0.0005","0.0005","0.001","0.001","0.0015","0.001","0.0015","0.0015","0.0015","0.0005"
"11-23-2025 13:00","1763902805","0.43","0.045","0.285","0.0765","0.114","0.0015","0.0015","0.0015","0.0015","0.0005","0.001","0.0005","0.0005","0.0005","0.001","0.001","0.0015","0.001","0.0015","0.0015","0.0015","0.0005"
"11-23-2025 14:00","1763906405","0.435","0.045","0.285","0.0755","0.114","0.0015","0.0015","0.0015","0.0015","0.0005","0.0005","0.0005","0.0005","0.0005","0.0005","0.0005","0.0015","0.0005","0.0015","0.0015","0.0015","0.0005"
"11-23-2025 15:00","1763910005","0.44","0.045","0.285","0.0645","0.114","0.0015","0.0015","0.0015","0.0015","0.0005","0.0005","0.0005","0.0005","0.0005","0.0005","0.0005","0.0015","0.0005","0.0015","0.0015","0.0015","0.0005"
"11-23-2025 16:00","1763913605","0.415","0.045","0.275","0.0635","0.114","0.0015","0.0015","0.0015","0.0015","0.0005","0.0005","0.0005","0.0005","0.0005","0.0005","0.0005","0.0015","0.0005","0.0015","0.0015","0.0015","0.0005"
"11-23-2025 17:00","1763917211","0.435","0.05","0.285","0.067","0.114","0.0015","0.0015","0.0015","0.0015","0.0005","0.0005","0.0005","0.0005","0.0005","0.0005","0.0005","0.0015","0.0005","0.0015","0.0015","0.0015","0.0005"
"11-23-2025 18:00","1763920805","0.445","0.05","0.29","0.067","0.114","0.0015","0.0015","0.0015","0.0015","0.0005","0.0005","0.0005","0.0005","0.0005","0.0005","0.0005","0.0015","0.0005","0.0015","0.0015","0.0015","0.0005"
"11-23-2025 19:00","1763924405","0.44","0.05","0.29","0.067","0.114","0.0015","0.0015","0.0015","0.0015","0.0005","0.0005","0.0005","0.0005","0.0005","0.0005","0.0005","0.0015","0.0005","0.0015","0.0015","0.0015","0.0005"
"11-23-2025 20:00","1763928005","0.455","0.05","0.31","0.0685","0.114","0.0015","0.0015","0.0015","0.0015","0.0005","0.0005","0.0005","0.0005","0.0005","0.0005","0.0005","0.0015","0.0005","0.0015","0.0015","0.0015","0.0005"
"11-23-2025 21:00","1763931621","0.455","0.05","0.31","0.0685","0.114","0.0015","0.0015","0.0015","0.0015","0.0005","0.0005","0.0005","0.0005","0.0005","0.0005","0.0005","0.0015","0.0005","0.0015","0.0015","0.0015","0.0005"
"11-23-2025 22:00","1763935205","0.46","0.05","0.31","0.0685","0.113","0.0015","0.0015","0.0015","0.0015","0.0005","0.0005","0.0005","0.0005","0.0005","0.0005","0.0005","0.0015","0.0005","0.0015","0.0015","0.0015","0.0005"
"11-23-2025 23:00","1763938805","0.46","0.05","0.31","0.068","0.1135","0.0015","0.0015","0.0015","0.0015","0.0005","0.0005","0.0005","0.0005","0.0005","0.0005","0.0005","0.0015","0.0005","0.0015","0.0015","0.0015","0.0005"
"11-24-2025 00:00","1763942408","0.465","0.05","0.31","0.068","0.113","0.0015","0.0015","0.0015","0.0015","0.0005","0.0005","0.0005","0.0005","0.0005","0.0005","0.0005","0.0015","0.0005","0.0015","0.0015","0.0015","0.0005"
"11-24-2025 01:00","1763946005","0.465","0.05","0.31","0.068","0.113","0.0015","0.0015","0.0015","0.0015","0.0005","0.0005","0.0005","0.0005","0.0005","0.0005","0.0005","0.0015","0.0005","0.0015","0.0015","0.0015","0.0005"
"11-24-2025 02:00","1763949605","0.465","0.05","0.305","0.068","0.1135","0.0015","0.0015","0.0015","0.0015","0.0005","0.0005","0.0005","0.0005","0.0005","0.0005","0.0005","0.0015","0.0005","0.0015","0.0015","0.0015","0.0005"
"11-24-2025 03:00","1763953205","0.465","0.05","0.305","0.068","0.1135","0.0015","0.0015","0.0015","0.0015","0.0005","0.0005","0.0005","0.0005","0.0005","0.0005","0.0005","0.0015","0.0005","0.0015","0.0015","0.0015","0.0005"
"11-24-2025 04:00","1763956804","0.465","0.05","0.305","0.068","0.1135","0.0015","0.0015","0.0015","0.0015","0.0005","0.0005","0.0005","0.0005","0.0005","0.0005","0.0005","0.0015","0.0005","0.0015","0.0015","0.0015","0.0005"
"11-24-2025 05:00","1763960405","0.465","0.05","0.305","0.0685","0.1135","0.0015","0.0015","0.0015","0.0015","0.0005","0.0005","0.0005","0.0005","0.0005","0.0005","0.0005","0.0015","0.0005","0.0015","0.0015","0.0015","0.0005"
"11-24-2025 06:00","1763964004","0.465","0.05","0.305","0.0685","0.1135","0.0015","0.0015","0.0015","0.0015","0.0005","0.0005","0.0005","0.0005","0.0005","0.0005","0.0005","0.0015","0.0005","0.0015","0.0015","0.0015","0.0005"
"11-24-2025 07:00","1763967605","0.465","0.05","0.305","0.0685","0.1135","0.0015","0.0015","0.0015","0.0015","0.0005","0.0005","0.0005","0.0005","0.0005","0.0005","0.0005","0.0015","0.0005","0.0015","0.0015","0.0015","0.0005"
"11-24-2025 08:00","1763971204","0.465","0.05","0.3","0.0685","0.1135","0.0015","0.0015","0.0015","0.0015","0.0005","0.0005","0.0005","0.0005","0.0005","0.0005","0.0005","0.0015","0.0005","0.0015","0.0015","0.0015","0.0005"
"11-24-2025 09:00","1763974804","0.465","0.05","0.3","0.0685","0.1135","0.0015","0.0015","0.0015","0.0015","0.0005","0.0005","0.0005","0.0005","0.0005","0.0005","0.0005","0.0015","0.0005","0.0015","0.0015","0.0015","0.0005"
"11-24-2025 10:00","1763978404","0.465","0.05","0.3","0.0685","0.1135","0.0015","0.0015","0.0015","0.0015","0.0005","0.0005","0.0005","0.0005","0.0005","0.0005","0.0005","0.0015","0.0005","0.0015","0.0015","0.0015","0.0005"
"11-24-2025 11:00","1763982004","0.465","0.05","0.29","0.0685","0.1135","0.0015","0.0015","0.0015","0.0015","0.0005","0.0005","0.0005","0.0005","0.0005","0.0005","0.0005","0.0015","0.0005","0.0015","0.0015","0.0015","0.0005"
"11-24-2025 12:00","1763985604","0.465","0.05","0.29","0.0685","0.1135","0.0015","0.0015","0.0015","0.0015","0.0005","0.0005","0.0005","0.0005","0.0005","0.0005","0.0005","0.0015","0.0005","0.0015","0.0015","0.0015","0.0005"
"11-24-2025 13:00","1763989205","0.465","0.05","0.285","0.0685","0.121","0.0015","0.0015","0.0015","0.0015","0.0005","0.0005","0.0005","0.0005","0.0005","0.0005","0.0005","0.0015","0.0005","0.0015","0.0015","0.0015","0.0005"
"11-24-2025 14:00","1763992805","0.465","0.05","0.28","0.0685","0.121","0.0015","0.0015","0.0015","0.0015","0.0005","0.0005","0.0005","0.0005","0.0005","0.0005","0.0005","0.0015","0.0005","0.0015","0.0015","0.0015","0.0005"
"11-24-2025 15:00","1763996405","0.475","0.05","0.28","0.0685","0.1205","0.0015","0.0015","0.0015","0.0015","0.001","0.0005","0.0005","0.0005","0.0005","0.0005","0.0005","0.0015","0.0005","0.0015","0.0015","0.0015","0.0005"
"11-24-2025 16:00","1764000004","0.485","0.05","0.28","0.0685","0.1105","0.0015","0.0015","0.0015","0.0015","0.001","0.0005","0.0005","0.0005","0.0005","0.0005","0.0005","0.0015","0.0005","0.0015","0.0015","0.0015","0.0005"
"11-24-2025 17:00","1764003605","0.485","0.05","0.275","0.068","0.1025","0.0015","0.0015","0.0015","0.0015","0.001","0.0005","0.0005","0.0005","0.0005","0.0005","0.0005","0.0015","0.0005","0.0015","0.0015","0.0015","0.0005"
"11-24-2025 18:00","1764007205","0.485","0.055","0.27","0.0695","0.1045","0.0015","0.0015","0.0015","0.0015","0.001","0.0005","0.0005","0.0005","0.0005","0.0005","0.0005","0.0015","0.0005","0.0015","0.0015","0.0015","0.0005"
"11-24-2025 19:00","1764010805","0.485","0.055","0.285","0.069","0.1045","0.0015","0.0015","0.0015","0.0015","0.001","0.0005","0.0005","0.0005","0.0005","0.0005","0.0005","0.0015","0.0005","0.0015","0.0015","0.0015","0.0005"
"11-24-2025 20:00","1764014406","0.495","0.045","0.295","0.0635","0.1045","0.0015","0.0015","0.0015","0.0015","0.0005","0.0005","0.0005","0.0005","0.0005","0.0005","0.0005","0.0015","0.0005","0.0015","0.0015","0.0015","0.0005"
"11-24-2025 21:00","1764018005","0.495","0.045","0.295","0.064","0.1045","0.0015","0.0015","0.0015","0.0015","0.0005","0.0005","0.0005","0.0005","0.0005","0.0005","0.0005","0.0015","0.0005","0.0015","0.0015","0.0015","0.0005"
"11-24-2025 22:00","1764021605","0.495","0.045","0.295","0.0635","0.1025","0.0015","0.0015","0.0015","0.0015","0.0005","0.0005","0.0005","0.0005","0.0005","0.0005","0.0005","0.0015","0.0005","0.0015","0.0015","0.0015","0.0005"
"11-24-2025 23:00","1764025205","0.495","0.045","0.295","0.0635","0.1015","0.0015","0.0015","0.0015","0.0015","0.0005","0.0005","0.0005","0.0005","0.0005","0.0005","0.0005","0.0015","0.0005","0.0015","0.0015","0.0015","0.0005"
"11-25-2025 00:00","1764028805","0.505","0.045","0.305","0.0605","0.0915","0.0015","0.0015","0.0015","0.0015","0.0005","0.0005","0.0005","0.0005","0.0005","0.0005","0.0005","0.0015","0.0005","0.0015","0.0015","0.0015","0.0005"
"11-25-2025 01:00","1764032406","0.51","0.045","0.295","0.055","0.0865","0.0015","0.0015","0.0015","0.0015","0.0005","0.0005","0.0005","0.0005","0.0005","0.0005","0.0005","0.0015","0.0005","0.0015","0.0015","0.0015","0.0005"
"11-25-2025 02:00","1764036005","0.515","0.045","0.275","0.0555","0.0865","0.0015","0.0015","0.0015","0.0015","0.0005","0.0005","0.0005","0.0005","0.0005","0.0005","0.0005","0.0015","0.0005","0.0015","0.0015","0.0015","0.0005"
"11-25-2025 03:00","1764039605","0.515","0.045","0.285","0.055","0.0865","0.0015","0.0015","0.0015","0.0015","0.0005","0.0005","0.0005","0.0005","0.0005","0.0005","0.0005","0.0015","0.0005","0.0015","0.0015","0.0015","0.0005"
"11-25-2025 04:00","1764043205","0.515","0.045","0.285","0.055","0.0865","0.0015","0.0015","0.0015","0.0015","0.0005","0.0005","0.0005","0.0005","0.0005","0.0005","0.0005","0.0015","0.0005","0.0015","0.0015","0.0015","0.0005"
"11-25-2025 05:00","1764046805","0.525","0.045","0.295","0.055","0.089","0.0015","0.0005","0.0015","0.0015","0.0005","0.0005","0.0005","0.0005","0.0005","0.0005","0.0005","0.0005","0.0005","0.0005","0.0005","0.0015","0.0005"
"11-25-2025 06:00","1764050405","0.525","0.045","0.295","0.0545","0.089","0.0015","0.0005","0.0015","0.0015","0.0005","0.0005","0.0005","0.0005","0.0005","0.0005","0.0005","0.0005","0.0005","0.0005","0.0005","0.0015","0.0005"
"11-25-2025 07:00","1764054005","0.525","0.045","0.295","0.0545","0.089","0.0015","0.0005","0.0015","0.0015","0.0005","0.0005","0.0005","0.0005","0.0005","0.0005","0.0005","0.0005","0.0005","0.0005","0.0005","0.0015","0.0005"
"11-25-2025 08:00","1764057605","0.525","0.045","0.295","0.0545","0.089","0.0015","0.0005","0.0015","0.0015","0.0005","0.0005","0.0005","0.0005","0.0005","0.0005","0.0005","0.0005","0.0005","0.0005","0.0005","0.0015","0.0005"
"11-25-2025 09:00","1764061205","0.525","0.045","0.295","0.0555","0.0885","0.0015","0.0005","0.0015","0.0015","0.0005","0.0005","0.0005","0.0005","0.0005","0.0005","0.0005","0.0005","0.0005","0.0005","0.0005","0.0015","0.0005"
"11-25-2025 10:00","1764064805","0.525","0.045","0.295","0.0545","0.0885","0.0015","0.0005","0.0015","0.0015","0.0005","0.0005","0.0005","0.0005","0.0005","0.0005","0.0005","0.0005","0.0005","0.0005","0.0005","0.0015","0.0005"
"11-25-2025 11:00","1764068405","0.525","0.045","0.295","0.0555","0.0885","0.0015","0.0005","0.0015","0.0015","0.0005","0.0005","0.0005","0.0005","0.0005","0.0005","0.0005","0.0005","0.0005","0.0005","0.0005","0.0015","0.0005"
"11-25-2025 12:00","1764072005","0.525","0.045","0.295","0.0555","0.0885","0.0015","0.0005","0.0015","0.0015","0.0005","0.0005","0.0005","0.0005","0.0005","0.0005","0.0005","0.0005","0.0005","0.0005","0.0005","0.0015","0.0005"
"11-25-2025 13:00","1764075605","0.52","0.04","0.3","0.055","0.088","0.0015","0.0005","0.0015","0.0015","0.0005","0.0005","0.0005","0.0005","0.0005","0.0005","0.0005","0.0005","0.0005","0.0005","0.0005","0.0015","0.0005"
"11-25-2025 14:00","1764079206","0.51","0.0375","0.3","0.0545","0.1155","0.0015","0.0005","0.0015","0.0015","0.0005","0.0005","0.0005","0.0005","0.0005","0.0005","0.0005","0.0005","0.0005","0.0005","0.0005","0.0015","0.0005"
"11-25-2025 15:00","1764082805","0.515","0.037","0.29","0.06","0.109","0.0015","0.0005","0.0015","0.0015","0.0005","0.0005","0.0005","0.0005","0.0005","0.0005","0.0005","0.0005","0.0005","0.0005","0.0005","0.0015","0.0005"
"11-25-2025 16:00","1764086405","0.515","0.037","0.26","0.0635","0.101","0.0015","0.0005","0.0015","0.0015","0.0005","0.0005","0.0005","0.0005","0.0005","0.0005","0.0005","0.0005","0.0005","0.0005","0.0005","0.0015","0.0005"
"11-25-2025 17:00","1764090005","0.515","0.034","0.255","0.067","0.101","0.0015","0.0005","0.0015","0.0015","0.0005","0.0005","0.0005","0.0005","0.0005","0.0005","0.0005","0.0005","0.0005","0.0005","0.0005","0.0015","0.0005"
"11-25-2025 18:00","1764093605","0.47","0.0365","0.26","0.0675","0.1015","0.0015","0.0005","0.0015","0.0015","0.0005","0.0005","0.0005","0.0005","0.0005","0.0005","0.0005","0.0005","0.0005","0.0005","0.0005","0.0015","0.0005"
"11-25-2025 19:00","1764097205","0.475","0.039","0.26","0.0685","0.101","0.0015","0.0005","0.0015","0.0015","0.0005","0.0005","0.0005","0.0005","0.0005","0.0005","0.0005","0.0005","0.0005","0.0005","0.0005","0.0015","0.0005"
"11-25-2025 20:00","1764100806","0.475","0.039","0.27","0.0695","0.101","0.0015","0.0005","0.0015","0.0015","0.0005","0.0005","0.0005","0.0005","0.0005","0.0005","0.0005","0.0005","0.0005","0.0005","0.0005","0.0015","0.0005"
"11-25-2025 21:00","1764104406","0.47","0.039","0.28","0.069","0.101","0.0015","0.0005","0.0015","0.0015","0.0005","0.0005","0.0005","0.0005","0.0005","0.0005","0.0005","0.0005","0.0005","0.0005","0.0005","0.0015","0.0005"
"11-25-2025 22:00","1764108005","0.475","0.039","0.28","0.069","0.1005","0.0015","0.0005","0.0015","0.0015","0.0005","0.0005","0.0005","0.0005","0.0005","0.0005","0.0005","0.0005","0.0005","0.0005","0.0005","0.0015","0.0005"
"11-25-2025 23:00","1764111605","0.475","0.0375","0.275","0.069","0.1","0.0015","0.0005","0.0015","0.0015","0.0005","0.0005","0.0005","0.0005","0.0005","0.0005","0.0005","0.0005","0.0005","0.0005","0.0005","0.0015","0.0005"
"11-26-2025 00:00","1764115206","0.485","0.037","0.275","0.069","0.101","0.0015","0.0005","0.0015","0.0015","0.0005","0.0005","0.0005","0.0005","0.0005","0.0005","0.0005","0.0005","0.0005","0.0005","0.0005","0.0015","0.0005"
"11-26-2025 01:00","1764118805","0.505","0.0355","0.27","0.069","0.1005","0.0015","0.0005","0.0015","0.0015","0.0005","0.0005","0.0005","0.0005","0.0005","0.0005","0.0005","0.0005","0.0005","0.0005","0.0005","0.0015","0.0005"
"11-26-2025 02:00","1764122405","0.51","0.039","0.29","0.0695","0.101","0.0015","0.0005","0.0015","0.0015","0.0005","0.0005","0.0005","0.0005","0.0005","0.0005","0.0005","0.0005","0.0005","0.0005","0.0005","0.0015","0.0005"
"11-26-2025 03:00","1764126006","0.515","0.0385","0.285","0.069","0.099","0.0015","0.0005","0.0015","0.0015","0.0005","0.0005","0.0005","0.0005","0.0005","0.0005","0.0005","0.0005","0.0005","0.0005","0.0005","0.0015","0.0005"
"11-26-2025 04:00","1764129605","0.515","0.039","0.285","0.069","0.099","0.0015","0.0005","0.0015","0.0015","0.0005","0.0005","0.0005","0.0005","0.0005","0.0005","0.0005","0.0005","0.0005","0.0005","0.0005","0.0015","0.0005"
"11-26-2025 05:00","1764133205","0.525","0.0375","0.275","0.062","0.0905","0.0015","0.0005","0.0015","0.0015","0.0005","0.0005","0.0005","0.0005","0.0005","0.0005","0.0005","0.0005","0.0005","0.0005","0.0005","0.0015","0.0005"
"11-26-2025 06:00","1764136817","0.525","0.0375","0.275","0.062","0.0905","0.0015","0.0005","0.0015","0.0015","0.0005","0.0005","0.0005","0.0005","0.0005","0.0005","0.0005","0.0005","0.0005","0.0005","0.0005","0.0015","0.0005"
"11-26-2025 07:00","1764140405","0.525","0.034","0.275","0.062","0.0905","0.0015","0.0005","0.0015","0.0015","0.0005","0.0005","0.0005","0.0005","0.0005","0.0005","0.0005","0.0005","0.0005","0.0005","0.0005","0.0015","0.0005"
"11-26-2025 08:00","1764144009","0.535","0.034","0.285","0.062","0.0905","0.0015","0.0005","0.0015","0.0015","0.0005","0.0005","0.0005","0.0005","0.0005","0.0005","0.0005","0.0005","0.0005","0.0005","0.0005","0.0015","0.0005"
"11-26-2025 09:00","1764147605","0.535","0.033","0.285","0.062","0.0805","0.0015","0.0005","0.0015","0.0015","0.0005","0.0005","0.0005","0.0005","0.0005","0.0005","0.0005","0.0005","0.0005","0.0005","0.0005","0.0015","0.0005"
"11-26-2025 10:00","1764151205","0.535","0.033","0.285","0.062","0.0825","0.0015","0.0005","0.0015","0.0015","0.0005","0.0005","0.0005","0.0005","0.0005","0.0005","0.0005","0.0005","0.0005","0.0005","0.0005","0.0015","0.0005"
"11-26-2025 11:00","1764154805","0.53","0.036","0.285","0.062","0.0875","0.0015","0.0005","0.0015","0.0015","0.0005","0.0005","0.0005","0.0005","0.0005","0.0005","0.0005","0.0005","0.0005","0.0005","0.0005","0.0005","0.0005"
"11-26-2025 12:00","1764158419","0.53","0.036","0.285","0.061","0.0905","0.0015","0.0005","0.0015","0.0015","0.0005","0.0005","0.0005","0.0005","0.0005","0.0005","0.0005","0.0005","0.0005","0.0005","0.0005","0.0005","0.0005"
"11-26-2025 13:00","1764162005","0.53","0.0385","0.285","0.0605","0.094","0.0015","0.0005","0.0015","0.0015","0.0005","0.0005","0.0005","0.0005","0.0005","0.0005","0.0005","0.0005","0.0005","0.0005","0.0005","0.0005","0.0005"
"11-26-2025 14:00","1764165606","0.555","0.031","0.285","0.0585","0.0705","0.0015","0.0005","0.0015","0.0015","0.0005","0.0005","0.0005","0.0005","0.0005","0.0005","0.0005","0.0005","0.0005","0.0005","0.0005","0.0005","0.0005"
"11-26-2025 15:00","1764169205","0.55","0.036","0.29","0.058","0.0785","0.0015","0.0005","0.0015","0.0015","0.0005","0.0005","0.0005","0.0005","0.0005","0.0005","0.0005","0.0005","0.0005","0.0005","0.0005","0.0005","0.0005"
"11-26-2025 16:00","1764172805","0.535","0.0345","0.305","0.061","0.078","0.0015","0.0005","0.0015","0.0015","0.0005","0.0005","0.0005","0.0005","0.0005","0.0005","0.0005","0.0005","0.0005","0.0005","0.0005","0.0005","0.0005"
"11-26-2025 17:00","1764176405","0.55","0.0375","0.275","0.0595","0.093","0.0015","0.0005","0.0015","0.0015","0.0005","0.0005","0.0005","0.0005","0.0005","0.0005","0.0005","0.0005","0.0005","0.0005","0.0005","0.0005","0.0005"
"11-26-2025 18:00","1764180005","0.58","0.0325","0.225","0.0555","0.0745","0.0015","0.0005","0.0015","0.0015","0.0005","0.0005","0.0005","0.0005","0.0005","0.0005","0.0005","0.0005","0.0005","0.0005","0.0005","0.0005","0.0005"
"11-26-2025 19:00","1764183606","0.6","0.0345","0.22","0.0605","0.073","0.0015","0.0005","0.0015","0.0015","0.0005","0.0005","0.0005","0.0005","0.0005","0.0005","0.0005","0.0005","0.0005","0.0005","0.0005","0.0005","0.0005"
"11-26-2025 20:00","1764187205","0.595","0.0345","0.22","0.0595","0.08","0.0015","0.0005","0.0015","0.0015","0.0005","0.0005","0.0005","0.0005","0.0005","0.0005","0.0005","0.0005","0.0005","0.0005","0.0005","0.0005","0.0005"
"11-26-2025 21:00","1764190806","0.6","0.0355","0.215","0.0595","0.0815","0.0015","0.0005","0.0015","0.0015","0.0005","0.0005","0.0005","0.0005","0.0005","0.0005","0.0005","0.0005","0.0005","0.0005","0.0005","0.0005","0.0005"
"11-26-2025 22:00","1764194405","0.605","0.035","0.215","0.06","0.0815","0.0015","0.0005","0.0015","0.0015","0.0005","0.0005","0.0005","0.0005","0.0005","0.0005","0.0005","0.0005","0.0005","0.0005","0.0005","0.0005","0.0005"
"11-26-2025 23:00","1764198005","0.605","0.0345","0.215","0.059","0.081","0.0015","0.0005","0.0015","0.0015","0.0005","0.0005","0.0005","0.0005","0.0005","0.0005","0.0005","0.0005","0.0005","0.0005","0.0005","0.0005","0.0005"
"11-27-2025 00:00","1764201605","0.62","0.0345","0.215","0.059","0.081","0.0015","0.0005","0.0015","0.0015","0.0005","0.0005","0.0005","0.0005","0.0005","0.0005","0.0005","0.0005","0.0005","0.0005","0.0005","0.0005","0.0005"
"11-27-2025 01:00","1764205217","0.62","0.039","0.205","0.0585","0.081","0.0015","0.0005","0.0015","0.0015","0.0005","0.0005","0.0005","0.0005","0.0005","0.0005","0.0005","0.0005","0.0005","0.0005","0.0005","0.0005","0.0005"
"11-27-2025 02:00","1764208806","0.615","0.039","0.215","0.0585","0.081","0.0015","0.0005","0.0015","0.0015","0.0005","0.0005","0.0005","0.0005","0.0005","0.0005","0.0005","0.0005","0.0005","0.0005","0.0005","0.0005","0.0005"
"11-27-2025 03:00","1764212405","0.62","0.038","0.21","0.058","0.0795","0.0015","0.0005","0.0015","0.0015","0.0005","0.0005","0.0005","0.0005","0.0005","0.0005","0.0005","0.0005","0.0005","0.0005","0.0005","0.0005","0.0005"
"11-27-2025 04:00","1764216005","0.625","0.034","0.21","0.058","0.079","0.0015","0.0005","0.0015","0.0015","0.0005","0.0005","0.0005","0.0005","0.0005","0.0005","0.0005","0.0005","0.0005","0.0005","0.0005","0.0005","0.0005"
"11-27-2025 05:00","1764219605","0.625","0.034","0.21","0.058","0.079","0.0015","0.0005","0.0015","0.0015","0.0005","0.0005","0.0005","0.0005","0.0005","0.0005","0.0005","0.0005","0.0005","0.0005","0.0005","0.0005","0.0005"
"11-27-2025 06:00","1764223206","0.62","0.0345","0.21","0.058","0.078","0.0015","0.0005","0.0015","0.0015","0.0005","0.0005","0.0005","0.0005","0.0005","0.0005","0.0005","0.0005","0.0005","0.0005","0.0005","0.0005","0.0005"
"11-27-2025 07:00","1764226805","0.62","0.0345","0.21","0.058","0.078","0.0015","0.0005","0.0015","0.0015","0.0005","0.0005","0.0005","0.0005","0.0005","0.0005","0.0005","0.0005","0.0005","0.0005","0.0005","0.0005","0.0005"
"11-27-2025 08:00","1764230405","0.615","0.034","0.21","0.0605","0.0785","0.0015","0.0005","0.0015","0.0015","0.0005","0.0005","0.0005","0.0005","0.0005","0.0005","0.0005","0.0005","0.0005","0.0005","0.0005","0.0005","0.0005"
"11-27-2025 09:00","1764234005","0.61","0.034","0.21","0.0605","0.079","0.0015","0.0005","0.0015","0.0015","0.0005","0.0005","0.0005","0.0005","0.0005","0.0005","0.0005","0.0005","0.0005","0.0005","0.0005","0.0005","0.0005"
"11-27-2025 10:00","1764237606","0.605","0.0345","0.225","0.0605","0.081","0.0015","0.0005","0.0015","0.0015","0.0005","0.0005","0.0005","0.0005","0.0005","0.0005","0.0005","0.0005","0.0005","0.0005","0.0005","0.0005","0.0005"
"11-27-2025 11:00","1764241205","0.6","0.0345","0.225","0.0605","0.081","0.0015","0.0005","0.0015","0.0015","0.0005","0.0005","0.0005","0.0005","0.0005","0.0005","0.0005","0.0005","0.0005","0.0005","0.0005","0.0005","0.0005"
"11-27-2025 12:00","1764244805","0.6","0.035","0.225","0.058","0.0805","0.0015","0.0005","0.0015","0.0015","0.0005","0.0005","0.0005","0.0005","0.0005","0.0005","0.0005","0.0005","0.0005","0.0005","0.0005","0.0005","0.0005"
"11-27-2025 13:00","1764248405","0.6","0.035","0.225","0.0575","0.1015","0.0015","0.0005","0.0015","0.0015","0.0005","0.0005","0.0005","0.0005","0.0005","0.0005","0.0005","0.0005","0.0005","0.0005","0.0005","0.0005","0.0005"
"11-27-2025 14:00","1764252005","0.595","0.035","0.22","0.0575","0.0985","0.0015","0.0005","0.0015","0.0015","0.0005","0.0005","0.0005","0.0005","0.0005","0.0005","0.0005","0.0005","0.0005","0.0005","0.0005","0.0005","0.0005"
"11-27-2025 15:00","1764255605","0.6","0.0355","0.22","0.0575","0.1035","0.0015","0.0005","0.0015","0.0015","0.0005","0.0005","0.0005","0.0005","0.0005","0.0005","0.0005","0.0005","0.0005","0.0005","0.0005","0.0005","0.0005"
"11-27-2025 16:00","1764259206","0.595","0.0355","0.22","0.0575","0.1005","0.0015","0.0005","0.0015","0.0015","0.0005","0.0005","0.0005","0.0005","0.0005","0.0005","0.0005","0.0005","0.0005","0.0005","0.0005","0.0005","0.0005"
"11-27-2025 17:00","1764262805","0.595","0.0355","0.22","0.057","0.1005","0.0015","0.0005","0.0015","0.0015","0.0005","0.0005","0.0005","0.0005","0.0005","0.0005","0.0005","0.0005","0.0005","0.0005","0.0005","0.0005","0.0005"
"11-27-2025 18:00","1764266406","0.595","0.035","0.22","0.057","0.0995","0.0015","0.0005","0.0015","0.0015","0.0005","0.0005","0.0005","0.0005","0.0005","0.0005","0.0005","0.0005","0.0005","0.0005","0.0005","0.0005","0.0005"
"11-27-2025 19:00","1764270005","0.6","0.0355","0.22","0.057","0.0995","0.0015","0.0005","0.0015","0.0015","0.0005","0.0005","0.0005","0.0005","0.0005","0.0005","0.0005","0.0005","0.0005","0.0005","0.0005","0.0005","0.0005"
"11-27-2025 20:00","1764273606","0.585","0.0355","0.22","0.057","0.0995","0.0015","0.0005","0.0015","0.0015","0.0005","0.0005","0.0005","0.0005","0.0005","0.0005","0.0005","0.0005","0.0005","0.0005","0.0005","0.0005","0.0005"
"11-27-2025 21:00","1764277206","0.57","0.0355","0.23","0.057","0.101","0.0015","0.0005","0.0015","0.0015","0.0005","0.0005","0.0005","0.0005","0.0005","0.0005","0.0005","0.0005","0.0005","0.0005","0.0005","0.0005","0.0005"
"11-27-2025 22:00","1764280806","0.545","0.0355","0.265","0.057","0.101","0.0015","0.0005","0.0015","0.0015","0.0005","0.0005","0.0005","0.0005","0.0005","0.0005","0.0005","0.0005","0.0005","0.0005","0.0005","0.0005","0.0005"
"11-27-2025 23:00","1764284407","0.5","0.0395","0.295","0.058","0.0995","0.0015","0.0005","0.0015","0.0015","0.0005","0.0005","0.0005","0.0005","0.0005","0.0005","0.0005","0.0005","0.0005","0.0005","0.0005","0.0005","0.0005"
"11-28-2025 00:00","1764288006","0.505","0.035","0.305","0.0575","0.1","0.0015","0.0005","0.0015","0.0015","0.0005","0.0005","0.0005","0.0005","0.0005","0.0005","0.0005","0.0005","0.0005","0.0005","0.0005","0.0005","0.0005"
"11-28-2025 01:00","1764291606","0.505","0.0405","0.32","0.057","0.094","0.0015","0.0005","0.0015","0.0015","0.0005","0.0005","0.0005","0.0005","0.0005","0.0005","0.0005","0.0005","0.0005","0.0005","0.0005","0.0005","0.0005"
"11-28-2025 02:00","1764295206","0.5","0.04","0.32","0.0565","0.0935","0.0015","0.0005","0.0015","0.0005","0.0005","0.0005","0.0005","0.0005","0.0005","0.0005","0.0005","0.0005","0.0005","0.0005","0.0005","0.0005","0.0005"
"11-28-2025 03:00","1764298805","0.505","0.0385","0.32","0.056","0.0925","0.0015","0.0005","0.0015","0.0005","0.0005","0.0005","0.0005","0.0005","0.0005","0.0005","0.0005","0.0005","0.0005","0.0005","0.0005","0.0005","0.0005"
"11-28-2025 04:00","1764302405","0.5","0.038","0.32","0.056","0.0915","0.0015","0.0005","0.0015","0.0005","0.0005","0.0005","0.0005","0.0005","0.0005","0.0005","0.0005","0.0005","0.0005","0.0005","0.0005","0.0005","0.0005"
"11-28-2025 05:00","1764306005","0.505","0.038","0.295","0.056","0.0915","0.0015","0.0005","0.0015","0.0005","0.0005","0.0005","0.0005","0.0005","0.0005","0.0005","0.0005","0.0005","0.0005","0.0005","0.0005","0.0005","0.0005"
"11-28-2025 06:00","1764309605","0.505","0.039","0.28","0.056","0.0915","0.0015","0.0005","0.0015","0.0005","0.0005","0.0005","0.0005","0.0005","0.0005","0.0005","0.0005","0.0005","0.0005","0.0005","0.0005","0.0005","0.0005"
"11-28-2025 07:00","1764313205","0.515","0.0355","0.275","0.056","0.09","0.0015","0.0005","0.0015","0.0005","0.0005","0.0005","0.0005","0.0005","0.0005","0.0005","0.0005","0.0005","0.0005","0.0005","0.0005","0.0005","0.0005"
"11-28-2025 08:00","1764316806","0.53","0.0345","0.295","0.056","0.09","0.0015","0.0005","0.0015","0.0005","0.0005","0.0005","0.0005","0.0005","0.0005","0.0005","0.0005","0.0005","0.0005","0.0005","0.0005","0.0005","0.0005"
"11-28-2025 09:00","1764320405","0.505","0.039","0.305","0.056","0.09","0.0015","0.0005","0.0015","0.0005","0.0005","0.0005","0.0005","0.0005","0.0005","0.0005","0.0005","0.0005","0.0005","0.0005","0.0005","0.0005","0.0005"
"11-28-2025 10:00","1764324005","0.5","0.034","0.305","0.0565","0.0885","0.0015","0.0005","0.0015","0.0005","0.0005","0.0005","0.0005","0.0005","0.0005","0.0005","0.0005","0.0005","0.0005","0.0005","0.0005","0.0005","0.0005"
"11-28-2025 11:00","1764327605","0.5","0.034","0.31","0.0565","0.0745","0.0015","0.0005","0.0015","0.0005","0.0005","0.0005","0.0005","0.0005","0.0005","0.0005","0.0005","0.0005","0.0005","0.0005","0.0005","0.0005","0.0005"
"11-28-2025 12:00","1764331206","0.505","0.034","0.325","0.057","0.0785","0.0015","0.0005","0.0015","0.0005","0.0005","0.0005","0.0005","0.0005","0.0005","0.0005","0.0005","0.0005","0.0005","0.0005","0.0005","0.0005","0.0005"
"11-28-2025 13:00","1764334805","0.505","0.034","0.3","0.057","0.079","0.0015","0.0005","0.0015","0.0005","0.0005","0.0005","0.0005","0.0005","0.0005","0.0005","0.0005","0.0005","0.0005","0.0005","0.0005","0.0005","0.0005"
"11-28-2025 14:00","1764338406","0.505","0.034","0.305","0.06","0.079","0.0015","0.0005","0.0015","0.0005","0.0005","0.0005","0.0005","0.0005","0.0005","0.0005","0.0005","0.0005","0.0005","0.0005","0.0005","0.0005","0.0005"
"11-28-2025 15:00","1764342006","0.515","0.034","0.31","0.053","0.079","0.0015","0.0005","0.0015","0.0005","0.0005","0.0005","0.0005","0.0005","0.0005","0.0005","0.0005","0.0005","0.0005","0.0005","0.0005","0.0005","0.0005"
"11-28-2025 16:00","1764345619","0.515","0.034","0.31","0.05","0.0765","0.0015","0.0005","0.0015","0.0005","0.0005","0.0005","0.0005","0.0005","0.0005","0.0005","0.0005","0.0005","0.0005","0.0005","0.0005","0.0005","0.0005"
"11-28-2025 17:00","1764349206","0.5","0.034","0.295","0.05","0.0785","0.0015","0.0005","0.0015","0.0005","0.0005","0.0005","0.0005","0.0005","0.0005","0.0005","0.0005","0.0005","0.0005","0.0005","0.0005","0.0005","0.0005"
"11-28-2025 18:00","1764352805","0.44","0.0345","0.325","0.051","0.0935","0.0015","0.0005","0.0015","0.0005","0.0005","0.0005","0.0005","0.0005","0.0005","0.0005","0.0005","0.0005","0.0005","0.0005","0.0005","0.0005","0.0005"
"11-28-2025 19:00","1764356405","0.455","0.0345","0.34","0.0515","0.1","0.0015","0.0005","0.0015","0.0005","0.0005","0.0005","0.0005","0.0005","0.0005","0.0005","0.0005","0.0005","0.0005","0.0005","0.0005","0.0005","0.0005"
"11-28-2025 20:00","1764360005","0.455","0.035","0.335","0.049","0.0895","0.0015","0.0005","0.0015","0.0005","0.0005","0.0005","0.0005","0.0005","0.0005","0.0005","0.0005","0.0005","0.0005","0.0005","0.0005","0.0005","0.0005"
"11-28-2025 21:00","1764363607","0.44","0.035","0.34","0.048","0.1095","0.0015","0.0005","0.0015","0.0005","0.0005","0.0005","0.0005","0.0005","0.0005","0.0005","0.0005","0.0005","0.0005","0.0005","0.0005","0.0005","0.0005"
"11-28-2025 22:00","1764367208","0.445","0.035","0.33","0.0575","0.1125","0.0015","0.0005","0.0015","0.0005","0.0005","0.0005","0.0005","0.0005","0.0005","0.0005","0.0005","0.0005","0.0005","0.0005","0.0005","0.0005","0.0005"
"11-28-2025 23:00","1764370806","0.45","0.035","0.33","0.061","0.097","0.0015","0.0005","0.0015","0.0005","0.0005","0.0005","0.0005","0.0005","0.0005","0.0005","0.0005","0.0005","0.0005","0.0005","0.0005","0.0005","0.0005"
"11-29-2025 00:00","1764374406","0.45","0.035","0.335","0.0615","0.1025","0.0015","0.0005","0.0015","0.0005","0.0005","0.0005","0.0005","0.0005","0.0005","0.0005","0.0005","0.0005","0.0005","0.0005","0.0005","0.0005","0.0005"
"11-29-2025 01:00","1764378006","0.455","0.035","0.335","0.0615","0.106","0.0015","0.0005","0.0015","0.0005","0.0005","0.0005","0.0005","0.0005","0.0005","0.0005","0.0005","0.0005","0.0005","0.0005","0.0005","0.0005","0.0005"
"11-29-2025 02:00","1764381606","0.455","0.035","0.335","0.0615","0.1065","0.0015","0.0005","0.0015","0.0005","0.0005","0.0005","0.0005","0.0005","0.0005","0.0005","0.0005","0.0005","0.0005","0.0005","0.0005","0.0005","0.0005"
"11-29-2025 03:00","1764385205","0.455","0.035","0.335","0.061","0.1065","0.0015","0.0005","0.0015","0.0005","0.0005","0.0005","0.0005","0.0005","0.0005","0.0005","0.0005","0.0005","0.0005","0.0005","0.0005","0.0005","0.0005"
"11-29-2025 04:00","1764388806","0.455","0.035","0.335","0.061","0.1065","0.0015","0.0005","0.0015","0.0005","0.0005","0.0005","0.0005","0.0005","0.0005","0.0005","0.0005","0.0005","0.0005","0.0005","0.0005","0.0005","0.0005"
"11-29-2025 05:00","1764392405","0.46","0.035","0.335","0.061","0.107","0.0015","0.0005","0.0015","0.0005","0.0005","0.0005","0.0005","0.0005","0.0005","0.0005","0.0005","0.0005","0.0005","0.0005","0.0005","0.0005","0.0005"
"11-29-2025 06:00","1764396005","0.46","0.035","0.335","0.061","0.1075","0.0015","0.0005","0.0015","0.0005","0.0005","0.0005","0.0005","0.0005","0.0005","0.0005","0.0005","0.0005","0.0005","0.0005","0.0005","0.0005","0.0005"
"11-29-2025 07:00","1764399605","0.46","0.035","0.345","0.061","0.108","0.0015","0.0005","0.0015","0.0005","0.0005","0.0005","0.0005","0.0005","0.0005","0.0005","0.0005","0.0005","0.0005","0.0005","0.0005","0.0005","0.0005"
"11-29-2025 08:00","1764403206","0.46","0.035","0.345","0.061","0.1085","0.0015","0.0005","0.0015","0.0005","0.0005","0.0005","0.0005","0.0005","0.0005","0.0005","0.0005","0.0005","0.0005","0.0005","0.0005","0.0005","0.0005"
"11-29-2025 09:00","1764406806","0.455","0.035","0.355","0.061","0.104","0.0015","0.0005","0.0015","0.0005","0.0005","0.0005","0.0005","0.0005","0.0005","0.0005","0.0005","0.0005","0.0005","0.0005","0.0005","0.0005","0.0005"
"11-29-2025 10:00","1764410420","0.455","0.035","0.355","0.0615","0.104","0.0015","0.0005","0.0015","0.0005","0.0005","0.0005","0.0005","0.0005","0.0005","0.0005","0.0005","0.0005","0.0005","0.0005","0.0005","0.0005","0.0005"
"11-29-2025 11:00","1764414006","0.465","0.035","0.34","0.062","0.104","0.0015","0.0005","0.0015","0.0005","0.0005","0.0005","0.0005","0.0005","0.0005","0.0005","0.0005","0.0005","0.0005","0.0005","0.0005","0.0005","0.0005"
"11-29-2025 12:00","1764417606","0.465","0.035","0.345","0.0635","0.105","0.0015","0.0005","0.0015","0.0005","0.0005","0.0005","0.0005","0.0005","0.0005","0.0005","0.0005","0.0005","0.0005","0.0005","0.0005","0.0005","0.0005"
"11-29-2025 13:00","1764421205","0.465","0.035","0.335","0.0635","0.105","0.0015","0.0005","0.0015","0.0005","0.0005","0.0005","0.0005","0.0005","0.0005","0.0005","0.0005","0.0005","0.0005","0.0005","0.0005","0.0005","0.0005"
"11-29-2025 14:00","1764424805","0.47","0.035","0.34","0.0635","0.1045","0.0015","0.0005","0.0015","0.0005","0.0005","0.0005","0.0005","0.0005","0.0005","0.0005","0.0005","0.0005","0.0005","0.0005","0.0005","0.0005","0.0005"
"11-29-2025 15:00","1764428406","0.47","0.035","0.34","0.06","0.1035","0.0015","0.0005","0.0015","0.0005","0.0005","0.0005","0.0005","0.0005","0.0005","0.0005","0.0005","0.0005","0.0005","0.0005","0.0005","0.0005","0.0005"
"11-29-2025 16:00","1764432006","0.47","0.035","0.34","0.06","0.1035","0.0015","0.0005","0.0015","0.0005","0.0005","0.0005","0.0005","0.0005","0.0005","0.0005","0.0005","0.0005","0.0005","0.0005","0.0005","0.0005","0.0005"
"11-29-2025 17:00","1764435605","0.465","0.035","0.34","0.0605","0.103","0.0015","0.0005","0.0015","0.0005","0.0005","0.0005","0.0005","0.0005","0.0005","0.0005","0.0005","0.0005","0.0005","0.0005","0.0005","0.0005","0.0005"
"11-29-2025 18:00","1764439206","0.465","0.035","0.34","0.061","0.106","0.0015","0.0005","0.0015","0.0005","0.0005","0.0005","0.0005","0.0005","0.0005","0.0005","0.0005","0.0005","0.0005","0.0005","0.0005","0.0005","0.0005"
"11-29-2025 19:00","1764442806","0.465","0.035","0.345","0.056","0.101","0.0015","0.0005","0.0015","0.0005","0.0005","0.0005","0.0005","0.0005","0.0005","0.0005","0.0005","0.0005","0.0005","0.0005","0.0005","0.0005","0.0005"
"11-29-2025 20:00","1764446406","0.465","0.035","0.345","0.057","0.101","0.0015","0.0005","0.0015","0.0005","0.0005","0.0005","0.0005","0.0005","0.0005","0.0005","0.0005","0.0005","0.0005","0.0005","0.0005","0.0005","0.0005"
"11-29-2025 21:00","1764450006","0.465","0.035","0.345","0.057","0.101","0.0015","0.0005","0.0015","0.0005","0.0005","0.0005","0.0005","0.0005","0.0005","0.0005","0.0005","0.0005","0.0005","0.0005","0.0005","0.0005","0.0005"
"11-29-2025 22:00","1764453606","0.465","0.035","0.35","0.057","0.101","0.0015","0.0005","0.0015","0.0005","0.0005","0.0005","0.0005","0.0005","0.0005","0.0005","0.0005","0.0005","0.0005","0.0005","0.0005","0.0005","0.0005"
"11-29-2025 23:00","1764457206","0.475","0.035","0.345","0.057","0.097","0.0015","0.0005","0.0015","0.0005","0.0005","0.0005","0.0005","0.0005","0.0005","0.0005","0.0005","0.0005","0.0005","0.0005","0.0005","0.0005","0.0005"
"11-30-2025 00:00","1764460806","0.475","0.035","0.345","0.058","0.097","0.0015","0.0005","0.0015","0.0005","0.0005","0.0005","0.0005","0.0005","0.0005","0.0005","0.0005","0.0005","0.0005","0.0005","0.0005","0.0005","0.0005"
"11-30-2025 01:00","1764464406","0.475","0.035","0.345","0.059","0.097","0.0015","0.0005","0.0015","0.0005","0.0005","0.0005","0.0005","0.0005","0.0005","0.0005","0.0005","0.0005","0.0005","0.0005","0.0005","0.0005","0.0005"
"11-30-2025 02:00","1764468006","0.48","0.035","0.34","0.0585","0.0965","0.0015","0.0005","0.0015","0.0005","0.0005","0.0005","0.0005","0.0005","0.0005","0.0005","0.0005","0.0005","0.0005","0.0005","0.0005","0.0005","0.0005"
"11-30-2025 03:00","1764471606","0.48","0.035","0.34","0.059","0.0965","0.0015","0.0005","0.0015","0.0005","0.0005","0.0005","0.0005","0.0005","0.0005","0.0005","0.0005","0.0005","0.0005","0.0005","0.0005","0.0005","0.0005"
"11-30-2025 04:00","1764475206","0.48","0.035","0.34","0.059","0.0965","0.0015","0.0005","0.0015","0.0005","0.0005","0.0005","0.0005","0.0005","0.0005","0.0005","0.0005","0.0005","0.0005","0.0005","0.0005","0.0005","0.0005"
"11-30-2025 05:00","1764478805","0.48","0.035","0.34","0.059","0.0965","0.0015","0.0005","0.0015","0.0005","0.0005","0.0005","0.0005","0.0005","0.0005","0.0005","0.0005","0.0005","0.0005","0.0005","0.0005","0.0005","0.0005"
"11-30-2025 06:00","1764482405","0.48","0.035","0.34","0.059","0.0965","0.0015","0.0005","0.0015","0.0005","0.0005","0.0005","0.0005","0.0005","0.0005","0.0005","0.0005","0.0005","0.0005","0.0005","0.0005","0.0005","0.0005"
"11-30-2025 07:00","1764486007","0.48","0.035","0.345","0.059","0.0965","0.0015","0.0005","0.0015","0.0005","0.0005","0.0005","0.0005","0.0005","0.0005","0.0005","0.0005","0.0005","0.0005","0.0005","0.0005","0.0005","0.0005"
"11-30-2025 08:00","1764489606","0.48","0.035","0.345","0.059","0.0975","0.0015","0.0005","0.0015","0.0005","0.0005","0.0005","0.0005","0.0005","0.0005","0.0005","0.0005","0.0005","0.0005","0.0005","0.0005","0.0005","0.0005"
"11-30-2025 09:00","1764493206","0.48","0.035","0.34","0.0595","0.097","0.0015","0.0005","0.0015","0.0005","0.0005","0.0005","0.0005","0.0005","0.0005","0.0005","0.0005","0.0005","0.0005","0.0005","0.0005","0.0005","0.0005"
"11-30-2025 10:00","1764496820","0.475","0.035","0.345","0.0595","0.096","0.0015","0.0005","0.0015","0.0005","0.0005","0.0005","0.0005","0.0005","0.0005","0.0005","0.0005","0.0005","0.0005","0.0005","0.0005","0.0005","0.0005"
"11-30-2025 11:00","1764500405","0.475","0.035","0.345","0.0595","0.096","0.0015","0.0005","0.0015","0.0005","0.0005","0.0005","0.0005","0.0005","0.0005","0.0005","0.0005","0.0005","0.0005","0.0005","0.0005","0.0005","0.0005"
"11-30-2025 12:00","1764504032","","0.035","0.345","","0.087","0.0015","0.0005","","0.0005","0.0005","0.0005","0.0005","0.0005","0.0005","0.0005","0.0005","","0.0005","0.0005","0.0005","0.0005","0.0005"
"11-30-2025 13:00","1764507605","0.475","0.035","0.345","0.0595","0.0865","0.0015","0.0005","0.0015","0.0005","0.0005","0.0005","0.0005","0.0005","0.0005","0.0005","0.0005","0.0005","0.0005","0.0005","0.0005","0.0005","0.0005"
"11-30-2025 14:00","1764511206","0.48","0.035","0.35","0.059","0.087","0.0015","0.0005","0.0015","0.0005","0.0005","0.0005","0.0005","0.0005","0.0005","0.0005","0.0005","0.0005","0.0005","0.0005","0.0005","0.0005","0.0005"
"11-30-2025 15:00","1764514818","0.48","0.035","0.35","0.059","0.087","0.0015","0.0005","0.0015","0.0005","0.0005","0.0005","0.0005","0.0005","0.0005","0.0005","0.0005","0.0005","0.0005","0.0005","0.0005","0.0005","0.0005"
"11-30-2025 16:00","1764518418","0.48","0.035","0.35","0.059","0.087","0.0015","0.0005","0.0015","0.0005","0.0005","0.0005","0.0005","0.0005","0.0005","0.0005","0.0005","0.0005","0.0005","0.0005","0.0005","0.0005","0.0005"
"11-30-2025 17:00","1764522005","0.48","0.035","0.35","0.059","0.088","0.0015","0.0005","0.0015","0.0005","0.0005","0.0005","0.0005","0.0005","0.0005","0.0005","0.0005","0.0005","0.0005","0.0005","0.0005","0.0005","0.0005"
"11-30-2025 18:00","1764525605","0.48","0.035","0.35","0.059","0.089","0.0015","0.0005","0.0015","0.0005","0.0005","0.0005","0.0005","0.0005","0.0005","0.0005","0.0005","0.0005","0.0005","0.0005","0.0005","0.0005","0.0005"
"11-30-2025 19:00","1764529206","0.475","0.035","0.345","0.0585","0.098","0.0015","0.0005","0.0015","0.0005","0.0005","0.0005","0.0005","0.0005","0.0005","0.0005","0.0005","0.0005","0.0005","0.0005","0.0005","0.0005","0.0005"
"11-30-2025 20:00","1764532807","0.475","0.035","0.345","0.058","0.097","0.0015","0.0005","0.0015","0.0005","0.0005","0.0005","0.0005","0.0005","0.0005","0.0005","0.0005","0.0005","0.0005","0.0005","0.0005","0.0005","0.0005"
"11-30-2025 21:00","1764536406","0.475","0.035","0.345","0.057","0.0995","0.0015","0.0005","0.0015","0.0005","0.0005","0.0005","0.0005","0.0005","0.0005","0.0005","0.0005","0.0005","0.0005","0.0005","0.0005","0.0005","0.0005"
"11-30-2025 22:00","1764540006","0.475","0.035","0.345","0.056","0.099","0.0015","0.0005","0.0015","0.0005","0.0005","0.0005","0.0005","0.0005","0.0005","0.0005","0.0005","0.0005","0.0005","0.0005","0.0005","0.0005","0.0005"
"11-30-2025 23:00","1764543611","0.47","0.035","0.345","0.0555","0.1035","0.0015","0.0005","0.0015","0.0005","0.0005","0.0005","0.0005","0.0005","0.0005","0.0005","0.0005","0.0005","0.0005","0.0005","0.0005","0.0005","0.0005"
"12-01-2025 00:00","1764547205","0.47","0.035","0.345","0.0555","0.1045","0.0015","0.0005","0.0015","0.0005","0.0005","0.0005","0.0005","0.0005","0.0005","0.0005","0.0005","0.0005","0.0005","0.0005","0.0005","0.0005","0.0005"
"12-01-2025 01:00","1764550806","0.475","0.033","0.345","0.0555","0.1035","0.002","0.0005","0.002","0.0005","0.0005","0.0005","0.0005","0.0005","0.0005","0.0005","0.0005","0.0005","0.0005","0.0005","0.0005","0.0005","0.0005"
"12-01-2025 02:00","1764554405","0.475","0.033","0.345","0.0555","0.099","0.002","0.0005","0.002","0.0005","0.0005","0.0005","0.0005","0.0005","0.0005","0.0005","0.0005","0.0005","0.0005","0.0005","0.0005","0.0005","0.0005"
"12-01-2025 03:00","1764558017","0.475","0.033","0.345","0.0555","0.099","0.002","0.0005","0.002","0.0005","0.0005","0.0005","0.0005","0.0005","0.0005","0.0005","0.0005","0.0005","0.0005","0.0005","0.0005","0.0005","0.0005"
"12-01-2025 04:00","1764561605","0.475","0.033","0.34","0.0555","0.099","0.002","0.0005","0.002","0.0005","0.0005","0.0005","0.0005","0.0005","0.0005","0.0005","0.0005","0.0005","0.0005","0.0005","0.0005","0.0005","0.0005"
"12-01-2025 05:00","1764565206","0.475","0.033","0.34","0.0555","0.1015","0.002","0.0005","0.002","0.0015","0.0005","0.0005","0.0005","0.0005","0.0005","0.0005","0.0005","0.0005","0.0005","0.0005","0.0005","0.0005","0.0005"
"12-01-2025 06:00","1764568805","0.475","0.033","0.34","0.0555","0.1015","0.002","0.0005","0.002","0.0015","0.0005","0.0005","0.0005","0.0005","0.0005","0.0005","0.0005","0.0005","0.0005","0.0005","0.0005","0.0005","0.0005"
"12-01-2025 07:00","1764572405","0.475","0.033","0.34","0.0555","0.1015","0.002","0.0005","0.002","0.0015","0.0005","0.0005","0.0005","0.0005","0.0005","0.0005","0.0005","0.0005","0.0005","0.0005","0.0005","0.0005","0.0005"
"12-01-2025 08:00","1764576005","0.475","0.033","0.34","0.0555","0.1015","0.002","0.0005","0.002","0.0015","0.0005","0.0005","0.0005","0.0005","0.0005","0.0005","0.0005","0.0005","0.0005","0.0005","0.0005","0.0005","0.0005"
"12-01-2025 09:00","1764579618","0.475","0.033","0.34","0.0555","0.1015","0.002","0.0005","0.002","0.0015","0.0005","0.0005","0.0005","0.0005","0.0005","0.0005","0.0005","0.0005","0.0005","0.0005","0.0005","0.0005","0.0005"
"12-01-2025 10:00","1764583218","0.475","0.033","0.34","0.055","0.109","0.002","0.0005","0.0015","0.0015","0.0005","0.0005","0.0005","0.0005","0.0005","0.0005","0.0005","0.0005","0.0005","0.0005","0.0005","0.0005","0.0005"
"12-01-2025 11:00","1764586805","0.48","0.0325","0.335","0.055","0.107","0.002","0.0005","0.0015","0.0015","0.0005","0.0005","0.0005","0.0005","0.0005","0.0005","0.0005","0.0005","0.0005","0.0005","0.0005","0.0005","0.0005"
"12-01-2025 12:00","1764590415","0.48","0.0325","0.33","0.056","0.104","0.002","0.0005","0.0015","0.0015","0.0005","0.0005","0.0005","0.0005","0.0005","0.0005","0.0005","0.0005","0.0005","0.0005","0.0005","0.0005","0.0005"
"12-01-2025 13:00","1764594005","0.465","0.0325","0.34","0.054","0.118","0.002","0.0005","0.0015","0.0015","0.0005","0.0005","0.0005","0.0005","0.0005","0.0005","0.0005","0.0005","0.0005","0.0005","0.0005","0.0005","0.0005"
"12-01-2025 14:00","1764597605","0.47","0.0325","0.34","0.057","0.119","0.002","0.0005","0.0015","0.0015","0.0005","0.0005","0.0005","0.0005","0.0005","0.0005","0.0005","0.0005","0.0005","0.0005","0.0005","0.0005","0.0005"
"12-01-2025 15:00","1764601218","0.475","0.033","0.34","0.057","0.1055","0.002","0.0005","0.0015","0.0015","0.0005","0.0005","0.0005","0.0005","0.0005","0.0005","0.0005","0.0005","0.0005","0.0005","0.0005","0.0005","0.0005"
"12-01-2025 16:00","1764604816","0.48","0.0345","0.34","0.0545","0.0955","0.002","0.0005","0.0015","0.0005","0.0005","0.0005","0.0005","0.0005","0.0005","0.0005","0.0005","0.0015","0.0005","0.0005","0.0005","0.0005","0.0005"
"12-01-2025 17:00","1764608404","0.48","0.0385","0.34","0.054","0.1","0.002","0.0005","0.0015","0.0005","0.0005","0.0005","0.0005","0.0005","0.0005","0.0005","0.0005","0.0015","0.0005","0.0005","0.0005","0.0005","0.0005"
"12-01-2025 18:00","1764612018","0.48","0.038","0.33","0.054","0.1","0.002","0.0005","0.0015","0.0005","0.0005","0.0005","0.0005","0.0005","0.0005","0.0005","0.0005","0.0015","0.0005","0.0005","0.0005","0.0005","0.0005"
"12-01-2025 19:00","1764615605","0.475","0.038","0.335","0.0565","0.101","0.002","0.0005","0.0015","0.0005","0.0005","0.0005","0.0005","0.0005","0.0005","0.0005","0.0005","0.0015","0.0005","0.0005","0.0005","0.0005","0.0005"
"12-01-2025 20:00","1764619205","0.48","0.0365","0.325","0.055","0.104","0.002","0.0005","0.0015","0.0005","0.0005","0.0005","0.0005","0.0005","0.0005","0.0005","0.0005","0.0015","0.0005","0.0005","0.0005","0.0005","0.0005"
"12-01-2025 21:00","1764622805","0.475","0.0365","0.335","0.051","0.1015","0.002","0.0005","0.0015","0.0005","0.0005","0.0005","0.0005","0.0005","0.0005","0.0005","0.0005","0.0015","0.0005","0.0005","0.0005","0.0005","0.0005"
"12-01-2025 22:00","1764626405","0.475","0.0365","0.335","0.0495","0.101","0.002","0.0005","0.0015","0.0005","0.0005","0.0005","0.0005","0.0005","0.0005","0.0005","0.0005","0.0015","0.0005","0.0005","0.0005","0.0005","0.0005"
"12-01-2025 23:00","1764630005","0.475","0.0375","0.335","0.0505","0.101","0.002","0.0005","0.0015","0.0005","0.0005","0.0005","0.0005","0.0005","0.0005","0.0005","0.0005","0.0015","0.0005","0.0005","0.0005","0.0005","0.0005"
"12-02-2025 00:00","1764633605","0.475","0.0375","0.335","0.0525","0.093","0.002","0.0005","0.002","0.0005","0.0005","0.0005","0.0005","0.0005","0.0005","0.0005","0.0005","0.0015","0.0005","0.0005","0.0005","0.0005","0.0005"
"12-02-2025 01:00","1764637205","0.475","0.0375","0.335","0.0525","0.0975","0.002","0.0005","0.002","0.0005","0.0005","0.0005","0.0005","0.0005","0.0005","0.0005","0.0005","0.0015","0.0005","0.0005","0.0005","0.0005","0.0005"
"12-02-2025 02:00","1764640805","0.48","0.0375","0.335","0.052","0.0915","0.002","0.0005","0.002","0.0005","0.0005","0.0005","0.0005","0.0005","0.0005","0.0005","0.0005","0.0015","0.0005","0.0005","0.0005","0.0005","0.0005"
"12-02-2025 03:00","1764644405","0.48","0.037","0.335","0.053","0.0875","0.002","0.001","0.002","0.0005","0.0005","0.0005","0.0005","0.0005","0.0005","0.0005","0.0005","0.0015","0.0005","0.0005","0.0005","0.0005","0.0005"
"12-02-2025 04:00","1764648005","0.505","0.036","0.325","0.053","0.09","0.002","0.001","0.002","0.0005","0.0005","0.0005","0.0005","0.0005","0.0005","0.0005","0.0005","0.001","0.0005","0.0005","0.0005","0.0005","0.0005"
"12-02-2025 05:00","1764651605","0.505","0.036","0.325","0.0495","0.093","0.0015","0.001","0.002","0.0005","0.0005","0.0005","0.0005","0.0005","0.0005","0.0005","0.0005","0.001","0.0005","0.0005","0.0005","0.0005","0.0005"
"12-02-2025 06:00","1764655205","0.5","0.036","0.335","0.0485","0.0915","0.0015","0.0005","0.0015","0.0005","0.0005","0.0005","0.0005","0.0005","0.0005","0.0005","0.0005","0.0005","0.0005","0.0005","0.0005","0.0005","0.0005"
"12-02-2025 07:00","1764658806","0.5","0.036","0.34","0.0485","0.083","0.0015","0.0005","0.0015","0.0005","0.0005","0.0005","0.0005","0.0005","0.0005","0.0005","0.0005","0.0005","0.0005","0.0005","0.0005","0.0005","0.0005"
"12-02-2025 08:00","1764662405","0.5","0.037","0.335","0.049","0.083","0.0015","0.0005","0.0015","0.0005","0.0005","0.0005","0.0005","0.0005","0.0005","0.0005","0.0005","0.0005","0.0005","0.0005","0.0005","0.0005","0.0005"
"12-02-2025 09:00","1764666005","0.5","0.037","0.335","0.0485","0.087","0.0015","0.0005","0.0015","0.0005","0.0005","0.0005","0.0005","0.0005","0.0005","0.0005","0.0005","0.0005","0.0005","0.0005","0.0005","0.0005","0.0005"
"12-02-2025 10:00","1764669605","0.505","0.0375","0.33","0.0485","0.0865","0.0015","0.0005","0.0015","0.0005","0.0005","0.0005","0.0005","0.0005","0.0005","0.0005","0.0005","0.0005","0.0005","0.0005","0.0005","0.0005","0.0005"
"12-02-2025 11:00","1764673206","0.525","0.035","0.325","0.046","0.0785","0.0015","0.0005","0.0015","0.0005","0.0005","0.0005","0.0005","0.0005","0.0005","0.0005","0.0005","0.0005","0.0005","0.0005","0.0005","0.0005","0.0005"
"12-02-2025 12:00","1764676805","0.51","0.04","0.325","0.045","0.0835","0.0025","0.0005","0.0015","0.0005","0.0005","0.0005","0.0005","0.0005","0.0005","0.0005","0.0005","0.0005","0.0005","0.0005","0.0005","0.0005","0.0005"
"12-02-2025 13:00","1764680405","0.515","0.0405","0.315","0.0525","0.082","0.0025","0.0005","0.0015","0.0005","0.0005","0.0005","0.0005","0.0005","0.0005","0.0005","0.0005","0.0005","0.0005","0.0005","0.0005","0.0005","0.0005"
"12-02-2025 14:00","1764684006","0.515","0.0405","0.315","0.051","0.082","0.0025","0.0005","0.0015","0.0005","0.0005","0.0005","0.0005","0.0005","0.0005","0.0005","0.0005","0.0005","0.0005","0.0005","0.0005","0.0005","0.0005"
"12-02-2025 15:00","1764687605","0.51","0.0405","0.315","0.05","0.091","0.0025","0.0005","0.0015","0.0005","0.0005","0.0005","0.0005","0.0005","0.0005","0.0005","0.0005","0.0005","0.0005","0.0005","0.0005","0.0005","0.0005"
"12-02-2025 16:00","1764691205","0.505","0.04","0.315","0.05","0.0895","0.0025","0.0005","0.0015","0.0005","0.0005","0.0015","0.0005","0.0005","0.0005","0.0005","0.0005","0.0005","0.0005","0.0005","0.0005","0.0005","0.0005"
"12-02-2025 17:00","1764694805","0.505","0.04","0.315","0.05","0.091","0.0025","0.0005","0.0015","0.0005","0.0005","0.0015","0.0005","0.0005","0.0005","0.0005","0.0005","0.0005","0.0005","0.0005","0.0005","0.0005","0.0005"
"12-02-2025 18:00","1764698406","0.505","0.04","0.315","0.053","0.0915","0.0025","0.0005","0.0015","0.0005","0.0005","0.0015","0.0005","0.0005","0.0005","0.0005","0.0005","0.0005","0.0005","0.0005","0.0005","0.0005","0.0005"
"12-02-2025 19:00","1764702006","0.505","0.04","0.31","0.053","0.091","0.0025","0.0005","0.0015","0.0005","0.0005","0.0015","0.0005","0.0005","0.0005","0.0005","0.0005","0.0005","0.0005","0.0005","0.0005","0.0005","0.0005"
"12-02-2025 20:00","1764705606","0.505","0.04","0.305","0.0575","0.095","0.0015","0.0005","0.0015","0.0005","0.0005","0.0015","0.0005","0.0005","0.0005","0.0005","0.0005","0.0005","0.0005","0.0005","0.0005","0.0005","0.0005"
"12-02-2025 21:00","1764709205","0.505","0.04","0.285","0.058","0.1065","0.0015","0.0005","0.0015","0.0005","0.0005","0.0015","0.0005","0.0005","0.0005","0.0005","0.0005","0.0005","0.0005","0.0005","0.0005","0.0005","0.0005"
"12-02-2025 22:00","1764712806","0.505","0.04","0.305","0.058","0.1005","0.002","0.0005","0.0015","0.0005","0.0005","0.0015","0.0005","0.0005","0.0005","0.0005","0.0005","0.0005","0.0005","0.0005","0.0005","0.0005","0.0005"
"12-02-2025 23:00","1764716406","0.505","0.04","0.305","0.0585","0.1005","0.002","0.0005","0.0015","0.0005","0.0005","0.0015","0.0005","0.0005","0.0005","0.0005","0.0005","0.0005","0.0005","0.0005","0.0005","0.0005","0.0005"
"12-03-2025 00:00","1764720006","0.505","0.04","0.305","0.054","0.1","0.002","0.0005","0.0015","0.0005","0.0005","0.0015","0.0005","0.0005","0.0005","0.0005","0.0005","0.0005","0.0005","0.0005","0.0005","0.0005","0.0005"
"12-03-2025 01:00","1764723605","0.505","0.04","0.295","0.054","0.103","0.002","0.0005","0.0015","0.0005","0.0005","0.0015","0.0005","0.0005","0.0005","0.0005","0.0005","0.0005","0.0005","0.0005","0.0005","0.0005","0.0005"
"12-03-2025 02:00","1764727205","0.5","0.04","0.29","0.0535","0.106","0.002","0.0005","0.0015","0.0005","0.0005","0.0005","0.0005","0.0005","0.0005","0.0005","0.0005","0.0005","0.0005","0.0005","0.0005","0.0005","0.0005"
"12-03-2025 03:00","1764730805","0.5","0.0395","0.305","0.0535","0.105","0.002","0.0005","0.0015","0.0005","0.0005","0.0005","0.0005","0.0005","0.0005","0.0005","0.0005","0.0005","0.0005","0.0005","0.0005","0.0005","0.0005"
"12-03-2025 04:00","1764734406","0.5","0.0395","0.31","0.0535","0.1035","0.002","0.0005","0.0015","0.0005","0.0005","0.0005","0.0005","0.0005","0.0005","0.0005","0.0005","0.0005","0.0005","0.0005","0.0005","0.0005","0.0005"
"12-03-2025 05:00","1764738006","0.5","0.04","0.31","0.0535","0.1025","0.002","0.0005","0.0015","0.0005","0.0005","0.0005","0.0005","0.0005","0.0005","0.0005","0.0005","0.0005","0.0005","0.0005","0.0005","0.0005","0.0005"
"12-03-2025 06:00","1764741606","0.5","0.04","0.31","0.0535","0.1025","0.0015","0.0005","0.0015","0.0005","0.0005","0.001","0.0005","0.001","0.001","0.0005","0.0005","0.0005","0.0005","0.0005","0.0005","0.0005","0.0005"
"12-03-2025 07:00","1764745206","0.505","0.04","0.305","0.0535","0.0955","0.0015","0.0005","0.0015","0.0005","0.0005","0.001","0.0005","0.001","0.0005","0.0005","0.0005","0.0005","0.0005","0.0005","0.0005","0.0005","0.0005"
"12-03-2025 08:00","1764748805","0.505","0.0395","0.315","0.053","0.0915","0.0015","0.0005","0.0015","0.0005","0.0005","0.001","0.0005","0.0005","0.0005","0.0005","0.0005","0.0005","0.0005","0.0005","0.0005","0.0005","0.0005"
"12-03-2025 09:00","1764752406","0.505","0.0385","0.325","0.053","0.0845","0.0015","0.0005","0.0015","0.0005","0.0005","0.0005","0.0005","0.0005","0.0005","0.0005","0.0005","0.0005","0.0005","0.0005","0.0005","0.0005","0.0005"
"12-03-2025 10:00","1764756005","0.505","0.0395","0.32","0.053","0.091","0.0015","0.0005","0.0015","0.0005","0.0005","0.0005","0.0005","0.0005","0.0005","0.0005","0.0005","0.0005","0.0005","0.0005","0.0005","0.0005","0.0005"
"12-03-2025 11:00","1764759606","0.505","0.037","0.3","0.0535","0.095","0.0015","0.0005","0.0015","0.0005","0.0005","0.0005","0.0005","0.0005","0.0005","0.0005","0.0005","0.0005","0.0005","0.0005","0.0005","0.0005","0.0005"
"12-03-2025 12:00","1764763206","0.505","0.037","0.3","0.049","0.095","0.0015","0.0005","0.0015","0.0005","0.0005","0.0005","0.0005","0.0005","0.001","0.0005","0.0005","0.0005","0.0005","0.0005","0.0005","0.0005","0.0005"
"12-03-2025 13:00","1764766806","0.505","0.037","0.3","0.049","0.099","0.0015","0.0005","0.0015","0.0005","0.0005","0.001","0.0005","0.0005","0.001","0.0005","0.0005","0.0005","0.0005","0.0005","0.0005","0.0005","0.0005"
"12-03-2025 14:00","1764770407","0.505","0.0365","0.305","0.049","0.092","0.0015","0.0005","0.0015","0.0005","0.0005","0.0005","0.0005","0.0005","0.001","0.0005","0.0005","0.0005","0.0005","0.0005","0.0005","0.0005","0.0005"
"12-03-2025 15:00","1764774005","0.505","0.0365","0.305","0.048","0.0855","0.0015","0.0005","0.0015","0.0005","0.0005","0.0005","0.0005","0.0005","0.001","0.0005","0.0005","0.0005","0.0005","0.0005","0.0005","0.0005","0.0005"
"12-03-2025 16:00","1764777606","0.505","0.0365","0.31","0.048","0.085","0.0015","0.0005","0.0015","0.0005","0.0005","0.0005","0.0005","0.0005","0.001","0.0005","0.0005","0.0005","0.0005","0.0005","0.0005","0.0005","0.0005"
"12-03-2025 17:00","1764781206","0.505","0.0355","0.31","0.0485","0.085","0.0015","0.0005","0.0015","0.0005","0.0005","0.0005","0.0005","0.0005","0.001","0.0005","0.0005","0.0005","0.0005","0.0005","0.0005","0.0005","0.0005"
"12-03-2025 18:00","1764784806","0.505","0.0355","0.31","0.049","0.085","0.0015","0.0005","0.002","0.0005","0.0005","0.0005","0.0005","0.0005","0.001","0.0005","0.0005","0.0005","0.0005","0.0005","0.0005","0.0005","0.0005"
"12-03-2025 19:00","1764788406","0.505","0.0365","0.31","0.0495","0.085","0.0015","0.0005","0.002","0.0005","0.0005","0.0005","0.0005","0.0005","0.001","0.0005","0.0005","0.0005","0.0005","0.0005","0.0005","0.0005","0.0005"
"12-03-2025 20:00","1764792006","0.505","0.0365","0.31","0.048","0.086","0.0015","0.0005","0.002","0.0005","0.0005","0.0005","0.0005","0.0005","0.001","0.0005","0.0005","0.0005","0.0005","0.0005","0.0005","0.0005","0.0005"
"12-03-2025 21:00","1764795607","0.505","0.037","0.305","0.046","0.086","0.0015","0.0005","0.002","0.0005","0.0005","0.0005","0.0005","0.0005","0.001","0.0005","0.0005","0.0005","0.0005","0.0005","0.0005","0.0005","0.0005"
"12-03-2025 22:00","1764799206","0.505","0.0345","0.305","0.0465","0.087","0.0015","0.0005","0.002","0.0005","0.0005","0.0005","0.0005","0.0005","0.001","0.0005","0.0005","0.0005","0.0005","0.0005","0.0005","0.0005","0.0005"
"12-03-2025 23:00","1764802806","0.505","0.036","0.305","0.0465","0.088","0.0015","0.0005","0.002","0.0005","0.0005","0.0005","0.0005","0.0005","0.001","0.0005","0.0005","0.0005","0.0005","0.0005","0.0005","0.0005","0.0005"
"12-04-2025 00:00","1764806406","0.505","0.0375","0.305","0.0465","0.0965","0.0015","0.0005","0.002","0.0005","0.0005","0.0005","0.0005","0.0005","0.0005","0.0005","0.0005","0.0005","0.0005","0.0005","0.0005","0.0005","0.0005"
"12-04-2025 01:00","1764810006","0.505","0.0365","0.305","0.0465","0.0955","0.002","0.0005","0.002","0.0005","0.0005","0.0005","0.0005","0.0005","0.0005","0.0005","0.0005","0.0005","0.0005","0.0005","0.0005","0.0005","0.0005"
"12-04-2025 02:00","1764813606","0.505","0.0355","0.31","0.0465","0.0955","0.002","0.0005","0.002","0.0005","0.0005","0.0005","0.0005","0.0005","0.0005","0.0005","0.0005","0.0005","0.0005","0.0005","0.0005","0.0005","0.0005"
"12-04-2025 03:00","1764817206","0.505","0.035","0.31","0.0465","0.0955","0.002","0.0005","0.002","0.0005","0.0005","0.0005","0.0005","0.001","0.0005","0.0005","0.0005","0.0005","0.0005","0.0005","0.0005","0.0005","0.0005"
"12-04-2025 04:00","1764820806","0.505","0.0365","0.305","0.0485","0.093","0.002","0.0005","0.002","0.001","0.0005","0.0005","0.0005","0.0005","0.0005","0.0005","0.0005","0.0005","0.0005","0.0005","0.0005","0.0005","0.0005"
"12-04-2025 05:00","1764824405","0.505","0.0355","0.305","0.0485","0.0925","0.002","0.0005","0.002","0.001","0.0005","0.0005","0.0005","0.0005","0.0005","0.0005","0.0005","0.0005","0.0005","0.0005","0.0005","0.0005","0.0005"
"12-04-2025 06:00","1764828005","0.51","0.0355","0.31","0.049","0.0925","0.002","0.0005","0.002","0.001","0.0005","0.0005","0.0005","0.0005","0.0005","0.0005","0.0005","0.0005","0.0005","0.001","0.0015","0.0005","0.0005"
"12-04-2025 07:00","1764831605","0.51","0.0355","0.31","0.049","0.0925","0.002","0.0005","0.002","0.001","0.0005","0.0005","0.0005","0.0005","0.0005","0.0005","0.0005","0.0005","0.0005","0.001","0.0015","0.0005","0.0005"
"12-04-2025 08:00","1764835205","0.52","0.0355","0.31","0.0485","0.0865","0.002","0.0005","0.002","0.001","0.0005","0.0005","0.0005","0.0005","0.0005","0.0005","0.0005","0.0005","0.0005","0.0005","0.0015","0.0005","0.0005"
"12-04-2025 09:00","1764838811","0.515","0.0355","0.33","0.0485","0.0855","0.002","0.0005","0.002","0.001","0.0005","0.0005","0.0005","0.0005","0.0005","0.0005","0.0005","0.0005","0.0005","0.0005","0.0015","0.0005","0.0005"
"12-04-2025 10:00","1764842405","0.53","0.0335","0.32","0.048","0.0795","0.002","0.0005","0.002","0.0005","0.0005","0.0005","0.0005","0.0005","0.0005","0.0005","0.0005","0.0005","0.0005","0.0005","0.0015","0.0005","0.0005"
"12-04-2025 11:00","1764846005","0.53","0.032","0.29","0.0475","0.0765","0.0015","0.0005","0.002","0.0005","0.0005","0.0005","0.0005","0.0005","0.0005","0.0005","0.0005","0.0005","0.0005","0.0005","0.0015","0.0005","0.0005"
"12-04-2025 12:00","1764849606","0.54","0.0315","0.305","0.0505","0.074","0.0015","0.0005","0.002","0.0005","0.0005","0.0005","0.0005","0.0005","0.0005","0.0005","0.0005","0.0005","0.0005","0.0005","0.0015","0.0005","0.0005"
"12-04-2025 13:00","1764853205","0.54","0.0315","0.305","0.0505","0.075","0.0015","0.0005","0.002","0.0005","0.0005","0.0005","0.0005","0.0005","0.0005","0.0005","0.0005","0.0005","0.0005","0.0005","0.0005","0.0005","0.0005"
"12-04-2025 14:00","1764856805","0.535","0.0315","0.305","0.0515","0.0775","0.0015","0.0005","0.002","0.0005","0.0005","0.0005","0.0005","0.0005","0.0005","0.0005","0.0005","0.0005","0.0005","0.0005","0.0005","0.0005","0.0005"
"12-04-2025 15:00","1764860405","0.54","0.0315","0.305","0.051","0.0675","0.0015","0.0005","0.002","0.0005","0.0005","0.0005","0.0005","0.0005","0.0005","0.0005","0.0005","0.0005","0.0005","0.0005","0.0005","0.0005","0.0005"
"12-04-2025 16:00","1764864005","0.535","0.0315","0.305","0.0505","0.072","0.0015","0.0005","0.0015","0.0005","0.0005","0.0005","0.0005","0.0005","0.0005","0.0005","0.0005","0.0005","0.0005","0.0005","0.0005","0.0005","0.0005"
"12-04-2025 17:00","1764867605","0.535","0.0315","0.305","0.0505","0.073","0.0015","0.0005","0.0015","0.0005","0.0005","0.0005","0.0005","0.0005","0.0005","0.0005","0.0005","0.0005","0.0005","0.0005","0.0005","0.0005","0.0005"
"12-04-2025 18:00","1764871205","0.54","0.0325","0.305","0.049","0.077","0.0015","0.0005","0.0015","0.0005","0.0005","0.0005","0.0005","0.0005","0.0005","0.0005","0.0005","0.0005","0.0005","0.0005","0.0005","0.0005","0.0005"
"12-04-2025 19:00","1764874805","0.545","0.032","0.295","0.051","0.077","0.0015","0.0005","0.0015","0.0005","0.0005","0.0005","0.0005","0.0005","0.0005","0.0005","0.0005","0.0005","0.0005","0.0005","0.0005","0.0005","0.0005"
"12-04-2025 20:00","1764878405","0.535","0.0535","0.295","0.051","0.075","0.0015","0.0005","0.0015","0.0005","0.0005","0.0005","0.0005","0.0005","0.0005","0.0005","0.0005","0.0005","0.0005","0.0005","0.0005","0.0005","0.0005"
"12-04-2025 21:00","1764882005","0.545","0.062","0.27","0.0465","0.0715","0.0015","0.0005","0.0015","0.0005","0.0005","0.0005","0.0005","0.0005","0.0005","0.0005","0.0005","0.0005","0.0005","0.0005","0.0005","0.0005","0.0005"
"12-04-2025 22:00","1764885605","0.555","0.0615","0.265","0.049","0.071","0.0015","0.0005","0.0015","0.0005","0.0005","0.0005","0.0005","0.0005","0.0005","0.0005","0.0005","0.0005","0.0005","0.0005","0.0005","0.0005","0.0005"
"12-04-2025 23:00","1764889206","0.56","0.0705","0.255","0.052","0.0675","0.0015","0.0005","0.0015","0.0005","0.0005","0.0005","0.0005","0.0005","0.0005","0.0005","0.0005","0.0005","0.0005","0.0005","0.0005","0.0005","0.0005"
"12-05-2025 00:00","1764892806","0.565","0.071","0.245","0.049","0.075","0.0015","0.0005","0.0015","0.0005","0.0005","0.0005","0.0005","0.0005","0.0005","0.0005","0.0005","0.0005","0.0005","0.0005","0.0005","0.0005","0.0005"
"12-05-2025 01:00","1764896406","0.58","0.062","0.245","0.0495","0.0725","0.0015","0.0005","0.0015","0.0005","0.0005","0.0005","0.0005","0.0005","0.0005","0.0005","0.0005","0.0005","0.0005","0.0005","0.0005","0.0005","0.0005"
"12-05-2025 02:00","1764900006","0.58","0.0535","0.245","0.0495","0.0735","0.0015","0.0005","0.0015","0.0005","0.0005","0.0005","0.0005","0.0005","0.0005","0.0005","0.0005","0.0005","0.0005","0.0005","0.0005","0.0005","0.0005"
"12-05-2025 03:00","1764903605","0.585","0.0625","0.235","0.052","0.072","0.0015","0.0005","0.0015","0.0005","0.0005","0.0005","0.0005","0.0005","0.0005","0.0005","0.0005","0.0005","0.0005","0.0005","0.0005","0.0005","0.0005"
"12-05-2025 04:00","1764907206","0.57","0.0645","0.23","0.051","0.08","0.0015","0.0005","0.0015","0.0005","0.0005","0.0005","0.0005","0.0005","0.0005","0.0005","0.0005","0.0005","0.0005","0.0005","0.0005","0.0005","0.0005"
"12-05-2025 05:00","1764910806","0.585","0.0585","0.23","0.051","0.0795","0.0015","0.0005","0.0015","0.0005","0.0005","0.0005","0.0005","0.0005","0.0005","0.0005","0.0005","0.0005","0.0005","0.0005","0.0005","0.0005","0.0005"
"12-05-2025 06:00","1764914406","0.58","0.0585","0.23","0.051","0.0795","0.0015","0.0005","0.0015","0.0005","0.0005","0.0005","0.0005","0.0005","0.0005","0.0005","0.0005","0.0005","0.0005","0.0005","0.0005","0.0005","0.0005"
"12-05-2025 07:00","1764918006","0.58","0.059","0.235","0.0485","0.091","0.0015","0.0005","0.0015","0.0005","0.0005","0.0005","0.0005","0.0005","0.0005","0.0005","0.0005","0.0005","0.0005","0.0005","0.0005","0.0005","0.0005"
"12-05-2025 08:00","1764921605","0.58","0.0555","0.23","0.0485","0.092","0.0015","0.0005","0.0015","0.0005","0.0005","0.0005","0.0005","0.0005","0.0005","0.0005","0.0005","0.0005","0.0005","0.0005","0.0005","0.0005","0.0005"
"12-05-2025 09:00","1764925205","0.575","0.062","0.23","0.0485","0.0945","0.0015","0.0005","0.0015","0.0005","0.0005","0.0005","0.0005","0.0005","0.0005","0.0005","0.0005","0.0005","0.0005","0.0005","0.0005","0.0005","0.0005"
"12-05-2025 10:00","1764928806","0.54","0.0605","0.235","0.049","0.096","0.0015","0.0005","0.0015","0.0005","0.0005","0.0005","0.0005","0.0005","0.0005","0.0005","0.0005","0.0005","0.0005","0.0005","0.0005","0.0005","0.0005"
"12-05-2025 11:00","1764932405","0.535","0.0665","0.245","0.048","0.0985","0.0015","0.0005","0.0015","0.0005","0.0005","0.0005","0.0005","0.0005","0.0005","0.0005","0.0005","0.0005","0.0005","0.0005","0.0005","0.0005","0.0005"
"12-05-2025 12:00","1764936005","0.54","0.058","0.25","0.048","0.099","0.0015","0.0015","0.0015","0.0005","0.0005","0.0005","0.001","0.0005","0.0005","0.0005","0.0005","0.0005","0.0005","0.0005","0.0005","0.0005","0.0005"
"12-05-2025 13:00","1764939606","0.54","0.0495","0.25","0.048","0.0985","0.0015","0.0015","0.0015","0.0005","0.0005","0.0005","0.001","0.0005","0.0005","0.0005","0.0005","0.0005","0.0005","0.0005","0.0005","0.0005","0.0005"
"12-05-2025 14:00","1764943206","0.545","0.053","0.25","0.049","0.0985","0.0015","0.0015","0.0015","0.0005","0.0005","0.0005","0.001","0.0005","0.0005","0.0005","0.0005","0.0005","0.0005","0.0005","0.0005","0.0005","0.0005"
"12-05-2025 15:00","1764946806","0.55","0.059","0.255","0.049","0.0925","0.0015","0.0015","0.0015","0.0005","0.0005","0.0005","0.0005","0.0015","0.0005","0.0005","0.0005","0.0005","0.0005","0.0015","0.0005","0.0005","0.0005"
"12-05-2025 16:00","1764950406","0.54","0.0495","0.255","0.048","0.0995","0.0015","0.001","0.0015","0.0005","0.0005","0.0005","0.0005","0.0015","0.0005","0.0005","0.0005","0.0005","0.0005","0.0015","0.0005","0.0005","0.0005"
"12-05-2025 17:00","1764954006","0.54","0.045","0.285","0.049","0.0835","0.0015","0.001","0.0015","0.0005","0.0005","0.0005","0.0005","0.0015","0.0005","0.0005","0.0005","0.0005","0.0005","0.0015","0.0005","0.0005","0.0005"
"12-05-2025 18:00","1764957605","0.54","0.0485","0.28","0.049","0.095","0.0015","0.001","0.0015","0.0005","0.0005","0.0005","0.0005","0.0015","0.0005","0.0005","0.0005","0.0005","0.0005","0.0015","0.0005","0.0005","0.0005"
"12-05-2025 19:00","1764961208","0.54","0.0445","0.285","0.049","0.093","0.0015","0.001","0.0015","0.0005","0.0005","0.0005","0.0005","0.001","0.0005","0.0005","0.0005","0.0005","0.0005","0.0015","0.0005","0.0005","0.0005"
"12-05-2025 20:00","1764964806","0.54","0.06","0.28","0.049","0.0835","0.0015","0.001","0.0015","0.0005","0.0005","0.0005","0.0005","0.001","0.0005","0.0005","0.0005","0.0005","0.0005","0.0015","0.0005","0.0005","0.0005"
"12-05-2025 21:00","1764968406","0.54","0.0575","0.28","0.05","0.0815","0.0015","0.0005","0.0015","0.0005","0.0005","0.0005","0.0005","0.001","0.0005","0.0005","0.0005","0.0005","0.0005","0.0015","0.0005","0.0005","0.0005"
"12-05-2025 22:00","1764972006","0.545","0.058","0.28","0.0495","0.081","0.0015","0.0005","0.0015","0.0005","0.0005","0.0005","0.0005","0.0005","0.0005","0.0005","0.0005","0.0005","0.0005","0.0015","0.0005","0.0005","0.0005"
"12-05-2025 23:00","1764975605","0.545","0.057","0.275","0.0495","0.0795","0.0015","0.0005","0.0015","0.0005","0.0005","0.0005","0.0005","0.0005","0.0005","0.0005","0.0005","0.0005","0.0005","0.0015","0.0005","0.0005","0.0005"
"12-06-2025 00:00","1764979206","0.545","0.057","0.275","0.0495","0.0795","0.0015","0.0005","0.0015","0.0005","0.0005","0.0005","0.0005","0.0005","0.0005","0.0005","0.0005","0.0005","0.0005","0.0015","0.0005","0.0005","0.0005"
"12-06-2025 01:00","1764982807","0.545","0.0505","0.285","0.049","0.0795","0.0015","0.0005","0.0015","0.0005","0.0005","0.0005","0.0005","0.0005","0.0005","0.0005","0.0005","0.0005","0.0005","0.0015","0.0005","0.0005","0.0005"
"12-06-2025 02:00","1764986407","0.545","0.0485","0.285","0.049","0.08","0.0015","0.0005","0.0015","0.0005","0.0005","0.0005","0.0005","0.0005","0.0005","0.0005","0.0005","0.0005","0.0005","0.0015","0.0005","0.0005","0.0005"
"12-06-2025 03:00","1764990006","0.545","0.0485","0.285","0.049","0.0795","0.0015","0.0005","0.0015","0.0005","0.0005","0.0005","0.0005","0.0005","0.0005","0.0005","0.0005","0.0005","0.0005","0.0015","0.0005","0.0005","0.0005"
"12-06-2025 04:00","1764993606","0.545","0.043","0.285","0.049","0.077","0.0015","0.0005","0.0015","0.0005","0.0005","0.0005","0.0005","0.0005","0.0005","0.0005","0.0005","0.0005","0.0005","0.0015","0.0005","0.0005","0.0005"
"12-06-2025 05:00","1764997206","0.545","0.043","0.285","0.0485","0.077","0.0015","0.0005","0.0015","0.0005","0.0005","0.0005","0.0005","0.0005","0.0005","0.0005","0.0005","0.0005","0.001","0.0005","0.0005","0.0005","0.0005"
"12-06-2025 06:00","1765000806","0.55","0.043","0.285","0.0485","0.077","0.0015","0.0005","0.0015","0.0005","0.0005","0.0005","0.0005","0.0005","0.0005","0.0005","0.0005","0.0005","0.001","0.0005","0.0005","0.0005","0.0005"
"12-06-2025 07:00","1765004406","0.545","0.043","0.285","0.0485","0.077","0.0015","0.0005","0.0015","0.0005","0.0005","0.0005","0.0005","0.0005","0.0005","0.0005","0.0005","0.0005","0.001","0.0005","0.0005","0.0005","0.0005"
"12-06-2025 08:00","1765008006","0.545","0.043","0.285","0.048","0.0745","0.0015","0.0005","0.0015","0.0005","0.0005","0.0005","0.0005","0.0005","0.0005","0.0005","0.0005","0.0005","0.001","0.0005","0.0005","0.0005","0.0005"
"12-06-2025 09:00","1765011606","0.55","0.043","0.285","0.048","0.073","0.0015","0.0005","0.0015","0.0005","0.0005","0.0005","0.0005","0.0005","0.0005","0.0005","0.0005","0.0005","0.001","0.0005","0.0005","0.0005","0.0005"
"12-06-2025 10:00","1765015206","0.545","0.0425","0.285","0.048","0.073","0.0015","0.0005","0.0015","0.0005","0.0005","0.0005","0.0005","0.0005","0.0005","0.0005","0.0005","0.0005","0.001","0.0005","0.0005","0.0005","0.0005"
"12-06-2025 11:00","1765018807","0.55","0.0425","0.285","0.048","0.075","0.0015","0.0005","0.0015","0.0005","0.0005","0.0005","0.0005","0.0005","0.0005","0.0005","0.0005","0.0005","0.001","0.0005","0.0005","0.0005","0.0005"
"12-06-2025 12:00","1765022407","0.55","0.0425","0.285","0.0475","0.075","0.0015","0.0005","0.0015","0.0005","0.0005","0.0005","0.0005","0.0005","0.0005","0.0005","0.0005","0.0005","0.0005","0.0005","0.0005","0.0005","0.0005"
"12-06-2025 13:00","1765026006","0.55","0.044","0.285","0.0475","0.0735","0.0015","0.0005","0.0015","0.0005","0.0005","0.0005","0.0005","0.0015","0.0005","0.0005","0.0005","0.0005","0.0005","0.0015","0.0005","0.0005","0.0005"
"12-06-2025 14:00","1765029606","0.55","0.0445","0.285","0.0475","0.0735","0.0015","0.0005","0.0015","0.0005","0.0005","0.0005","0.0005","0.0015","0.0005","0.0005","0.0005","0.0005","0.0005","0.0015","0.0005","0.0005","0.0005"
"12-06-2025 15:00","1765033206","0.55","0.044","0.29","0.0475","0.073","0.0015","0.0005","0.0015","0.0005","0.0005","0.0005","0.0005","0.0015","0.0005","0.0005","0.0005","0.0005","0.0005","0.0015","0.0005","0.0005","0.0005"
"12-06-2025 16:00","1765036806","0.55","0.044","0.285","0.0475","0.072","0.0015","0.0005","0.0015","0.0005","0.0005","0.0005","0.0005","0.0005","0.0005","0.0005","0.0005","0.0005","0.0005","0.0015","0.0005","0.0005","0.0005"
"12-06-2025 17:00","1765040407","0.55","0.044","0.285","0.0475","0.072","0.0015","0.0005","0.0015","0.0005","0.0005","0.0005","0.0005","0.0005","0.0005","0.0005","0.0005","0.0005","0.0005","0.0015","0.0005","0.0005","0.0005"
"12-06-2025 18:00","1765044006","0.555","0.044","0.26","0.0475","0.074","0.0015","0.001","0.0015","0.0005","0.0005","0.0005","0.0005","0.0005","0.0005","0.0005","0.0005","0.0005","0.0005","0.0015","0.0005","0.0005","0.0005"
"12-06-2025 19:00","1765047606","0.56","0.044","0.26","0.0485","0.0855","0.0015","0.001","0.0015","0.0005","0.0005","0.0005","0.0005","0.0005","0.0005","0.0005","0.0005","0.0005","0.0005","0.0015","0.0005","0.0005","0.0005"
"12-06-2025 20:00","1765051207","0.56","0.044","0.26","0.0485","0.085","0.0015","0.001","0.0015","0.0005","0.0005","0.0005","0.0005","0.0005","0.0005","0.0005","0.0005","0.0005","0.0005","0.0015","0.0005","0.0005","0.0005"
"12-06-2025 21:00","1765054806","0.555","0.0445","0.26","0.0485","0.086","0.0015","0.0005","0.0015","0.0005","0.0005","0.0005","0.0005","0.0005","0.0005","0.0005","0.0005","0.0005","0.0005","0.0015","0.0005","0.0005","0.0005"
"12-06-2025 22:00","1765058406","0.555","0.046","0.26","0.049","0.085","0.0015","0.0005","0.0015","0.0005","0.0005","0.0005","0.0005","0.0005","0.0005","0.0005","0.0005","0.0005","0.0005","0.0015","0.0005","0.0005","0.0005"
"12-06-2025 23:00","1765062006","0.555","0.057","0.26","0.049","0.0825","0.0015","0.0005","0.0015","0.0005","0.0005","0.0005","0.0005","0.0005","0.0005","0.0005","0.0005","0.0005","0.0005","0.0015","0.0005","0.0005","0.0005"
"12-07-2025 00:00","1765065619","0.555","0.0555","0.26","0.0485","0.0815","0.0015","0.0005","0.0015","0.0005","0.0005","0.0005","0.0005","0.0005","0.0005","0.0005","0.0005","0.0005","0.0005","0.0015","0.0005","0.0005","0.0005"
"12-07-2025 01:00","1765069206","0.555","0.054","0.26","0.0505","0.0815","0.0015","0.0005","0.0015","0.0005","0.0005","0.0005","0.0005","0.0005","0.0005","0.0005","0.0005","0.0005","0.0005","0.0015","0.0005","0.0005","0.0005"
"12-07-2025 02:00","1765072806","0.555","0.0605","0.26","0.049","0.074","0.0015","0.0005","0.0015","0.0005","0.0005","0.0005","0.0005","0.0005","0.0005","0.0005","0.0005","0.0005","0.0005","0.0015","0.0005","0.0005","0.0005"
"12-07-2025 03:00","1765076406","0.56","0.059","0.26","0.049","0.074","0.0015","0.0005","0.0015","0.0005","0.0005","0.0005","0.0005","0.0005","0.0005","0.0005","0.0005","0.0005","0.0005","0.0015","0.0005","0.0005","0.0005"
"12-07-2025 04:00","1765080005","0.555","0.0585","0.26","0.049","0.074","0.0015","0.0005","0.0015","0.0005","0.0005","0.0005","0.0005","0.0005","0.0005","0.0005","0.0005","0.0005","0.0005","0.0015","0.0005","0.0005","0.0005"
"12-07-2025 05:00","1765083605","0.56","0.0585","0.26","0.049","0.075","0.0015","0.0005","0.0015","0.0005","0.0005","0.0005","0.0005","0.0005","0.0005","0.0005","0.0005","0.0005","0.0005","0.0015","0.0005","0.0005","0.0005"
"12-07-2025 06:00","1765087206","0.56","0.052","0.26","0.049","0.075","0.0015","0.0005","0.0015","0.0005","0.0005","0.0005","0.0005","0.0005","0.0005","0.0005","0.0005","0.0005","0.0005","0.0015","0.0005","0.0005","0.0005"
"12-07-2025 07:00","1765090806","0.56","0.052","0.26","0.049","0.075","0.0015","0.0005","0.0015","0.0005","0.0005","0.0005","0.0005","0.0005","0.0005","0.0005","0.0005","0.0005","0.0005","0.0005","0.001","0.0005","0.0005"
"12-07-2025 08:00","1765094405","0.56","0.0595","0.26","0.049","0.075","0.0015","0.0005","0.0015","0.0005","0.0005","0.0005","0.0005","0.0005","0.0005","0.0005","0.0005","0.0005","0.0005","0.0005","0.001","0.0005","0.0005"
"12-07-2025 09:00","1765098005","0.585","0.064","0.25","0.0485","0.0735","0.0015","0.0005","0.0015","0.0005","0.001","0.0015","0.001","0.001","0.001","0.0005","0.0005","0.001","0.001","0.001","0.001","0.0005","0.001"
"12-07-2025 10:00","1765101605","0.585","0.064","0.235","0.049","0.074","0.0015","0.0005","0.0015","0.001","0.0005","0.0005","0.0005","0.0005","0.0005","0.0005","0.0005","0.0005","0.0005","0.0005","0.001","0.0005","0.0005"
"12-07-2025 11:00","1765105205","0.585","0.0675","0.235","0.048","0.074","0.0015","0.0005","0.0015","0.001","0.0005","0.0005","0.0005","0.0005","0.0005","0.0005","0.0005","0.0005","0.0005","0.0005","0.001","0.0005","0.0005"
"12-07-2025 12:00","1765108805","0.585","0.064","0.235","0.0495","0.0755","0.0015","0.0005","0.0015","0.001","0.0005","0.0005","0.0005","0.0005","0.0005","0.0005","0.0005","0.0005","0.0005","0.0005","0.001","0.0005","0.0005"
"12-07-2025 13:00","1765112405","0.585","0.064","0.235","0.0495","0.0755","0.0015","0.0005","0.0015","0.001","0.0005","0.0005","0.0005","0.0005","0.0005","0.0005","0.0005","0.0005","0.0005","0.0005","0.001","0.0005","0.0005"
"12-07-2025 14:00","1765116005","0.585","0.0655","0.235","0.049","0.077","0.0015","0.0005","0.0015","0.001","0.0005","0.0005","0.0005","0.0005","0.0005","0.0005","0.0005","0.0005","0.0005","0.0005","0.001","0.0005","0.0005"
"12-07-2025 15:00","1765119605","0.6","0.0595","0.225","0.049","0.0765","0.0015","0.0005","0.0015","0.001","0.0005","0.0005","0.0005","0.0005","0.0005","0.0005","0.0005","0.0005","0.0005","0.0005","0.001","0.0005","0.0005"
"12-07-2025 16:00","1765123205","0.585","0.062","0.22","0.049","0.0765","0.0015","0.0005","0.0015","0.001","0.0005","0.0005","0.0005","0.001","0.0005","0.0005","0.0005","0.001","0.001","0.001","0.0005","0.0005","0.0005"
"12-07-2025 17:00","1765126805","0.56","0.0665","0.22","0.049","0.0765","0.0015","0.0005","0.0015","0.001","0.0005","0.0005","0.0005","0.001","0.0005","0.0005","0.0005","0.001","0.001","0.001","0.0005","0.0005","0.0005"
"12-07-2025 18:00","1765130405","0.565","0.0655","0.215","0.049","0.0765","0.0015","0.0005","0.0015","0.001","0.0005","0.0005","0.0005","0.001","0.0005","0.0005","0.0005","0.001","0.001","0.001","0.0005","0.0005","0.0005"
"12-07-2025 19:00","1765134006","0.565","0.065","0.245","0.051","0.0755","0.0015","0.0005","0.0015","0.001","0.0005","0.0005","0.0005","0.001","0.0005","0.0005","0.0005","0.001","0.001","0.001","0.0005","0.0005","0.0005"
"12-07-2025 20:00","1765137620","0.59","0.0555","0.235","0.0505","0.0755","0.0015","0.001","0.0015","0.001","0.0005","0.0005","0.001","0.001","0.0005","0.0005","0.0005","0.001","0.001","0.001","0.0005","0.0005","0.0005"
"12-07-2025 21:00","1765141206","0.59","0.055","0.235","0.0505","0.074","0.0015","0.001","0.0015","0.001","0.0005","0.0005","0.001","0.001","0.0005","0.0005","0.0005","0.001","0.001","0.001","0.0005","0.0005","0.0005"
"12-07-2025 22:00","1765144806","0.59","0.0575","0.235","0.0505","0.074","0.0015","0.001","0.0015","0.001","0.0005","0.0005","0.001","0.001","0.0005","0.0005","0.0005","0.001","0.001","0.001","0.0005","0.0005","0.0005"
"12-07-2025 23:00","1765148405","0.585","0.0565","0.235","0.0505","0.0785","0.0015","0.001","0.0015","0.001","0.0005","0.0005","0.001","0.001","0.0005","0.0005","0.0005","0.001","0.001","0.001","0.0005","0.0005","0.0005"
"12-08-2025 00:00","1765152018","0.585","0.057","0.235","0.0515","0.0785","0.0015","0.001","0.0015","0.001","0.0005","0.0005","0.001","0.001","0.0005","0.0005","0.0005","0.001","0.001","0.001","0.0005","0.0005","0.0005"
"12-08-2025 01:00","1765155619","0.585","0.057","0.235","0.0515","0.079","0.0015","0.001","0.0015","0.001","0.0005","0.0005","0.001","0.001","0.0005","0.0005","0.0005","0.001","0.001","0.001","0.0005","0.0005","0.0005"
"12-08-2025 02:00","1765159205","0.585","0.052","0.245","0.05","0.079","0.0015","0.001","0.0015","0.001","0.0005","0.0005","0.001","0.0015","0.0005","0.0005","0.0005","0.001","0.001","0.001","0.0005","0.0005","0.0005"
"12-08-2025 03:00","1765162805","0.585","0.0515","0.245","0.048","0.079","0.0015","0.001","0.0015","0.001","0.0005","0.0005","0.001","0.001","0.0005","0.0005","0.0005","0.001","0.001","0.001","0.0005","0.0005","0.0005"
"12-08-2025 04:00","1765166405","0.585","0.0485","0.245","0.05","0.0785","0.0015","0.001","0.0015","0.001","0.001","0.0005","0.001","0.001","0.0005","0.0005","0.0005","0.001","0.0015","0.001","0.0005","0.0005","0.0005"
"12-08-2025 05:00","1765170005","0.585","0.043","0.255","0.0475","0.078","0.0015","0.001","0.0015","0.001","0.001","0.0005","0.001","0.0005","0.0005","0.0005","0.0005","0.0005","0.0005","0.0005","0.0005","0.0005","0.0005"
"12-08-2025 06:00","1765173605","0.59","0.0435","0.25","0.0505","0.079","0.0015","0.001","0.0015","0.001","0.001","0.0005","0.001","0.0005","0.0005","0.0005","0.0005","0.0005","0.0005","0.0005","0.0005","0.0005","0.0005"
"12-08-2025 07:00","1765177206","0.6","0.0435","0.24","0.05","0.0735","0.0015","0.001","0.0015","0.001","0.001","0.0005","0.001","0.0005","0.0005","0.0005","0.0005","0.0005","0.0005","0.0005","0.0005","0.0005","0.0005"
"12-08-2025 08:00","1765180804","0.62","0.043","0.225","0.05","0.068","0.0015","0.001","0.0015","0.001","0.001","0.0005","0.001","0.0005","0.0005","0.0005","0.0005","0.0005","0.0005","0.0005","0.0005","0.0005","0.0005"
"12-08-2025 09:00","1765184406","0.63","0.0425","0.22","0.0495","0.0655","0.0015","0.001","0.0015","0.001","0.001","0.0005","0.001","0.0005","0.0005","0.0005","0.0005","0.0005","0.0005","0.0005","0.0005","0.0005","0.0005"
"12-08-2025 10:00","1765188005","0.645","0.0425","0.2","0.048","0.0685","0.0015","0.001","0.0015","0.001","0.001","0.0005","0.001","0.0005","0.0005","0.0005","0.0005","0.0005","0.0005","0.0005","0.0005","0.0005","0.0005"
"12-08-2025 11:00","1765191605","0.635","0.046","0.195","0.0495","0.071","0.0015","0.001","0.0015","0.001","0.001","0.0005","0.001","0.0005","0.0005","0.0005","0.0005","0.0005","0.0005","0.0005","0.0005","0.0005","0.0005"
"12-08-2025 12:00","1765195218","0.645","0.043","0.195","0.048","0.071","0.0015","0.001","0.0015","0.001","0.001","0.0005","0.001","0.0005","0.0005","0.0005","0.0005","0.0005","0.0005","0.0005","0.0005","0.0005","0.0005"
"12-08-2025 13:00","1765198807","0.645","0.042","0.185","0.048","0.0705","0.0015","0.001","0.0015","0.001","0.001","0.0005","0.001","0.0005","0.0005","0.0005","0.0005","0.0005","0.0005","0.0005","0.0005","0.0005","0.0005"
"12-08-2025 14:00","1765202405","0.645","0.041","0.185","0.048","0.0695","0.0015","0.0015","0.0015","0.001","0.001","0.0005","0.001","0.0005","0.0005","0.0005","0.0005","0.0005","0.0005","0.0005","0.0005","0.0005","0.0005"
"12-08-2025 15:00","1765206005","0.64","0.0425","0.19","0.049","0.0705","0.0015","0.001","0.0015","0.001","0.001","0.0005","0.001","0.0005","0.0005","0.0005","0.0005","0.0005","0.0005","0.0005","0.0005","0.0005","0.0005"
"12-08-2025 16:00","1765209619","0.655","0.044","0.18","0.0485","0.0775","0.0015","0.001","0.0015","0.001","0.001","0.0005","0.001","0.0005","0.0005","0.0005","0.0005","0.0005","0.0005","0.0005","0.0005","0.0005","0.0005"
"12-08-2025 17:00","1765213205","0.645","0.045","0.18","0.0485","0.0765","0.0015","0.001","0.0015","0.001","0.001","0.0005","0.0005","0.0005","0.0005","0.0005","0.0005","0.0005","0.0005","0.001","0.0005","0.0005","0.0005"
"12-08-2025 18:00","1765216805","0.65","0.044","0.185","0.048","0.077","0.0015","0.001","0.0015","0.001","0.001","0.0005","0.0005","0.0005","0.0005","0.0005","0.0005","0.0005","0.0005","0.0005","0.0005","0.0005","0.0005"
"12-08-2025 19:00","1765220405","0.65","0.0505","0.185","0.047","0.0755","0.0015","0.001","0.0015","0.001","0.001","0.0005","0.0005","0.0005","0.0005","0.0005","0.0005","0.0005","0.0005","0.0005","0.0005","0.0005","0.0005"
"12-08-2025 20:00","1765224005","0.655","0.0505","0.18","0.0465","0.074","0.0015","0.0005","0.0015","0.0005","0.0005","0.0005","0.0005","0.0005","0.0005","0.0005","0.0005","0.0005","0.0005","0.0005","0.0005","0.0005","0.0005"
"12-08-2025 21:00","1765227620","0.655","0.0505","0.175","0.0465","0.0775","0.0015","0.0005","0.0015","0.0005","0.0005","0.0015","0.0005","0.0005","0.0005","0.0005","0.0005","0.0005","0.0005","0.0005","0.0005","0.0005","0.0005"
"12-08-2025 22:00","1765231205","0.655","0.052","0.175","0.046","0.0755","0.0015","0.0005","0.0015","0.0005","0.0005","0.0015","0.0005","0.0005","0.0005","0.0005","0.0005","0.0005","0.0005","0.0005","0.0005","0.0005","0.0005"
"12-08-2025 23:00","1765234805","0.655","0.052","0.175","0.046","0.075","0.0015","0.0005","0.0015","0.0005","0.0005","0.0015","0.0005","0.0005","0.0005","0.0005","0.0005","0.0005","0.0005","0.0005","0.0005","0.0005","0.0005"
"12-09-2025 00:00","1765238417","0.665","0.0525","0.165","0.046","0.075","0.0015","0.0005","0.0015","0.0005","0.0005","0.0015","0.0005","0.0005","0.0005","0.0005","0.0005","0.0005","0.0005","0.0005","0.0005","0.0005","0.0005"
"12-09-2025 01:00","1765242005","0.665","0.051","0.165","0.047","0.073","0.0015","0.0005","0.0015","0.0005","0.0005","0.0015","0.0005","0.0005","0.0005","0.0005","0.0005","0.0005","0.0005","0.0005","0.0005","0.0005","0.0005"
"12-09-2025 02:00","1765245607","0.665","0.052","0.165","0.047","0.0725","0.0015","0.0005","0.0015","0.0005","0.0005","0.0015","0.0005","0.0005","0.0005","0.0005","0.0005","0.0005","0.0005","0.0005","0.0005","0.0005","0.0005"
"12-09-2025 03:00","1765249206","0.665","0.052","0.165","0.046","0.0725","0.0015","0.0005","0.0015","0.0005","0.0005","0.0015","0.0005","0.0005","0.0005","0.0005","0.0005","0.0005","0.0005","0.0005","0.0005","0.0005","0.0005"
"12-09-2025 04:00","1765252806","0.665","0.052","0.165","0.046","0.0725","0.0015","0.0005","0.0015","0.0005","0.0015","0.0025","0.0015","0.0005","0.0015","0.0005","0.0005","0.0005","0.0005","0.0005","0.0005","0.0005","0.0005"
"12-09-2025 05:00","1765256406","0.67","0.052","0.16","0.046","0.072","0.0015","0.0005","0.0015","0.0005","0.0015","0.0025","0.0015","0.0005","0.0015","0.0005","0.0005","0.0005","0.0005","0.0005","0.0005","0.0005","0.0005"
"12-09-2025 06:00","1765260005","0.67","0.052","0.16","0.046","0.0715","0.0015","0.0005","0.0015","0.0005","0.0015","0.0025","0.0015","0.0005","0.0015","0.0005","0.0005","0.0005","0.0005","0.0005","0.0005","0.0005","0.0005"
"12-09-2025 07:00","1765263606","0.675","0.051","0.155","0.046","0.071","0.0015","0.0005","0.0015","0.0005","0.0015","0.0025","0.0015","0.0015","0.0015","0.0005","0.0005","0.0005","0.0005","0.0015","0.0005","0.0005","0.0005"
"12-09-2025 08:00","1765267207","0.68","0.051","0.145","0.047","0.071","0.0015","0.0005","0.0015","0.0005","0.0015","0.0025","0.0015","0.0015","0.0015","0.0005","0.0005","0.0005","0.0005","0.001","0.0005","0.0005","0.0005"
"12-09-2025 09:00","1765270806","0.695","0.051","0.135","0.044","0.078","0.0015","0.0005","0.0015","0.0005","0.001","0.0025","0.0015","0.0015","0.0015","0.0005","0.0005","0.0005","0.0005","0.001","0.0005","0.0005","0.0005"
"12-09-2025 10:00","1765274406","0.69","0.0515","0.135","0.041","0.084","0.0015","0.0005","0.0015","0.0005","0.001","0.0025","0.0015","0.0015","0.0015","0.0005","0.0005","0.0005","0.0005","0.001","0.0005","0.0005","0.0005"
"12-09-2025 11:00","1765278007","0.7","0.047","0.135","0.034","0.084","0.0015","0.0005","0.0015","0.0005","0.001","0.0025","0.0015","0.0015","0.0015","0.0005","0.0005","0.0005","0.0005","0.001","0.0005","0.0005","0.0005"
"12-09-2025 12:00","1765281605","0.7","0.047","0.105","0.041","0.087","0.0015","0.0005","0.0015","0.0005","0.001","0.002","0.0015","0.0015","0.001","0.0005","0.0005","0.0005","0.0005","0.001","0.0005","0.0005","0.0005"
"12-09-2025 13:00","1765285207","0.705","0.047","0.105","0.045","0.0865","0.0015","0.0005","0.0015","0.0005","0.001","0.002","0.0095","0.0015","0.001","0.0005","0.0005","0.0005","0.0005","0.0005","0.001","0.0005","0.0005"
"12-09-2025 14:00","1765288820","0.705","0.047","0.105","0.0465","0.0915","0.0015","0.0005","0.0015","0.0005","0.001","0.002","0.0035","0.0015","0.001","0.0005","0.0005","0.0005","0.0005","0.0005","0.001","0.0005","0.0005"
"12-09-2025 15:00","1765292407","0.705","0.0465","0.12","0.041","0.0905","0.0015","0.0005","0.0015","0.0005","0.001","0.002","0.0025","0.0015","0.001","0.0005","0.0005","0.0005","0.0005","0.0005","0.001","0.0005","0.0005"
"12-09-2025 16:00","1765296005","0.705","0.046","0.12","0.038","0.091","0.0015","0.0005","0.0015","0.0005","0.001","0.002","0.0025","0.0015","0.001","0.0005","0.0005","0.0005","0.0005","0.0005","0.001","0.0005","0.0005"
"12-09-2025 17:00","1765299606","0.705","0.046","0.125","0.0325","0.094","0.0015","0.0005","0.0015","0.0005","0.001","0.002","0.0025","0.0015","0.001","0.0005","0.0005","0.0005","0.0005","0.0005","0.001","0.0005","0.0005"
"12-09-2025 18:00","1765303206","0.705","0.046","0.115","0.034","0.094","0.0015","0.0005","0.0015","0.0005","0.001","0.002","0.0025","0.0025","0.001","0.0005","0.0005","0.0005","0.0005","0.0005","0.001","0.0005","0.0005"
"12-09-2025 19:00","1765306805","0.705","0.047","0.115","0.035","0.098","0.0015","0.0005","0.0015","0.0005","0.001","0.002","0.0025","0.003","0.001","0.0015","0.0005","0.001","0.0005","0.0005","0.0005","0.0005","0.0005"
"12-09-2025 20:00","1765310407","0.705","0.0445","0.125","0.031","0.092","0.0015","0.0005","0.0015","0.0005","0.001","0.0015","0.0025","0.0015","0.001","0.0015","0.0005","0.0005","0.0005","0.0005","0.0005","0.0005","0.0005"
"12-09-2025 21:00","1765314005","0.705","0.045","0.12","0.031","0.0895","0.0015","0.0005","0.0015","0.0005","0.001","0.0015","0.0025","0.0015","0.001","0.0015","0.0005","0.001","0.0005","0.0005","0.0005","0.0005","0.0005"
"12-09-2025 22:00","1765317606","0.735","0.041","0.11","0.0355","0.083","0.0015","0.001","0.0015","0.0005","0.001","0.0015","0.0015","0.0015","0.001","0.001","0.001","0.001","0.001","0.0005","0.0005","0.0005","0.0005"
"12-09-2025 23:00","1765321208","0.735","0.05","0.105","0.033","0.082","0.0015","0.001","0.0015","0.0005","0.001","0.0015","0.002","0.0015","0.001","0.001","0.001","0.001","0.001","0.0005","0.0005","0.0005","0.0005"
"12-10-2025 00:00","1765324806","0.735","0.048","0.105","0.036","0.0815","0.0015","0.001","0.0015","0.0005","0.001","0.0015","0.002","0.0015","0.001","0.001","0.001","0.001","0.001","0.0005","0.0005","0.0005","0.0005"
"12-10-2025 01:00","1765328418","0.725","0.0485","0.11","0.036","0.0855","0.0015","0.001","0.0015","0.0005","0.001","0.0015","0.002","0.0015","0.001","0.001","0.001","0.001","0.001","0.0005","0.0005","0.0005","0.0005"
"12-10-2025 02:00","1765332005","0.735","0.045","0.105","0.0335","0.0845","0.0015","0.001","0.0015","0.0005","0.0015","0.0015","0.002","0.0015","0.001","0.001","0.001","0.0005","0.001","0.0005","0.0005","0.0005","0.0005"
"12-10-2025 03:00","1765335605","0.735","0.045","0.105","0.034","0.0835","0.0015","0.001","0.0015","0.0005","0.0015","0.0015","0.0015","0.0015","0.001","0.001","0.001","0.0005","0.001","0.0005","0.0005","0.0005","0.0005"
"12-10-2025 04:00","1765339206","0.725","0.045","0.11","0.0335","0.0835","0.0015","0.001","0.0015","0.0005","0.0015","0.0015","0.002","0.0015","0.001","0.001","0.001","0.0005","0.001","0.0005","0.0005","0.0005","0.0005"
"12-10-2025 05:00","1765342808","0.725","0.045","0.11","0.034","0.0835","0.0015","0.001","0.0015","0.0005","0.0015","0.0015","0.002","0.0015","0.001","0.001","0.001","0.0005","0.001","0.0005","0.0005","0.0005","0.0005"
"12-10-2025 06:00","1765346406","0.725","0.045","0.11","0.0355","0.0835","0.0015","0.001","0.0015","0.0005","0.0015","0.0015","0.002","0.0015","0.001","0.0015","0.001","0.0005","0.001","0.001","0.0005","0.0005","0.0005"
"12-10-2025 07:00","1765350006","0.735","0.045","0.105","0.036","0.083","0.0015","0.001","0.0015","0.0005","0.0015","0.0015","0.002","0.0015","0.001","0.001","0.001","0.0005","0.0015","0.0005","0.001","0.001","0.0005"
"12-10-2025 08:00","1765353607","0.745","0.0405","0.105","0.0335","0.0805","0.0015","0.0005","0.0015","0.0005","0.0015","0.0015","0.0015","0.0015","0.0005","0.0005","0.0005","0.0005","0.0015","0.0005","0.0005","0.0005","0.0005"
"12-10-2025 09:00","1765357220","0.735","0.0435","0.105","0.034","0.0825","0.0015","0.0005","0.0015","0.0005","0.0015","0.0015","0.002","0.0015","0.0005","0.0005","0.0005","0.0005","0.0015","0.0005","0.0005","0.0005","0.0005"
"12-10-2025 10:00","1765360805","0.73","0.041","0.105","0.0335","0.0825","0.0015","0.0005","0.0015","0.0005","0.0015","0.0015","0.002","0.0015","0.0005","0.0005","0.0005","0.0005","0.0015","0.0005","0.0005","0.0005","0.0005"
"12-10-2025 11:00","1765364406","0.73","0.0415","0.105","0.033","0.0825","0.0015","0.0005","0.0015","0.0005","0.0015","0.0015","0.0025","0.0015","0.0005","0.001","0.001","0.001","0.0015","0.001","0.0005","0.0005","0.0005"
"12-10-2025 12:00","1765368005","0.73","0.042","0.105","0.033","0.081","0.0015","0.0005","0.0015","0.0005","0.0015","0.0015","0.0025","0.0015","0.0005","0.001","0.001","0.001","0.0015","0.001","0.0005","0.0005","0.0005"
"12-10-2025 13:00","1765371605","0.725","0.042","0.105","0.033","0.0805","0.0015","0.0005","0.0015","0.0005","0.0015","0.0015","0.0025","0.0015","0.0005","0.001","0.001","0.001","0.0015","0.001","0.0005","0.0005","0.0005"
"12-10-2025 14:00","1765375205","0.725","0.0425","0.105","0.033","0.086","0.0015","0.0005","0.0015","0.0005","0.0015","0.0015","0.008","0.0015","0.0005","0.001","0.001","0.001","0.0015","0.001","0.0005","0.0005","0.0005"
"12-10-2025 15:00","1765378807","0.715","0.0385","0.13","0.027","0.082","0.0015","0.0005","0.0015","0.0005","0.0015","0.0015","0.0025","0.002","0.0005","0.001","0.001","0.001","0.001","0.001","0.0005","0.0005","0.0005"
"12-10-2025 16:00","1765382406","0.675","0.033","0.165","0.021","0.0965","0.0015","0.001","0.0015","0.0005","0.0015","0.0015","0.0015","0.002","0.001","0.001","0.001","0.001","0.001","0.001","0.0005","0.001","0.0005"
"12-10-2025 17:00","1765386005","0.665","0.031","0.185","0.0205","0.101","0.0015","0.001","0.0015","0.0005","0.0015","0.0015","0.0015","0.002","0.001","0.001","0.001","0.001","0.001","0.001","0.0005","0.001","0.0005"
"12-10-2025 18:00","1765389605","0.645","0.028","0.195","0.026","0.0985","0.001","0.0005","0.0015","0.0005","0.0015","0.0015","0.002","0.002","0.0005","0.001","0.001","0.001","0.001","0.001","0.0005","0.0005","0.0005"
"12-10-2025 19:00","1765393205","0.65","0.031","0.195","0.025","0.096","0.001","0.0005","0.0015","0.0005","0.0015","0.0015","0.002","0.002","0.0005","0.001","0.001","0.001","0.001","0.001","0.0005","0.0005","0.0005"
"12-10-2025 20:00","1765396805","0.65","0.031","0.2","0.027","0.0895","0.001","0.0005","0.0015","0.0005","0.0015","0.0015","0.002","0.002","0.0005","0.001","0.001","0.001","0.001","0.001","0.0005","0.0005","0.0005"
"12-10-2025 21:00","1765400405","0.655","0.03","0.205","0.025","0.086","0.001","0.0005","0.0015","0.0005","0.0015","0.0015","0.002","0.002","0.0005","0.001","0.001","0.001","0.001","0.001","0.0005","0.0005","0.0005"
"12-10-2025 22:00","1765404005","0.65","0.03","0.205","0.0205","0.0855","0.001","0.0005","0.0015","0.0005","0.0015","0.0015","0.002","0.002","0.0005","0.001","0.001","0.001","0.001","0.001","0.0005","0.0005","0.0005"
"12-10-2025 23:00","1765407606","0.695","0.0295","0.175","0.022","0.0835","0.0005","0.0005","0.0015","0.0005","0.0015","0.0015","0.002","0.0015","0.0005","0.0005","0.0005","0.0005","0.0005","0.0005","0.0005","0.0005","0.0005"
"12-11-2025 00:00","1765411206","0.705","0.0245","0.175","0.0175","0.0805","0.0005","0.0005","0.0005","0.0005","0.0005","0.0015","0.0015","0.0015","0.0005","0.0005","0.0005","0.0005","0.0005","0.0005","0.0005","0.0005","0.0005"
"12-11-2025 01:00","1765414806","0.705","0.027","0.175","0.0135","0.0815","0.0005","0.0005","0.0005","0.0005","0.0005","0.0015","0.0015","0.0015","0.0005","0.0005","0.0005","0.0005","0.0005","0.0005","0.0005","0.0005","0.0005"
"12-11-2025 02:00","1765418418","0.695","0.029","0.18","0.013","0.0815","0.0005","0.0005","0.0005","0.0005","0.0005","0.0015","0.0015","0.0015","0.0005","0.0005","0.0005","0.0005","0.0005","0.0005","0.0005","0.0005","0.0005"
"12-11-2025 03:00","1765422006","0.695","0.029","0.18","0.0135","0.081","0.0005","0.0005","0.0005","0.0005","0.0005","0.0015","0.0015","0.0015","0.0005","0.0005","0.0005","0.0005","0.0005","0.0005","0.0005","0.0005","0.0005"
"12-11-2025 04:00","1765425621","0.695","0.029","0.18","0.0135","0.081","0.0005","0.0005","0.0005","0.0005","0.0005","0.0015","0.0015","0.0015","0.0005","0.0005","0.0005","0.0005","0.0005","0.0005","0.0005","0.0005","0.0005"
"12-11-2025 05:00","1765429206","0.695","0.0275","0.18","0.0135","0.082","0.0005","0.0005","0.0005","0.0005","0.0005","0.0015","0.0015","0.0015","0.0005","0.0005","0.0005","0.0005","0.0005","0.0005","0.001","0.0005","0.0005"
"12-11-2025 06:00","1765432806","0.695","0.0275","0.18","0.0135","0.082","0.0005","0.0005","0.0005","0.0005","0.0005","0.0015","0.0015","0.0015","0.0005","0.0005","0.0005","0.0005","0.0005","0.0005","0.0005","0.0005","0.0005"
"12-11-2025 07:00","1765436406","0.695","0.0285","0.18","0.0135","0.0825","0.0005","0.0005","0.0005","0.0005","0.0005","0.0015","0.0015","0.0015","0.0005","0.0005","0.001","0.0005","0.0005","0.0005","0.0005","0.0005","0.0005"
"12-11-2025 08:00","1765440006","0.695","0.0305","0.175","0.0135","0.082","0.0005","0.0005","0.0005","0.0005","0.0005","0.0015","0.0015","0.0015","0.0005","0.0005","0.001","0.0005","0.0005","0.0005","0.0005","0.0005","0.0005"
"12-11-2025 09:00","1765443606","0.695","0.03","0.185","0.013","0.082","0.0005","0.0005","0.0005","0.0005","0.0005","0.0015","0.0015","0.0015","0.0005","0.0005","0.001","0.0005","0.0005","0.0005","0.0005","0.0005","0.0005"
"12-11-2025 10:00","1765447206","0.695","0.03","0.185","0.013","0.0815","0.0005","0.0005","0.0005","0.0005","0.0005","0.0015","0.0015","0.0015","0.0005","0.0005","0.001","0.0005","0.0005","0.0005","0.0005","0.0005","0.0005"
"12-11-2025 11:00","1765450806","0.66","0.0245","0.215","0.013","0.079","0.0005","0.0005","0.0005","0.0005","0.0005","0.0015","0.0015","0.0015","0.0005","0.0015","0.0015","0.0015","0.0015","0.0015","0.0005","0.0005","0.0005"
"12-11-2025 12:00","1765454406","0.66","0.024","0.215","0.013","0.0795","0.0005","0.0005","0.0005","0.0005","0.0005","0.0015","0.0015","0.0015","0.0005","0.0015","0.0015","0.0015","0.0015","0.0015","0.0005","0.0005","0.0005"
"12-11-2025 13:00","1765458006","0.69","0.0235","0.205","0.014","0.0755","0.0005","0.0005","0.0005","0.0005","0.0005","0.0015","0.0015","0.001","0.0005","0.0015","0.0015","0.0015","0.0005","0.0015","0.0005","0.0005","0.0005"
"12-11-2025 14:00","1765461605","0.695","0.024","0.195","0.0135","0.076","0.0005","0.0005","0.0005","0.0005","0.0005","0.0015","0.0015","0.001","0.0005","0.0015","0.0015","0.0015","0.0005","0.0015","0.0005","0.0005","0.0005"
"12-11-2025 15:00","1765465206","0.695","0.024","0.18","0.016","0.0735","0.0005","0.0005","0.0005","0.0005","0.0005","0.0015","0.0015","0.0005","0.0005","0.0015","0.0015","0.0015","0.0005","0.0015","0.0005","0.0005","0.0005"
"12-11-2025 16:00","1765468815","0.695","0.024","0.175","0.016","0.0735","0.0005","0.0005","0.0005","0.0005","0.0005","0.0015","0.0015","0.0005","0.0005","0.0015","0.0015","0.0015","0.0005","0.001","0.0005","0.0005","0.0005"
"12-11-2025 17:00","1765472406","0.695","0.0255","0.18","0.016","0.0725","0.0005","0.0005","0.0005","0.0005","0.0005","0.0015","0.0015","0.0005","0.0005","0.0015","0.0015","0.0015","0.0005","0.001","0.0005","0.0005","0.0005"
"12-11-2025 18:00","1765476005","0.695","0.0245","0.18","0.016","0.0755","0.0005","0.0005","0.0005","0.0005","0.0005","0.0015","0.0015","0.0005","0.0005","0.0015","0.0015","0.0015","0.0005","0.001","0.0005","0.0005","0.0005"
"12-11-2025 19:00","1765479618","0.7","0.024","0.165","0.016","0.075","0.0005","0.0005","0.0005","0.0005","0.0005","0.0015","0.0015","0.0005","0.0005","0.0015","0.0015","0.0015","0.0005","0.001","0.0005","0.0005","0.0005"
"12-11-2025 20:00","1765483206","0.705","0.0255","0.165","0.0175","0.076","0.0005","0.0005","0.0005","0.0005","0.0005","0.0015","0.0015","0.0005","0.0005","0.0015","0.0015","0.0015","0.0005","0.001","0.0005","0.0005","0.0005"
"12-11-2025 21:00","1765486806","0.705","0.0255","0.165","0.017","0.0765","0.0005","0.0005","0.0005","0.0005","0.0005","0.0015","0.0015","0.0005","0.0005","0.0015","0.0015","0.0015","0.0005","0.001","0.0005","0.0005","0.0005"
"12-11-2025 22:00","1765490406","0.71","0.0275","0.165","0.0175","0.0765","0.0005","0.0005","0.0005","0.0005","0.0005","0.0015","0.0015","0.0005","0.0005","0.0015","0.0015","0.0015","0.0005","0.001","0.0005","0.0005","0.0005"
"12-11-2025 23:00","1765494008","0.71","0.028","0.16","0.018","0.0765","0.0005","0.0005","0.0005","0.0005","0.0005","0.0015","0.0015","0.0005","0.0005","0.0015","0.0015","0.0015","0.0005","0.001","0.0005","0.0005","0.0005"
"12-12-2025 00:00","1765497606","0.71","0.0295","0.16","0.018","0.076","0.0005","0.0005","0.0005","0.0005","0.0005","0.0015","0.0015","0.0005","0.0005","0.0015","0.0015","0.0015","0.0005","0.001","0.0005","0.0005","0.0005"
"12-12-2025 01:00","1765501206","0.705","0.028","0.165","0.0165","0.0765","0.0005","0.0005","0.0005","0.0005","0.0005","0.0015","0.0015","0.0005","0.0005","0.0015","0.0015","0.0015","0.0005","0.001","0.0005","0.0005","0.001"
"12-12-2025 02:00","1765504806","0.705","0.028","0.165","0.0195","0.0775","0.0005","0.0005","0.0005","0.0005","0.0005","0.0015","0.0015","0.0005","0.0005","0.0015","0.0015","0.0015","0.0005","0.001","0.0005","0.0005","0.001"
"12-12-2025 03:00","1765508407","0.705","0.028","0.165","0.0205","0.076","0.0005","0.0005","0.0005","0.0005","0.0005","0.0015","0.0015","0.0005","0.0005","0.0015","0.0015","0.0015","0.001","0.001","0.0005","0.0005","0.001"
"12-12-2025 04:00","1765512006","0.71","0.0285","0.165","0.024","0.076","0.0005","0.0005","0.0005","0.0005","0.0005","0.0015","0.0015","0.0005","0.0005","0.0015","0.0015","0.0015","0.0005","0.0005","0.0005","0.0005","0.0005"
"12-12-2025 05:00","1765515618","0.715","0.0285","0.165","0.022","0.0755","0.0005","0.0005","0.0005","0.0005","0.0005","0.0015","0.0015","0.0005","0.0005","0.0015","0.0015","0.0015","0.0005","0.0005","0.0005","0.0005","0.0005"
"12-12-2025 06:00","1765519207","0.71","0.029","0.17","0.0215","0.078","0.0005","0.0005","0.0005","0.0005","0.0005","0.0015","0.0015","0.0005","0.0005","0.0015","0.0015","0.0015","0.0005","0.0005","0.0005","0.0005","0.0005"
"12-12-2025 07:00","1765522806","0.705","0.028","0.17","0.022","0.0765","0.0005","0.0005","0.0005","0.0005","0.0005","0.0015","0.0015","0.0005","0.0005","0.0015","0.0015","0.0005","0.0005","0.0005","0.0005","0.0005","0.0015"
"12-12-2025 08:00","1765526405","0.705","0.028","0.17","0.022","0.077","0.0005","0.0005","0.0005","0.0005","0.0005","0.0015","0.0015","0.0005","0.0005","0.0015","0.0015","0.0005","0.0005","0.0005","0.0015","0.001","0.0015"
"12-12-2025 09:00","1765530006","0.705","0.028","0.17","0.0215","0.077","0.0005","0.0005","0.0005","0.0005","0.0005","0.0015","0.0015","0.0005","0.0005","0.0015","0.0015","0.0005","0.0005","0.0005","0.0015","0.001","0.0105"
"12-12-2025 10:00","1765533605","0.72","0.0255","0.155","0.02","0.0745","0.0005","0.0005","0.0005","0.0005","0.0005","0.0015","0.0015","0.0005","0.0005","0.0015","0.0015","0.0005","0.0005","0.0005","0.0015","0.0005","0.0055"
"12-12-2025 11:00","1765537206","0.72","0.0245","0.17","0.0325","0.0825","0.0005","0.0005","0.0005","0.0005","0.0005","0.0015","0.0015","0.0005","0.0005","0.0015","0.0015","0.0005","0.0015","0.0005","0.0015","0.0005","0.003"
"12-12-2025 12:00","1765540805","0.71","0.0195","0.165","0.029","0.0795","0.0005","0.0005","0.0005","0.0005","0.0005","0.0015","0.0015","0.0005","0.0005","0.0015","0.0015","0.0005","0.0015","0.0005","0.0015","0.0005","0.002"
"12-12-2025 13:00","1765544406","0.715","0.018","0.165","0.023","0.085","0.0005","0.0005","0.0005","0.0005","0.0005","0.0015","0.0015","0.0005","0.0005","0.0015","0.0015","0.001","0.0015","0.0005","0.0015","0.0005","0.0015"
"12-12-2025 14:00","1765548006","0.71","0.019","0.17","0.0225","0.0865","0.0005","0.0005","0.0005","0.0005","0.0005","0.0015","0.0015","0.0005","0.0005","0.0015","0.0015","0.0005","0.0015","0.0005","0.0015","0.0005","0.0015"
"12-12-2025 15:00","1765551606","0.71","0.0185","0.175","0.021","0.0865","0.0005","0.0005","0.0005","0.0005","0.0005","0.0015","0.0015","0.0005","0.0005","0.0015","0.0015","0.0005","0.0015","0.0005","0.0015","0.0005","0.0015"
"12-12-2025 16:00","1765555206","0.715","0.0155","0.165","0.0265","0.084","0.0005","0.0005","0.0005","0.0005","0.0005","0.0015","0.0015","0.0005","0.0005","0.0015","0.0015","0.0005","0.0015","0.0005","0.0015","0.0005","0.0015"
"12-12-2025 17:00","1765558807","0.715","0.0185","0.165","0.022","0.0795","0.0005","0.0005","0.0005","0.0005","0.0005","0.0015","0.0015","0.0005","0.0005","0.0015","0.0015","0.0005","0.0015","0.0005","0.0015","0.0005","0.0015"
"12-12-2025 18:00","1765562407","0.715","0.0205","0.165","0.022","0.0825","0.0005","0.0005","0.0005","0.0005","0.0005","0.0015","0.0015","0.0005","0.0005","0.0015","0.0015","0.0005","0.0015","0.0005","0.0015","0.0005","0.0015"
"12-12-2025 19:00","1765566007","0.715","0.0195","0.165","0.021","0.084","0.0005","0.0005","0.0005","0.0005","0.0005","0.0015","0.0015","0.0005","0.0005","0.0015","0.0015","0.0005","0.0015","0.0005","0.0015","0.0005","0.0015"
"12-12-2025 20:00","1765569607","0.715","0.02","0.155","0.021","0.0835","0.0005","0.0005","0.001","0.0005","0.0005","0.0015","0.0015","0.0005","0.0005","0.0015","0.0015","0.0005","0.0015","0.0005","0.0015","0.0005","0.0015"
"12-12-2025 21:00","1765573206","0.715","0.02","0.155","0.021","0.0815","0.0005","0.0005","0.001","0.0005","0.0005","0.0015","0.0015","0.0005","0.0005","0.0015","0.0015","0.0005","0.0015","0.0005","0.0015","0.0005","0.0015"
"12-12-2025 22:00","1765576807","0.715","0.02","0.155","0.021","0.0785","0.0005","0.0005","0.0005","0.0005","0.0005","0.0015","0.0015","0.0005","0.0005","0.0015","0.0015","0.0005","0.0015","0.0005","0.0015","0.0005","0.0015"
"12-12-2025 23:00","1765580406","0.715","0.02","0.155","0.021","0.0775","0.0005","0.0005","0.0005","0.0005","0.0005","0.0015","0.0015","0.0005","0.0005","0.0015","0.0015","0.0005","0.0015","0.0005","0.0015","0.0005","0.0015"
"12-13-2025 00:00","1765584007","0.725","0.019","0.155","0.0185","0.0765","0.0005","0.0005","0.0005","0.0005","0.0005","0.0015","0.0015","0.0005","0.0005","0.0015","0.0015","0.0005","0.0015","0.0005","0.0015","0.0005","0.0015"
"12-13-2025 01:00","1765587606","0.725","0.019","0.155","0.019","0.078","0.0005","0.0005","0.0005","0.0005","0.0005","0.0015","0.0015","0.0005","0.0005","0.0015","0.0015","0.0005","0.0015","0.0005","0.0015","0.0005","0.0015"
"12-13-2025 02:00","1765591207","0.72","0.019","0.155","0.02","0.0785","0.0005","0.0005","0.0005","0.0005","0.0005","0.0015","0.0015","0.0005","0.0005","0.0015","0.0015","0.0005","0.0015","0.0005","0.0015","0.0005","0.0015"
"12-13-2025 03:00","1765594807","0.715","0.017","0.155","0.0205","0.079","0.0005","0.0005","0.0005","0.0005","0.0005","0.0015","0.0015","0.0005","0.0005","0.0015","0.0015","0.0005","0.0015","0.0005","0.0015","0.0005","0.0015"
"12-13-2025 04:00","1765598407","0.715","0.017","0.17","0.0205","0.079","0.0005","0.0005","0.0005","0.0005","0.0005","0.0015","0.0015","0.0005","0.0005","0.0015","0.0015","0.0005","0.0005","0.0005","0.0015","0.0005","0.0015"
"12-13-2025 05:00","1765602006","0.715","0.017","0.175","0.0205","0.078","0.0005","0.0005","0.0005","0.0005","0.0005","0.0015","0.0015","0.0005","0.0005","0.0015","0.0015","0.0005","0.0005","0.0005","0.0015","0.0005","0.0015"
"12-13-2025 06:00","1765605606","0.715","0.0165","0.175","0.0205","0.0785","0.0005","0.0005","0.0005","0.0005","0.0005","0.0015","0.0015","0.0005","0.0005","0.0015","0.0015","0.0005","0.0005","0.0005","0.0015","0.0005","0.0015"
"12-13-2025 07:00","1765609206","0.715","0.0165","0.175","0.0205","0.0785","0.0005","0.0005","0.0005","0.0005","0.0005","0.0015","0.0015","0.0005","0.0005","0.0015","0.0015","0.0005","0.0005","0.0005","0.0015","0.0005","0.0015"
"12-13-2025 08:00","1765612806","0.715","0.017","0.17","0.0205","0.0795","0.001","0.0005","0.0005","0.0005","0.0005","0.0015","0.0015","0.0005","0.0005","0.0015","0.0015","0.0005","0.0005","0.0005","0.0015","0.0005","0.0015"
"12-13-2025 09:00","1765616406","0.705","0.0185","0.165","0.0225","0.0795","0.001","0.0005","0.0005","0.0005","0.0005","0.0015","0.0015","0.0005","0.0005","0.0015","0.0015","0.0005","0.0005","0.0005","0.0015","0.0005","0.0015"
"12-13-2025 10:00","1765620006","0.7","0.0185","0.175","0.0225","0.081","0.001","0.0005","0.0005","0.0005","0.0005","0.0015","0.0015","0.0005","0.0005","0.0015","0.0015","0.0005","0.0005","0.0005","0.0015","0.0005","0.0015"
"12-13-2025 11:00","1765623606","0.7","0.0185","0.17","0.0225","0.0815","0.001","0.0005","0.0005","0.0005","0.0005","0.0015","0.0015","0.0015","0.0005","0.0015","0.0015","0.0005","0.0005","0.0005","0.0015","0.0005","0.0015"
"12-13-2025 12:00","1765627206","0.7","0.0185","0.165","0.0225","0.0845","0.001","0.0005","0.0005","0.0005","0.0005","0.0015","0.0015","0.0015","0.0005","0.0015","0.0015","0.0005","0.0005","0.0005","0.0015","0.0005","0.0015"
"12-13-2025 13:00","1765630806","0.705","0.0185","0.165","0.0235","0.083","0.001","0.001","0.0005","0.0005","0.0005","0.0015","0.0015","0.0015","0.0005","0.0015","0.0015","0.0005","0.0005","0.0005","0.0015","0.0005","0.0015"
"12-13-2025 14:00","1765634407","0.715","0.0195","0.155","0.0235","0.078","0.001","0.001","0.0005","0.0005","0.0005","0.0015","0.0015","0.0015","0.0005","0.0015","0.0015","0.0005","0.0005","0.0005","0.0015","0.0005","0.0015"
"12-13-2025 15:00","1765638007","0.7","0.0225","0.16","0.0255","0.076","0.001","0.001","0.0005","0.0005","0.0005","0.0015","0.0015","0.0015","0.0005","0.0015","0.0015","0.0005","0.0005","0.0005","0.0015","0.0005","0.0015"
"12-13-2025 16:00","1765641606","0.705","0.0235","0.16","0.0255","0.0755","0.001","0.001","0.0005","0.0005","0.0005","0.0015","0.0015","0.0015","0.0005","0.0015","0.0015","0.0005","0.0005","0.0005","0.0015","0.0005","0.0015"
"12-13-2025 17:00","1765645207","0.7","0.023","0.16","0.0255","0.0745","0.001","0.001","0.0005","0.0005","0.0005","0.0015","0.0015","0.0015","0.0015","0.0015","0.0015","0.0005","0.0005","0.0005","0.0015","0.0005","0.0015"
"12-13-2025 18:00","1765648806","0.695","0.023","0.16","0.0255","0.074","0.001","0.001","0.0005","0.0005","0.0005","0.0015","0.0015","0.0015","0.0015","0.0015","0.0015","0.0005","0.0005","0.0005","0.0015","0.0005","0.0015"
"12-13-2025 19:00","1765652406","0.695","0.023","0.165","0.0255","0.074","0.001","0.001","0.0005","0.0005","0.0005","0.0015","0.0015","0.0015","0.0015","0.0015","0.0015","0.0005","0.0005","0.0005","0.0015","0.0005","0.0015"
"12-13-2025 20:00","1765656007","0.675","0.023","0.165","0.0255","0.0745","0.001","0.001","0.0005","0.0005","0.0005","0.0015","0.0015","0.0015","0.0015","0.0015","0.0015","0.0005","0.0005","0.0005","0.0015","0.0005","0.0015"
"12-13-2025 21:00","1765659607","0.675","0.023","0.17","0.0255","0.0745","0.001","0.001","0.0005","0.0005","0.0005","0.0015","0.0015","0.0015","0.0015","0.0015","0.0015","0.0005","0.0005","0.0005","0.0015","0.0005","0.0015"
"12-13-2025 22:00","1765663206","0.675","0.024","0.17","0.03","0.0745","0.001","0.001","0.0005","0.0005","0.0005","0.0015","0.0015","0.0015","0.0015","0.0015","0.0015","0.0005","0.0005","0.0005","0.0015","0.0005","0.0015"
"12-13-2025 23:00","1765666807","0.675","0.024","0.17","0.031","0.0745","0.001","0.001","0.0005","0.0005","0.0005","0.0015","0.0015","0.0015","0.0015","0.0015","0.0015","0.0005","0.0005","0.0005","0.0015","0.0005","0.0015"
"12-14-2025 00:00","1765670406","0.675","0.024","0.17","0.0295","0.0745","0.001","0.001","0.0005","0.0005","0.0005","0.0015","0.0015","0.0015","0.0015","0.0015","0.0015","0.0005","0.0005","0.0005","0.0015","0.0005","0.0015"
"12-14-2025 01:00","1765674007","0.68","0.024","0.165","0.029","0.074","0.001","0.001","0.0005","0.0005","0.0005","0.0015","0.0015","0.0005","0.0005","0.0015","0.0015","0.0015","0.0015","0.0005","0.0015","0.0005","0.0015"
"12-14-2025 02:00","1765677606","0.68","0.024","0.16","0.0295","0.074","0.001","0.001","0.0005","0.0005","0.0005","0.0015","0.0015","0.0015","0.0015","0.0015","0.0015","0.0015","0.0015","0.0015","0.0015","0.0005","0.0015"
"12-14-2025 03:00","1765681207","0.675","0.024","0.16","0.0295","0.076","0.001","0.001","0.0005","0.0005","0.0005","0.0015","0.0015","0.0015","0.0015","0.0015","0.0015","0.0015","0.0015","0.0015","0.0015","0.0005","0.0015"
"12-14-2025 04:00","1765684806","0.68","0.024","0.16","0.0295","0.0755","0.001","0.001","0.0005","0.0005","0.0005","0.0015","0.0015","0.0015","0.0015","0.0015","0.0015","0.0015","0.0015","0.0015","0.0015","0.0005","0.0015"
"12-14-2025 05:00","1765688406","0.68","0.024","0.165","0.0295","0.0755","0.001","0.001","0.0005","0.0005","0.0005","0.0015","0.0015","0.0015","0.0015","0.0015","0.0015","0.0015","0.0015","0.0015","0.0015","0.0005","0.0015"
"12-14-2025 06:00","1765692006","0.68","0.024","0.165","0.0295","0.0755","0.001","0.001","0.0005","0.0005","0.0005","0.0015","0.0015","0.0015","0.0015","0.0015","0.0015","0.0015","0.0015","0.0015","0.0015","0.0005","0.0015"
"12-14-2025 07:00","1765695606","0.685","0.024","0.165","0.03","0.0755","0.001","0.001","0.0005","0.0005","0.0005","0.0015","0.0015","0.0015","0.0015","0.0015","0.0015","0.0015","0.0015","0.0015","0.0015","0.001","0.0015"
"12-14-2025 08:00","1765699206","0.685","0.0245","0.165","0.03","0.0755","0.001","0.001","0.0005","0.0005","0.0005","0.0015","0.0015","0.0015","0.0015","0.0015","0.0015","0.0015","0.0015","0.0015","0.0015","0.0005","0.0015"
"12-14-2025 09:00","1765702806","0.685","0.0255","0.165","0.03","0.075","0.001","0.001","0.0005","0.0005","0.0005","0.0015","0.0015","0.0015","0.0015","0.0015","0.0015","0.0015","0.0015","0.0015","0.0015","0.001","0.0015"
"12-14-2025 10:00","1765706407","0.685","0.0255","0.165","0.03","0.075","0.0005","0.0005","0.0005","0.0005","0.0005","0.0015","0.0015","0.0015","0.0015","0.0015","0.0015","0.0015","0.0015","0.0015","0.0015","0.0005","0.0015"
"12-14-2025 11:00","1765710006","0.685","0.0255","0.165","0.03","0.075","0.0005","0.0005","0.0005","0.0005","0.0005","0.0015","0.0015","0.0015","0.0015","0.0015","0.0015","0.0015","0.0015","0.0015","0.0015","0.0005","0.0015"
"12-14-2025 12:00","1765713606","0.675","0.0255","0.175","0.0295","0.075","0.0005","0.0005","0.0005","0.0005","0.0005","0.0015","0.0015","0.0015","0.0015","0.0015","0.0015","0.0015","0.0015","0.0015","0.0015","0.0005","0.0015"
"12-14-2025 13:00","1765717206","0.675","0.0255","0.175","0.0295","0.0745","0.0005","0.0005","0.0005","0.0005","0.001","0.0015","0.0015","0.0015","0.0015","0.0015","0.0015","0.0015","0.0015","0.0015","0.0015","0.0005","0.0015"
"12-14-2025 14:00","1765720806","0.68","0.0285","0.175","0.0295","0.075","0.001","0.001","0.0005","0.0005","0.001","0.0015","0.0015","0.0015","0.0015","0.0015","0.0015","0.0015","0.0015","0.0015","0.0015","0.0005","0.0015"
"12-14-2025 15:00","1765724406","0.685","0.0305","0.175","0.0295","0.075","0.001","0.001","0.0005","0.0005","0.0015","0.0015","0.0015","0.0015","0.0015","0.0015","0.0015","0.0015","0.0015","0.0015","0.0015","0.0005","0.0015"
"12-14-2025 16:00","1765728006","0.675","0.032","0.175","0.035","0.075","0.001","0.001","0.0005","0.0005","0.0015","0.0015","0.0015","0.0015","0.0015","0.0015","0.0015","0.0015","0.0015","0.0015","0.0015","0.0005","0.0015"
"12-14-2025 17:00","1765731606","0.68","0.032","0.175","0.0355","0.075","0.001","0.001","0.0005","0.0005","0.0015","0.0015","0.0015","0.0015","0.0015","0.0015","0.0015","0.0015","0.0015","0.0015","0.0015","0.0005","0.0015"
"12-14-2025 18:00","1765735206","0.68","0.0315","0.175","0.0335","0.075","0.001","0.001","0.0005","0.0005","0.0015","0.0015","0.0015","0.0005","0.0015","0.0015","0.0015","0.0015","0.0015","0.0015","0.0015","0.0005","0.0015"
"12-14-2025 19:00","1765738806","0.68","0.031","0.175","0.03","0.075","0.001","0.001","0.0005","0.0005","0.0015","0.0015","0.0015","0.0005","0.0015","0.0015","0.0015","0.0015","0.0015","0.0015","0.0015","0.0005","0.0015"
"12-14-2025 20:00","1765742406","0.68","0.031","0.175","0.0335","0.075","0.001","0.001","0.0005","0.0005","0.0015","0.0015","0.0015","0.0005","0.0015","0.0015","0.0015","0.0015","0.0015","0.0015","0.0015","0.0005","0.0015"
"12-14-2025 21:00","1765746007","0.68","0.031","0.175","0.035","0.075","0.001","0.001","0.0005","0.0005","0.0015","0.0015","0.0015","0.0005","0.0015","0.0015","0.0015","0.0015","0.0015","0.0015","0.0015","0.0005","0.0015"
"12-14-2025 22:00","1765749605","0.675","0.0305","0.175","0.0355","0.0855","0.001","0.001","0.0005","0.0005","0.0015","0.0015","0.0015","0.0005","0.0015","0.0015","0.0015","0.0015","0.0015","0.0015","0.0015","0.0005","0.0015"
"12-14-2025 23:00","1765753206","0.675","0.0315","0.175","0.034","0.0855","0.001","0.001","0.0005","0.0005","0.0015","0.0015","0.0015","0.0005","0.0015","0.0015","0.0015","0.0015","0.0015","0.0015","0.0015","0.0005","0.0015"
"12-15-2025 00:00","1765756806","0.675","0.032","0.175","0.034","0.0855","0.001","0.001","0.0005","0.0005","0.0015","0.0015","0.0015","0.0005","0.0015","0.0015","0.0015","0.0015","0.0015","0.0015","0.0015","0.0005","0.0015"
"12-15-2025 01:00","1765760405","0.675","0.032","0.175","0.034","0.086","0.001","0.001","0.0005","0.0005","0.0015","0.0015","0.0015","0.0005","0.0015","0.0015","0.0015","0.0015","0.0015","0.0015","0.0015","0.0005","0.0015"
"12-15-2025 02:00","1765764005","0.675","0.032","0.175","0.034","0.083","0.001","0.001","0.0005","0.0005","0.0015","0.0015","0.0015","0.0005","0.0015","0.0015","0.0015","0.0015","0.0015","0.0015","0.0015","0.0005","0.0015"
"12-15-2025 03:00","1765767606","0.675","0.032","0.175","0.035","0.08","0.001","0.001","0.0005","0.0005","0.0015","0.0015","0.0015","0.0005","0.0015","0.0015","0.0015","0.0015","0.0005","0.0005","0.0015","0.0005","0.0015"
"12-15-2025 04:00","1765771207","0.67","0.032","0.185","0.034","0.08","0.0005","0.0005","0.0005","0.0005","0.0005","0.0015","0.0015","0.0005","0.0015","0.0015","0.0015","0.0015","0.0005","0.0005","0.0015","0.0005","0.0015"
"12-15-2025 05:00","1765774806","0.665","0.032","0.19","0.0295","0.0785","0.001","0.0005","0.0005","0.0005","0.0005","0.0015","0.0015","0.0005","0.0015","0.0015","0.0015","0.0015","0.0005","0.0005","0.0015","0.0005","0.0015"
"12-15-2025 06:00","1765778405","0.67","0.032","0.185","0.0305","0.0795","0.0005","0.0005","0.0005","0.0005","0.0005","0.0015","0.0015","0.0005","0.0015","0.0015","0.0015","0.0015","0.0005","0.0005","0.0015","0.0005","0.0015"
"12-15-2025 07:00","1765782005","0.67","0.032","0.19","0.0275","0.0785","0.0005","0.0005","0.0005","0.0005","0.0005","0.0015","0.0015","0.0005","0.0015","0.0015","0.0015","0.0015","0.0005","0.0005","0.0015","0.0005","0.0015"
"12-15-2025 08:00","1765785605","0.67","0.0305","0.19","0.0265","0.0785","0.0005","0.001","0.0005","0.0005","0.0005","0.0015","0.0015","0.001","0.0015","0.0015","0.0015","0.0015","0.0005","0.0005","0.0015","0.0005","0.0015"
"12-15-2025 09:00","1765789207","0.67","0.0295","0.19","0.026","0.0785","0.0005","0.001","0.0005","0.0005","0.0005","0.0015","0.0015","0.0005","0.0015","0.0015","0.0015","0.0015","0.0005","0.0005","0.0015","0.0005","0.0015"
"12-15-2025 10:00","1765792805","0.67","0.03","0.19","0.027","0.0775","0.0005","0.0005","0.0005","0.0005","0.0005","0.0015","0.0015","0.0015","0.0015","0.0015","0.0015","0.0015","0.0015","0.0015","0.0015","0.0005","0.0015"
"12-15-2025 11:00","1765796408","0.67","0.029","0.185","0.027","0.0775","0.0005","0.0005","0.0005","0.0005","0.0005","0.0015","0.0015","0.0015","0.0015","0.0015","0.0015","0.0015","0.0015","0.0015","0.0015","0.0005","0.0015"
"12-15-2025 12:00","1765800005","0.67","0.0295","0.185","0.027","0.076","0.0005","0.0005","0.0005","0.0005","0.0005","0.0015","0.0015","0.0015","0.0015","0.0015","0.0015","0.0015","0.0015","0.0015","0.0015","0.0005","0.0015"
"12-15-2025 13:00","1765803617","0.67","0.029","0.195","0.0265","0.0755","0.0005","0.0005","0.0005","0.0005","0.0005","0.0015","0.0015","0.0015","0.0015","0.0015","0.0015","0.0015","0.0015","0.0015","0.0015","0.0005","0.002"
"12-15-2025 14:00","1765807205","0.665","0.0285","0.205","0.026","0.074","0.0005","0.0005","0.0005","0.0005","0.0005","0.0015","0.0015","0.0015","0.0015","0.0015","0.0015","0.0015","0.0015","0.0015","0.0015","0.0005","0.002"
"12-15-2025 15:00","1765810807","0.635","0.026","0.215","0.026","0.0665","0.0005","0.0005","0.0005","0.0005","0.0005","0.0015","0.0015","0.0015","0.0015","0.0015","0.0015","0.0015","0.0015","0.0015","0.0015","0.0005","0.002"
"12-15-2025 16:00","1765814406","0.635","0.0255","0.215","0.026","0.0735","0.0005","0.0005","0.0005","0.0005","0.0005","0.0015","0.0015","0.0005","0.0015","0.0015","0.0015","0.0005","0.0005","0.0005","0.0015","0.0015","0.0055"
"12-15-2025 17:00","1765818007","0.635","0.0255","0.215","0.027","0.079","0.0005","0.0005","0.0005","0.0005","0.0005","0.0015","0.0015","0.0005","0.0015","0.0015","0.0015","0.0005","0.0005","0.0005","0.0015","0.0015","0.006"
"12-15-2025 18:00","1765821620","0.635","0.026","0.215","0.027","0.08","0.0005","0.0005","0.0005","0.0005","0.0005","0.0015","0.0015","0.0005","0.0015","0.0015","0.0015","0.0005","0.0005","0.0005","0.0015","0.0015","0.0065"
"12-15-2025 19:00","1765825205","0.625","0.026","0.215","0.027","0.08","0.0005","0.0005","0.0005","0.0005","0.0005","0.0015","0.0015","0.0005","0.0015","0.0015","0.0015","0.0005","0.0005","0.0005","0.0015","0.0015","0.005"
"12-15-2025 20:00","1765828805","0.635","0.026","0.21","0.027","0.083","0.0005","0.0005","0.0005","0.0005","0.0005","0.0015","0.0015","0.0005","0.0015","0.0015","0.0015","0.0005","0.0005","0.0005","0.0015","0.0015","0.0035"
"12-15-2025 21:00","1765832406","0.63","0.023","0.245","0.0245","0.075","0.0005","0.0005","0.0005","0.0005","0.0005","0.0015","0.0015","0.0005","0.0015","0.0015","0.0015","0.0005","0.0005","0.0005","0.0015","0.0015","0.0025"
"12-15-2025 22:00","1765836021","0.63","0.0235","0.245","0.024","0.0745","0.0005","0.0005","0.0005","0.0005","0.0005","0.0015","0.0015","0.0005","0.0015","0.0015","0.0015","0.0005","0.0005","0.0005","0.0015","0.0015","0.002"
"12-15-2025 23:00","1765839605","0.63","0.03","0.24","0.0235","0.0735","0.0005","0.0005","0.0005","0.0005","0.0005","0.0015","0.0015","0.0005","0.0015","0.0015","0.0015","0.0005","0.0005","0.0005","0.0015","0.0015","0.002"
"12-16-2025 00:00","1765843205","0.635","0.0305","0.225","0.0235","0.071","0.0005","0.0005","0.0005","0.0005","0.0005","0.0015","0.0015","0.0005","0.0015","0.0015","0.0015","0.0005","0.0005","0.0005","0.0015","0.0015","0.002"
"12-16-2025 01:00","1765846805","0.635","0.0315","0.22","0.0305","0.0725","0.0005","0.0005","0.0005","0.0005","0.0005","0.0015","0.0015","0.0005","0.0015","0.0015","0.0015","0.0005","0.0005","0.0005","0.0015","0.0025","0.003"
"12-16-2025 02:00","1765850405","0.635","0.0335","0.22","0.032","0.074","0.0005","0.0005","0.0005","0.0005","0.0005","0.0015","0.0015","0.0005","0.0015","0.0015","0.0015","0.0005","0.0005","0.0005","0.0015","0.002","0.002"
"12-16-2025 03:00","1765854006","0.635","0.0355","0.225","0.032","0.0755","0.0005","0.0005","0.0005","0.0005","0.0005","0.0015","0.0015","0.0005","0.0015","0.0015","0.0015","0.0005","0.0005","0.0005","0.0015","0.0025","0.003"
"12-16-2025 04:00","1765857606","0.635","0.037","0.215","0.031","0.0765","0.0005","0.0005","0.0005","0.0005","0.0005","0.0015","0.0015","0.0005","0.0015","0.0015","0.0015","0.0005","0.0005","0.0005","0.0015","0.0025","0.0025"
"12-16-2025 05:00","1765861205","0.63","0.036","0.215","0.031","0.077","0.0005","0.0005","0.0005","0.0005","0.0005","0.0015","0.0015","0.0005","0.0015","0.0015","0.0015","0.0005","0.0005","0.0005","0.0015","0.0025","0.0025"
"12-16-2025 06:00","1765864806","0.625","0.036","0.215","0.032","0.077","0.0005","0.0005","0.0005","0.0005","0.0005","0.0015","0.0015","0.0005","0.0015","0.0015","0.0015","0.0005","0.0005","0.0005","0.0015","0.0025","0.0025"
"12-16-2025 07:00","1765868412","0.645","0.0365","0.215","0.031","0.0755","0.0005","0.0005","0.0005","0.0005","0.0005","0.0015","0.0015","0.001","0.0015","0.0015","0.0015","0.0005","0.0005","0.0005","0.0015","0.0025","0.002"
"12-16-2025 08:00","1765872006","0.625","0.0365","0.22","0.032","0.0755","0.0005","0.0005","0.0005","0.0005","0.001","0.0015","0.0015","0.0005","0.0015","0.0015","0.0015","0.0005","0.0005","0.0005","0.0015","0.002","0.002"
"12-16-2025 09:00","1765875605","0.625","0.0365","0.22","0.0325","0.0765","0.0005","0.0005","0.0005","0.0005","0.0015","0.0015","0.0015","0.0005","0.0015","0.0015","0.0015","0.0005","0.0005","0.0005","0.0015","0.002","0.002"
"12-16-2025 10:00","1765879205","0.625","0.0365","0.22","0.0305","0.0755","0.0005","0.0005","0.0005","0.0005","0.0015","0.0015","0.0015","0.0005","0.0015","0.0015","0.0015","0.0005","0.0005","0.0005","0.0015","0.0035","0.0015"
"12-16-2025 11:00","1765882805","0.635","0.0355","0.22","0.031","0.076","0.0005","0.0005","0.0005","0.0005","0.0015","0.0005","0.0015","0.001","0.0015","0.0005","0.0005","0.0015","0.0015","0.0015","0.0015","0.003","0.0015"
"12-16-2025 12:00","1765886417","0.64","0.0355","0.22","0.029","0.0735","0.0005","0.0005","0.0005","0.0005","0.0015","0.0005","0.0015","0.0005","0.0015","0.0005","0.0005","0.0015","0.0015","0.0015","0.0015","0.0125","0.0015"
"12-16-2025 13:00","1765890005","0.64","0.0355","0.215","0.03","0.0725","0.0005","0.0005","0.0005","0.0005","0.0015","0.0005","0.0015","0.0005","0.0015","0.0005","0.0005","0.0015","0.0015","0.0015","0.0015","0.007","0.0015"
"12-16-2025 14:00","1765893620","0.625","0.0355","0.215","0.0305","0.076","0.0005","0.0005","0.0005","0.0005","0.0015","0.0005","0.0015","0.0005","0.0015","0.0005","0.0005","0.0015","0.0015","0.0015","0.0015","0.0065","0.0015"
"12-16-2025 15:00","1765897205","0.63","0.0355","0.215","0.031","0.0785","0.0005","0.0005","0.0005","0.0005","0.0015","0.0005","0.0015","0.0005","0.0015","0.0005","0.0005","0.0015","0.0015","0.0015","0.0015","0.008","0.0015"
"12-16-2025 16:00","1765900822","0.635","0.0355","0.215","0.032","0.078","0.0005","0.001","0.0005","0.0005","0.0015","0.0005","0.0015","0.0005","0.0015","0.0005","0.0005","0.0015","0.0015","0.0015","0.0015","0.004","0.0015"
"12-16-2025 17:00","1765904406","0.635","0.0355","0.215","0.033","0.08","0.0005","0.0005","0.0005","0.0005","0.0015","0.0005","0.0015","0.0005","0.0015","0.0005","0.0005","0.0015","0.0015","0.0015","0.0015","0.004","0.0015"
"12-16-2025 18:00","1765908007","0.63","0.036","0.215","0.0355","0.08","0.0005","0.0005","0.0005","0.0005","0.0015","0.0005","0.0015","0.0005","0.0015","0.0005","0.0005","0.0015","0.0015","0.0015","0.0015","0.0035","0.0015"
"12-16-2025 19:00","1765911606","0.63","0.036","0.215","0.0355","0.084","0.0005","0.0005","0.0005","0.0005","0.0015","0.0005","0.0015","0.0005","0.0015","0.0005","0.0005","0.0015","0.0015","0.0015","0.0015","0.0035","0.0015"
"12-16-2025 20:00","1765915207","0.635","0.036","0.215","0.034","0.0825","0.0005","0.0005","0.0005","0.0005","0.0015","0.0005","0.0015","0.0005","0.0015","0.0005","0.0005","0.0015","0.0015","0.0015","0.0015","0.002","0.0015"
"12-16-2025 21:00","1765918806","0.645","0.0365","0.205","0.0335","0.079","0.0005","0.0005","0.0005","0.0005","0.0015","0.0005","0.0015","0.0005","0.0015","0.0005","0.0005","0.0015","0.0015","0.0015","0.0015","0.0015","0.0015"
"12-16-2025 22:00","1765922406","0.645","0.0365","0.205","0.0335","0.077","0.0005","0.0005","0.0005","0.0005","0.001","0.0005","0.0015","0.0005","0.0015","0.0005","0.0005","0.0015","0.0015","0.0015","0.0015","0.0025","0.0015"
"12-16-2025 23:00","1765926007","0.645","0.0365","0.205","0.0335","0.0765","0.0005","0.0005","0.0005","0.0005","0.001","0.0005","0.0015","0.0005","0.0015","0.0005","0.001","0.0015","0.0015","0.0015","0.0015","0.0025","0.0015"
"12-17-2025 00:00","1765929602","0.645","0.0365","0.205","0.0335","0.0735","0.0005","0.0005","0.0005","0.0005","0.001","0.0005","0.0015","0.0005","0.0015","0.0005","0.001","0.0015","0.0015","0.0015","0.0015","0.0025","0.0015"
"12-17-2025 01:00","1765933206","0.645","0.0365","0.215","0.034","0.074","0.0005","0.0005","0.0005","0.0005","0.0005","0.0005","0.0015","0.0005","0.0015","0.0005","0.0005","0.0015","0.0015","0.0015","0.0005","0.002","0.0015"
"12-17-2025 02:00","1765936806","0.645","0.0365","0.215","0.034","0.067","0.0005","0.0005","0.0005","0.0005","0.0005","0.0005","0.0015","0.0005","0.0015","0.0005","0.0005","0.0015","0.0015","0.0015","0.0005","0.0045","0.0015"
"12-17-2025 03:00","1765940418","0.65","0.0365","0.21","0.034","0.0605","0.0005","0.0005","0.0005","0.0005","0.0005","0.0005","0.0015","0.0005","0.0015","0.0005","0.0005","0.0015","0.0015","0.0015","0.0005","0.003","0.0015"
"12-17-2025 04:00","1765944006","0.655","0.0365","0.205","0.037","0.068","0.0005","0.0005","0.0005","0.0005","0.0015","0.0005","0.0015","0.0005","0.0015","0.0015","0.0015","0.0005","0.0005","0.0005","0.0015","0.003","0.0015"
"12-17-2025 05:00","1765947606","0.655","0.036","0.205","0.038","0.0625","0.0005","0.0005","0.0005","0.0005","0.0015","0.0005","0.001","0.0005","0.0015","0.0015","0.0015","0.0005","0.0005","0.0005","0.0015","0.002","0.0015"
"12-17-2025 06:00","1765951206","0.645","0.0365","0.21","0.0375","0.0605","0.0005","0.0005","0.0005","0.0005","0.0015","0.0005","0.0005","0.0005","0.0015","0.0015","0.0015","0.0005","0.0005","0.0005","0.0015","0.002","0.0015"
"12-17-2025 07:00","1765954808","0.645","0.0365","0.205","0.038","0.072","0.0005","0.0005","0.0005","0.0005","0.0015","0.0005","0.0005","0.0005","0.0015","0.0015","0.0015","0.0005","0.0005","0.0005","0.0015","0.002","0.0015"
"12-17-2025 08:00","1765958418","0.635","0.037","0.215","0.041","0.071","0.0005","0.0005","0.0005","0.0005","0.0015","0.0005","0.0005","0.0005","0.0015","0.0015","0.0015","0.0005","0.0005","0.0005","0.0015","0.002","0.0015"
"12-17-2025 09:00","1765962007","0.635","0.039","0.215","0.0415","0.067","0.0005","0.0005","0.0005","0.0005","0.0015","0.0005","0.0005","0.0005","0.0015","0.0015","0.0015","0.0005","0.0015","0.003","0.0015","0.002","0.0015"
"12-17-2025 10:00","1765965608","0.635","0.0385","0.215","0.041","0.0675","0.0005","0.0005","0.0005","0.0005","0.0015","0.0005","0.0005","0.0005","0.0015","0.0015","0.0015","0.0005","0.0015","0.003","0.0015","0.0025","0.0015"
"12-17-2025 11:00","1765969206","0.635","0.039","0.215","0.04","0.068","0.0005","0.0005","0.0005","0.0005","0.0015","0.0005","0.0005","0.0005","0.0015","0.0015","0.0015","0.0005","0.0015","0.0015","0.0015","0.002","0.0015"
"12-17-2025 12:00","1765972807","0.635","0.0395","0.215","0.04","0.0665","0.0005","0.0005","0.0005","0.0005","0.0015","0.0005","0.0005","0.0005","0.0015","0.0015","0.0015","0.0005","0.0015","0.0015","0.0015","0.002","0.0015"
"12-17-2025 13:00","1765976406","0.645","0.0385","0.215","0.037","0.0645","0.0005","0.0005","0.0005","0.0005","0.0015","0.0005","0.0005","0.0005","0.0015","0.0015","0.0015","0.0005","0.0015","0.0015","0.0015","0.002","0.0015"
"12-17-2025 14:00","1765980006","0.645","0.0375","0.215","0.037","0.0645","0.0005","0.0005","0.0005","0.0005","0.0015","0.0005","0.0005","0.0005","0.0015","0.0015","0.0015","0.0005","0.0005","0.0015","0.0015","0.002","0.0015"
"12-17-2025 15:00","1765983607","0.645","0.0375","0.215","0.0375","0.066","0.0005","0.0005","0.0005","0.0005","0.0015","0.0005","0.0005","0.0005","0.0005","0.0015","0.0015","0.0005","0.0005","0.0015","0.0015","0.002","0.0015"
"12-17-2025 16:00","1765987207","0.625","0.0395","0.225","0.0375","0.064","0.0005","0.0005","0.0005","0.0005","0.0015","0.0015","0.0005","0.0005","0.0005","0.0005","0.0005","0.0005","0.0005","0.0015","0.0005","0.002","0.0015"
"12-17-2025 17:00","1765990806","0.625","0.0395","0.225","0.0395","0.0655","0.0005","0.0005","0.0005","0.0005","0.0015","0.0015","0.0005","0.0005","0.0005","0.0005","0.0005","0.0005","0.0005","0.0015","0.0005","0.002","0.0015"
"12-17-2025 18:00","1765994406","0.63","0.039","0.225","0.041","0.0655","0.0005","0.0005","0.0005","0.0005","0.0015","0.0015","0.0005","0.0005","0.0005","0.0005","0.0005","0.0005","0.0005","0.0015","0.0005","0.002","0.0015"
"12-17-2025 19:00","1765998008","0.625","0.0415","0.225","0.0435","0.0655","0.0005","0.0005","0.0005","0.0005","0.0015","0.001","0.0005","0.0005","0.0005","0.0005","0.0005","0.0005","0.0005","0.0015","0.0005","0.002","0.0015"
"12-17-2025 20:00","1766001606","0.625","0.0415","0.225","0.0435","0.0655","0.0005","0.0005","0.0005","0.0005","0.0015","0.001","0.0005","0.0005","0.0005","0.0005","0.0005","0.0005","0.0005","0.0015","0.0005","0.002","0.0015"
"12-17-2025 21:00","1766005206","0.63","0.0415","0.225","0.0435","0.0635","0.0005","0.0005","0.0005","0.0005","0.0015","0.001","0.0005","0.0005","0.0005","0.0005","0.0005","0.0005","0.0005","0.0015","0.0005","0.003","0.0015"
"12-17-2025 22:00","1766008806","0.63","0.0415","0.225","0.0445","0.0645","0.0005","0.0005","0.0005","0.0005","0.0015","0.001","0.0005","0.0005","0.0005","0.0005","0.0005","0.0005","0.0005","0.0015","0.0005","0.0035","0.0015"
"12-17-2025 23:00","1766012406","0.635","0.0415","0.215","0.051","0.0625","0.0005","0.0005","0.0005","0.0005","0.0015","0.0005","0.0005","0.0005","0.0005","0.0005","0.0005","0.0005","0.0005","0.0015","0.0005","0.002","0.0015"
"12-18-2025 00:00","1766016017","0.635","0.0415","0.215","0.0515","0.0625","0.0005","0.0005","0.0005","0.0005","0.0015","0.0005","0.0005","0.0005","0.0005","0.0005","0.0005","0.0005","0.0005","0.0015","0.0005","0.002","0.0015"
"12-18-2025 01:00","1766019607","0.635","0.0415","0.215","0.05","0.0655","0.0005","0.0005","0.0005","0.0005","0.0015","0.0005","0.0005","0.0005","0.0005","0.0005","0.0005","0.0005","0.0005","0.0015","0.0005","0.002","0.0015"
"12-18-2025 02:00","1766023207","0.635","0.0415","0.215","0.0505","0.0645","0.0005","0.0005","0.0005","0.0005","0.0015","0.0005","0.0005","0.0005","0.0005","0.0005","0.0005","0.0005","0.0005","0.0015","0.0015","0.0015","0.0015"
"12-18-2025 03:00","1766026806","0.63","0.0415","0.215","0.0505","0.063","0.0005","0.0005","0.0005","0.0005","0.0015","0.0005","0.0005","0.0005","0.0005","0.0005","0.0005","0.0005","0.0005","0.0015","0.0015","0.0015","0.0015"
"12-18-2025 04:00","1766030406","0.63","0.0415","0.215","0.051","0.0635","0.0005","0.0005","0.0005","0.0005","0.0015","0.0005","0.0005","0.0005","0.0005","0.0005","0.0005","0.0005","0.0005","0.0015","0.0015","0.0015","0.0015"
"12-18-2025 05:00","1766034006","0.63","0.043","0.215","0.051","0.063","0.0005","0.0005","0.0005","0.0005","0.0015","0.0005","0.0005","0.0005","0.0005","0.0005","0.0005","0.0005","0.0005","0.0015","0.0015","0.0015","0.0015"
"12-18-2025 06:00","1766037606","0.63","0.043","0.215","0.051","0.063","0.0005","0.0005","0.0005","0.0005","0.0015","0.0005","0.0005","0.0005","0.0005","0.0005","0.0005","0.0005","0.0005","0.0015","0.0015","0.0015","0.0015"
"12-18-2025 07:00","1766041207","0.63","0.043","0.215","0.0525","0.065","0.0005","0.0005","0.0005","0.0005","0.0015","0.0005","0.0005","0.0005","0.0005","0.0005","0.0005","0.0005","0.0005","0.0015","0.0015","0.0015","0.0015"
"12-18-2025 08:00","1766044806","0.625","0.042","0.215","0.0525","0.064","0.0005","0.0005","0.0005","0.0005","0.0015","0.0005","0.0005","0.0005","0.0005","0.0005","0.0005","0.0005","0.0005","0.0015","0.0015","0.0015","0.0015"
"12-18-2025 09:00","1766048406","0.63","0.043","0.215","0.0525","0.064","0.0005","0.0005","0.0005","0.0005","0.0015","0.0005","0.0005","0.0005","0.0005","0.0005","0.0005","0.0005","0.0005","0.0015","0.0015","0.0015","0.0015"
"12-18-2025 10:00","1766052007","0.63","0.042","0.215","0.0465","0.064","0.0005","0.0005","0.0005","0.0005","0.0005","0.0005","0.0005","0.0005","0.0005","0.0005","0.0005","0.0005","0.0005","0.0015","0.0015","0.0015","0.0015"
"12-18-2025 11:00","1766055607","0.605","0.0425","0.22","0.046","0.067","0.0005","0.0005","0.0005","0.0005","0.0005","0.0005","0.0005","0.0005","0.0005","0.0005","0.0005","0.0005","0.0005","0.0015","0.0015","0.0015","0.0015"
"12-18-2025 12:00","1766059207","0.62","0.0425","0.22","0.046","0.067","0.0005","0.0005","0.0005","0.0005","0.0005","0.0005","0.0005","0.0005","0.0005","0.0005","0.0005","0.0005","0.0005","0.0015","0.0005","0.0015","0.0015"
"12-18-2025 13:00","1766062807","0.62","0.045","0.22","0.0465","0.069","0.0005","0.0005","0.0005","0.0005","0.0005","0.0005","0.0005","0.0005","0.0005","0.0005","0.0005","0.0005","0.0005","0.0015","0.0005","0.0015","0.0015"
"12-18-2025 14:00","1766066421","0.62","0.045","0.22","0.0465","0.071","0.0005","0.0005","0.0005","0.0005","0.0005","0.0005","0.0005","0.0005","0.0005","0.0005","0.0005","0.0005","0.0005","0.0015","0.0005","0.0015","0.0015"
"12-18-2025 15:00","1766070006","0.615","0.048","0.22","0.0465","0.0675","0.0005","0.0005","0.0005","0.0005","0.0005","0.0005","0.0005","0.0005","0.0005","0.0005","0.0005","0.0005","0.0005","0.0015","0.0005","0.0015","0.0015"
"12-18-2025 16:00","1766073606","0.62","0.0485","0.22","0.0465","0.0635","0.0005","0.0005","0.0005","0.0005","0.0005","0.0005","0.0005","0.0005","0.0005","0.0005","0.0005","0.0005","0.0005","0.0015","0.0005","0.0015","0.0015"
"12-18-2025 17:00","1766077207","0.605","0.046","0.235","0.0435","0.063","0.0005","0.0005","0.0005","0.0005","0.0005","0.0005","0.0005","0.0005","0.0005","0.0005","0.0005","0.0005","0.0005","0.0015","0.0005","0.003","0.0015"
"12-18-2025 18:00","1766080808","0.615","0.046","0.235","0.0435","0.0625","0.0005","0.0005","0.0005","0.0005","0.0005","0.0005","0.0005","0.0005","0.0005","0.0005","0.0005","0.0005","0.0005","0.0015","0.0005","0.002","0.0015"
"12-18-2025 19:00","1766084411","0.615","0.0435","0.215","0.046","0.063","0.0005","0.0005","0.0005","0.0005","0.0005","0.0005","0.0005","0.0005","0.0005","0.0005","0.0005","0.0005","0.0005","0.0015","0.0005","0.002","0.0015"
"12-18-2025 20:00","1766088008","0.615","0.0435","0.21","0.054","0.0635","0.0005","0.0005","0.0005","0.0005","0.0005","0.0005","0.0005","0.0005","0.0005","0.0005","0.0005","0.0005","0.0005","0.0015","0.0005","0.0025","0.0015"
"12-18-2025 21:00","1766091607","0.625","0.0435","0.215","0.052","0.063","0.0005","0.0005","0.0005","0.0005","0.0005","0.0005","0.0005","0.0005","0.0005","0.0005","0.0005","0.0005","0.0005","0.0015","0.0005","0.0025","0.0015"
"12-18-2025 22:00","1766095209","0.62","0.0435","0.215","0.0485","0.063","0.0005","0.0005","0.0005","0.0005","0.0005","0.0005","0.0005","0.0005","0.0005","0.0005","0.0005","0.0005","0.0005","0.0015","0.0005","0.0025","0.0015"
"12-18-2025 23:00","1766098807","0.64","0.0455","0.21","0.049","0.062","0.0005","0.0005","0.0005","0.0005","0.0005","0.0005","0.0005","0.0005","0.0005","0.0005","0.0005","0.0005","0.0005","0.0015","0.0005","0.0025","0.0015"
"12-19-2025 00:00","1766102407","0.625","0.044","0.205","0.049","0.067","0.0005","0.0005","0.0005","0.0005","0.0005","0.0005","0.0005","0.0005","0.0005","0.0005","0.0005","0.0005","0.0005","0.0015","0.0005","0.0015","0.0015"
"12-19-2025 01:00","1766106007","0.615","0.0445","0.205","0.049","0.065","0.0005","0.0005","0.0005","0.0005","0.0005","0.0005","0.0005","0.0005","0.0005","0.0005","0.0005","0.0005","0.0005","0.0015","0.0005","0.0015","0.0015"
"12-19-2025 02:00","1766109607","0.64","0.044","0.205","0.049","0.0655","0.0015","0.0005","0.0005","0.0005","0.0005","0.001","0.0005","0.0005","0.0005","0.0005","0.0005","0.0005","0.001","0.0015","0.0005","0.0015","0.0015"
"12-19-2025 03:00","1766113207","0.635","0.0445","0.205","0.0525","0.065","0.0005","0.0005","0.0005","0.0005","0.0005","0.0005","0.0005","0.0005","0.0005","0.0005","0.0005","0.0005","0.0005","0.0015","0.0005","0.0015","0.0015"
"12-19-2025 04:00","1766116808","0.65","0.044","0.195","0.052","0.0655","0.0005","0.0005","0.0005","0.0005","0.0005","0.0005","0.0005","0.0005","0.0005","0.0005","0.0005","0.0005","0.0005","0.0015","0.0005","0.002","0.0015"
"12-19-2025 05:00","1766120408","0.65","0.043","0.2","0.0525","0.065","0.0005","0.0005","0.0005","0.0005","0.0005","0.0005","0.0005","0.0005","0.0005","0.0005","0.0005","0.0005","0.0005","0.0015","0.0005","0.002","0.0015"
"12-19-2025 06:00","1766124007","0.65","0.0425","0.2","0.052","0.065","0.0005","0.0005","0.0005","0.0005","0.0005","0.0005","0.0005","0.0005","0.0005","0.0005","0.0005","0.0005","0.0005","0.0015","0.0005","0.0015","0.0015"
"12-19-2025 07:00","1766127608","0.65","0.042","0.2","0.0495","0.065","0.0005","0.0005","0.0005","0.0005","0.0005","0.0005","0.0005","0.0005","0.0005","0.0005","0.0005","0.0005","0.0005","0.0015","0.0005","0.001","0.001"
"12-19-2025 08:00","1766131208","0.65","0.042","0.185","0.05","0.065","0.0005","0.0005","0.0005","0.0005","0.0005","0.0005","0.0005","0.0005","0.0005","0.0005","0.0005","0.0005","0.0005","0.0015","0.0005","0.001","0.001"
"12-19-2025 09:00","1766134808","0.65","0.042","0.185","0.0505","0.0655","0.0005","0.0005","0.0005","0.0005","0.0005","0.0005","0.0005","0.0005","0.0005","0.0005","0.0005","0.0005","0.0005","0.0015","0.0005","0.001","0.001"
"12-19-2025 10:00","1766138407","0.65","0.0415","0.195","0.05","0.0655","0.0005","0.0005","0.0005","0.0005","0.0005","0.0005","0.0005","0.0005","0.0005","0.001","0.0005","0.0005","0.0005","0.0015","0.0005","0.001","0.001"
"12-19-2025 11:00","1766142007","0.655","0.042","0.195","0.0515","0.0655","0.0005","0.0005","0.0005","0.0005","0.0005","0.0005","0.0005","0.0005","0.0005","0.0005","0.0005","0.0005","0.0005","0.0015","0.0005","0.001","0.001"
"12-19-2025 12:00","1766145608","0.655","0.044","0.165","0.0535","0.0655","0.0005","0.0005","0.0005","0.0005","0.0005","0.0005","0.0005","0.0005","0.0005","0.001","0.0005","0.0005","0.0005","0.0015","0.0005","0.001","0.001"
"12-19-2025 13:00","1766149208","0.66","0.044","0.155","0.048","0.067","0.0005","0.0005","0.0005","0.0005","0.0005","0.0005","0.0005","0.0005","0.0005","0.0005","0.0005","0.0005","0.0005","0.0015","0.0005","0.001","0.001"
"12-19-2025 14:00","1766152808","0.715","0.0385","0.145","0.0465","0.0655","0.0005","0.0005","0.0005","0.0005","0.0005","0.0005","0.0005","0.0005","0.0005","0.0005","0.0005","0.0005","0.0005","0.0015","0.0005","0.0005","0.0005"
"12-19-2025 15:00","1766156422","0.705","0.038","0.145","0.047","0.0655","0.0005","0.0005","0.0005","0.0005","0.0005","0.0005","0.0005","0.0005","0.0005","0.0015","0.0005","0.0005","0.0005","0.0025","0.0005","0.0015","0.0005"
"12-19-2025 16:00","1766160023","0.645","0.0375","0.15","0.047","0.0665","0.0005","0.0005","0.0005","0.0005","0.0005","0.0005","0.0005","0.0005","0.0005","0.0015","0.0005","0.0005","0.0005","0.002","0.0005","0.0015","0.0005"
"12-19-2025 17:00","1766163608","0.655","0.0375","0.155","0.048","0.0665","0.0005","0.001","0.0005","0.0005","0.0005","0.0005","0.0005","0.0005","0.0005","0.0015","0.0005","0.0005","0.0005","0.002","0.0005","0.0015","0.0005"
"12-19-2025 18:00","1766167206","0.655","0.0375","0.155","0.047","0.0655","0.0005","0.001","0.0005","0.0005","0.0005","0.0005","0.0005","0.0005","0.0005","0.0015","0.0005","0.0005","0.0005","0.002","0.0005","0.0015","0.0005"
"12-19-2025 19:00","1766170806","0.655","0.0375","0.15","0.053","0.065","0.0005","0.001","0.0005","0.0005","0.0005","0.0005","0.0005","0.0005","0.0005","0.0015","0.0005","0.0005","0.0005","0.002","0.0005","0.0015","0.0005"
"12-19-2025 20:00","1766174406","0.645","0.037","0.145","0.0845","0.065","0.0005","0.001","0.0005","0.0005","0.0005","0.0005","0.0005","0.0005","0.0005","0.0015","0.0005","0.0005","0.0005","0.0015","0.0005","0.0015","0.0005"
"12-19-2025 21:00","1766178006","0.635","0.0365","0.155","0.0975","0.066","0.0005","0.0005","0.0005","0.0005","0.0005","0.0005","0.0005","0.0005","0.0005","0.0015","0.0005","0.0005","0.0005","0.0015","0.0005","0.0015","0.0005"
"12-19-2025 22:00","1766181606","0.635","0.038","0.145","0.06","0.0675","0.0005","0.0005","0.0005","0.0005","0.0005","0.0005","0.0005","0.0005","0.0005","0.0015","0.0005","0.0005","0.0005","0.0015","0.0005","0.0015","0.0005"
"12-19-2025 23:00","1766185206","0.65","0.038","0.165","0.064","0.067","0.0005","0.0005","0.0005","0.0005","0.0005","0.0005","0.0005","0.0005","0.0005","0.0015","0.0005","0.0005","0.0005","0.0015","0.0005","0.0015","0.0005"
"12-20-2025 00:00","1766188807","0.65","0.038","0.165","0.0665","0.066","0.0005","0.0015","0.0015","0.001","0.0015","0.001","0.0005","0.0005","0.0005","0.0015","0.0005","0.0005","0.001","0.0015","0.001","0.0015","0.001"
"12-20-2025 01:00","1766192408","0.65","0.038","0.17","0.0655","0.066","0.0005","0.0015","0.0015","0.001","0.0015","0.001","0.0005","0.0005","0.0005","0.0015","0.0005","0.0005","0.001","0.0015","0.001","0.0015","0.001"
"12-20-2025 02:00","1766196006","0.65","0.037","0.17","0.067","0.066","0.0005","0.0015","0.0015","0.001","0.0015","0.001","0.0005","0.0005","0.0005","0.0015","0.0005","0.0005","0.0015","0.0015","0.001","0.0015","0.001"
"12-20-2025 03:00","1766199617","0.65","0.038","0.17","0.0675","0.069","0.0015","0.0015","0.0015","0.001","0.0015","0.001","0.0005","0.0005","0.0005","0.0005","0.0005","0.0005","0.0015","0.0015","0.0015","0.0015","0.0015"
"12-20-2025 04:00","1766203207","0.65","0.038","0.17","0.0675","0.0695","0.0015","0.0015","0.0015","0.001","0.0015","0.001","0.0005","0.0005","0.0005","0.0005","0.0005","0.0005","0.0015","0.0015","0.0015","0.0015","0.0015"
"12-20-2025 05:00","1766206807","0.65","0.038","0.17","0.068","0.07","0.0015","0.0015","0.0015","0.001","0.0015","0.001","0.0005","0.0005","0.0005","0.0005","0.0005","0.0005","0.0015","0.0015","0.0015","0.0015","0.0015"
"12-20-2025 06:00","1766210406","0.65","0.038","0.17","0.068","0.07","0.0015","0.0015","0.0015","0.001","0.0015","0.001","0.0005","0.0005","0.0005","0.0005","0.0005","0.0005","0.0015","0.0015","0.0015","0.0015","0.0015"
"12-20-2025 07:00","1766214007","0.65","0.038","0.17","0.069","0.0695","0.0015","0.0015","0.0015","0.001","0.0015","0.0015","0.0005","0.0005","0.0005","0.0005","0.0005","0.0005","0.0015","0.0015","0.0015","0.0015","0.0015"
"12-20-2025 08:00","1766217607","0.65","0.0375","0.17","0.0715","0.0695","0.0015","0.0015","0.0015","0.001","0.0015","0.0015","0.0005","0.0005","0.0005","0.0005","0.0005","0.0005","0.0015","0.0015","0.0015","0.0015","0.0015"
"12-20-2025 09:00","1766221206","0.675","0.037","0.155","0.07","0.0635","0.0015","0.0015","0.0015","0.001","0.0015","0.0015","0.0005","0.0005","0.0005","0.0005","0.0005","0.0005","0.0015","0.0015","0.0015","0.0015","0.0015"
"12-20-2025 10:00","1766224806","0.675","0.037","0.155","0.0675","0.063","0.0015","0.0015","0.0015","0.0005","0.0015","0.0015","0.0005","0.0005","0.0005","0.0005","0.0005","0.0005","0.0015","0.0015","0.0015","0.0015","0.0015"
"12-20-2025 11:00","1766228407","0.685","0.0385","0.145","0.066","0.063","0.0015","0.001","0.0015","0.0005","0.0015","0.0015","0.0005","0.0005","0.0005","0.0005","0.0005","0.0005","0.0015","0.0015","0.0015","0.0015","0.0015"
"12-20-2025 12:00","1766232006","0.685","0.0395","0.15","0.0665","0.062","0.0015","0.0005","0.0015","0.0005","0.0015","0.0015","0.0005","0.0005","0.0005","0.0005","0.0005","0.0005","0.0015","0.0015","0.0015","0.0015","0.0015"
"12-20-2025 13:00","1766235606","0.69","0.037","0.145","0.068","0.0615","0.0015","0.0005","0.0015","0.0005","0.0015","0.0015","0.0005","0.0005","0.0005","0.0005","0.0005","0.0005","0.0015","0.0015","0.0015","0.0015","0.0015"
"12-20-2025 14:00","1766239207","0.695","0.036","0.145","0.066","0.062","0.0015","0.0005","0.0015","0.0005","0.001","0.0015","0.0005","0.0005","0.0005","0.0005","0.0005","0.0005","0.0015","0.0015","0.0015","0.0015","0.0015"
"12-20-2025 15:00","1766242807","0.685","0.036","0.145","0.07","0.0615","0.0015","0.0005","0.0015","0.0005","0.0005","0.0015","0.0005","0.0005","0.0005","0.0005","0.0005","0.0005","0.0015","0.0005","0.0015","0.0015","0.0015"
"12-20-2025 16:00","1766246408","0.675","0.036","0.145","0.078","0.0625","0.0005","0.001","0.0015","0.0005","0.001","0.0005","0.0005","0.0005","0.0015","0.001","0.0015","0.0005","0.0005","0.0005","0.0005","0.0005","0.0015"
"12-20-2025 17:00","1766250007","0.655","0.0365","0.145","0.086","0.0625","0.0005","0.001","0.0015","0.0005","0.001","0.0005","0.0005","0.0005","0.0015","0.001","0.0015","0.0005","0.0005","0.0005","0.0005","0.0005","0.0015"
"12-20-2025 18:00","1766253606","0.655","0.0375","0.145","0.086","0.0635","0.0005","0.001","0.0015","0.0005","0.001","0.0005","0.0005","0.0005","0.0015","0.001","0.0015","0.0005","0.0005","0.0005","0.0005","0.0005","0.0015"
"12-20-2025 19:00","1766257208","0.665","0.0375","0.145","0.0885","0.063","0.0005","0.001","0.0015","0.0005","0.001","0.0005","0.0005","0.0005","0.0015","0.001","0.0015","0.0005","0.0005","0.0005","0.0005","0.0005","0.0015"
"12-20-2025 20:00","1766260808","0.655","0.037","0.145","0.0835","0.063","0.0005","0.001","0.0015","0.0005","0.001","0.0005","0.0005","0.0005","0.0015","0.001","0.0015","0.0005","0.0005","0.0005","0.0005","0.0005","0.0015"
"12-20-2025 21:00","1766264407","0.655","0.039","0.145","0.0745","0.057","0.0005","0.001","0.0015","0.0005","0.001","0.0005","0.0005","0.0005","0.0015","0.001","0.0015","0.0005","0.0005","0.0005","0.0005","0.0005","0.0015"
"12-20-2025 22:00","1766268008","0.655","0.039","0.15","0.078","0.0585","0.0005","0.001","0.0015","0.0005","0.001","0.0005","0.0005","0.0005","0.0015","0.001","0.0015","0.0005","0.0005","0.0005","0.0005","0.0005","0.0015"
"12-20-2025 23:00","1766271609","0.665","0.039","0.15","0.0765","0.0585","0.0005","0.001","0.0015","0.0005","0.001","0.0005","0.0005","0.0005","0.0015","0.001","0.0015","0.0005","0.0005","0.0005","0.0005","0.0005","0.0015"
"12-21-2025 00:00","1766275207","0.665","0.039","0.15","0.0765","0.0565","0.0005","0.001","0.0015","0.0005","0.001","0.0005","0.0005","0.0005","0.0015","0.001","0.0015","0.0005","0.0005","0.0005","0.0005","0.0005","0.0015"
"12-21-2025 01:00","1766278806","0.665","0.0375","0.145","0.0765","0.0605","0.0005","0.001","0.0015","0.0005","0.001","0.0005","0.0005","0.0005","0.0015","0.001","0.0015","0.0005","0.0005","0.0005","0.0005","0.0005","0.0015"
"12-21-2025 02:00","1766282406","0.665","0.0365","0.145","0.0765","0.06","0.0005","0.001","0.0015","0.0005","0.001","0.0005","0.0005","0.0005","0.0015","0.001","0.0015","0.0005","0.0005","0.0005","0.0005","0.0005","0.0015"
"12-21-2025 03:00","1766286006","0.66","0.0365","0.145","0.076","0.0595","0.0005","0.001","0.0015","0.0005","0.001","0.0005","0.0005","0.0005","0.0015","0.001","0.0015","0.0005","0.0005","0.0005","0.0005","0.0005","0.0015"
"12-21-2025 04:00","1766289606","0.665","0.0365","0.145","0.076","0.0595","0.0005","0.001","0.0015","0.0005","0.001","0.0005","0.0005","0.0005","0.0015","0.001","0.0015","0.0005","0.0005","0.0005","0.0005","0.0005","0.0015"
"12-21-2025 05:00","1766293206","0.665","0.0375","0.145","0.076","0.0575","0.0005","0.001","0.0015","0.0005","0.001","0.0005","0.0005","0.0005","0.0005","0.0005","0.0005","0.0005","0.0005","0.0005","0.0005","0.0005","0.0015"
"12-21-2025 06:00","1766296807","0.665","0.0365","0.15","0.076","0.0565","0.0005","0.001","0.0015","0.0005","0.001","0.0005","0.0005","0.0005","0.0005","0.0005","0.0005","0.0005","0.0005","0.0005","0.0005","0.0005","0.0015"
"12-21-2025 07:00","1766300405","0.665","0.036","0.15","0.076","0.0565","0.0005","0.001","0.0015","0.0005","0.001","0.0005","0.0005","0.0005","0.0005","0.0005","0.0005","0.0005","0.0005","0.0005","0.0005","0.0005","0.0015"
"12-21-2025 08:00","1766304006","0.665","0.036","0.15","0.076","0.0575","0.0005","0.001","0.0015","0.0005","0.001","0.0005","0.0005","0.0005","0.0005","0.0005","0.0005","0.0005","0.0005","0.0005","0.0005","0.0005","0.0015"
"12-21-2025 09:00","1766307606","0.665","0.036","0.15","0.0755","0.0575","0.0005","0.001","0.0015","0.0005","0.001","0.0005","0.0005","0.0005","0.0005","0.0005","0.0005","0.0005","0.0005","0.0005","0.0005","0.0005","0.0015"
"12-21-2025 10:00","1766311206","0.665","0.036","0.175","0.0755","0.0565","0.0005","0.001","0.0015","0.0005","0.0015","0.0005","0.0005","0.0005","0.0005","0.0005","0.0005","0.0005","0.0005","0.0005","0.0005","0.0005","0.0015"
"12-21-2025 11:00","1766314806","0.675","0.0365","0.165","0.076","0.0545","0.0005","0.001","0.0015","0.0005","0.0015","0.0005","0.0005","0.0005","0.0005","0.0005","0.0005","0.0005","0.0005","0.0005","0.0005","0.0005","0.0015"
"12-21-2025 12:00","1766318406","0.675","0.038","0.165","0.075","0.0525","0.0005","0.0015","0.0015","0.0005","0.0015","0.0005","0.0005","0.0005","0.0005","0.0005","0.0005","0.0005","0.0005","0.001","0.0005","0.0005","0.001"
"12-21-2025 13:00","1766322007","0.685","0.0375","0.165","0.069","0.052","0.0005","0.0015","0.001","0.0005","0.001","0.0005","0.0005","0.0005","0.0005","0.0005","0.0005","0.0005","0.0005","0.001","0.0005","0.0005","0.001"
"12-21-2025 14:00","1766325606","0.685","0.037","0.165","0.067","0.053","0.0005","0.001","0.001","0.0005","0.0005","0.0005","0.0005","0.0005","0.0005","0.0005","0.0005","0.0005","0.0005","0.0015","0.0005","0.0005","0.001"
"12-21-2025 15:00","1766329207","0.685","0.037","0.16","0.067","0.054","0.0005","0.001","0.001","0.0005","0.0005","0.0005","0.0005","0.0005","0.0005","0.0005","0.0005","0.0005","0.0005","0.0015","0.0005","0.0005","0.001"
"12-21-2025 16:00","1766332806","0.695","0.0365","0.155","0.0695","0.0545","0.0005","0.001","0.001","0.0005","0.0005","0.0005","0.0005","0.0005","0.001","0.0005","0.0005","0.0005","0.0005","0.001","0.0005","0.0005","0.001"
"12-21-2025 17:00","1766336407","0.685","0.0365","0.155","0.069","0.0545","0.0005","0.001","0.001","0.0005","0.0005","0.0005","0.0005","0.0005","0.001","0.0005","0.0005","0.0005","0.0005","0.001","0.0005","0.0005","0.001"
"12-21-2025 18:00","1766340006","0.69","0.0365","0.155","0.069","0.0555","0.0005","0.001","0.001","0.0005","0.0005","0.0005","0.0005","0.0005","0.001","0.0005","0.0005","0.0005","0.0005","0.001","0.0005","0.0005","0.001"
"12-21-2025 19:00","1766343606","0.695","0.0365","0.155","0.0715","0.054","0.0005","0.001","0.0005","0.0005","0.0005","0.0005","0.0005","0.0005","0.001","0.0005","0.0005","0.0005","0.0005","0.001","0.0005","0.0005","0.0005"
"12-21-2025 20:00","1766347209","0.685","0.036","0.155","0.072","0.0555","0.0005","0.0005","0.0005","0.0005","0.0005","0.0005","0.0005","0.0005","0.0005","0.0005","0.0005","0.0005","0.0005","0.0005","0.0005","0.0005","0.0005"
"12-21-2025 21:00","1766350806","0.69","0.036","0.16","0.0715","0.0555","0.0005","0.0005","0.0005","0.0005","0.0005","0.0005","0.0005","0.0005","0.0005","0.0005","0.0005","0.0005","0.0005","0.0005","0.0005","0.0005","0.0005"
"12-21-2025 22:00","1766354406","0.685","0.0365","0.165","0.0685","0.0555","0.0005","0.0005","0.0005","0.0005","0.0005","0.0005","0.0005","0.0005","0.0005","0.0005","0.0005","0.0005","0.0005","0.0005","0.0005","0.0005","0.0005"
"12-21-2025 23:00","1766358006","0.69","0.0355","0.16","0.068","0.0575","0.0005","0.0005","0.0005","0.0005","0.0005","0.0005","0.0005","0.0005","0.0005","0.0005","0.0005","0.0005","0.0005","0.0005","0.0005","0.0005","0.0005"
"12-22-2025 00:00","1766361606","0.69","0.0355","0.16","0.068","0.0555","0.001","0.0005","0.0005","0.0005","0.0005","0.0005","0.0005","0.0005","0.0005","0.0005","0.0005","0.0005","0.0005","0.0005","0.0005","0.0005","0.001"
"12-22-2025 01:00","1766365207","0.685","0.036","0.16","0.066","0.0555","0.0015","0.0015","0.0015","0.0005","0.001","0.001","0.0005","0.0005","0.0015","0.0015","0.001","0.0005","0.0005","0.0005","0.0005","0.001","0.001"
"12-22-2025 02:00","1766368806","0.69","0.037","0.16","0.0665","0.0555","0.0015","0.0015","0.001","0.0005","0.001","0.001","0.0005","0.0005","0.0015","0.0015","0.0005","0.0005","0.0005","0.0015","0.0005","0.001","0.001"
"12-22-2025 03:00","1766372406","0.69","0.037","0.16","0.0665","0.0545","0.0015","0.0015","0.0015","0.0005","0.001","0.001","0.0005","0.0005","0.0015","0.0015","0.0005","0.0005","0.001","0.0005","0.001","0.001","0.001"
"12-22-2025 04:00","1766376005","0.69","0.037","0.155","0.0655","0.0525","0.0015","0.0015","0.0015","0.0005","0.001","0.001","0.0005","0.0005","0.0015","0.0015","0.0005","0.0005","0.0005","0.0005","0.0005","0.001","0.0015"
"12-22-2025 05:00","1766379605","0.695","0.036","0.155","0.065","0.0525","0.0015","0.0015","0.0015","0.001","0.001","0.001","0.0005","0.0005","0.0015","0.0015","0.0005","0.0005","0.0005","0.0015","0.0005","0.001","0.0015"
"12-22-2025 06:00","1766383205","0.695","0.036","0.155","0.0645","0.052","0.0005","0.0015","0.0015","0.001","0.001","0.001","0.0005","0.0005","0.001","0.0015","0.0005","0.0005","0.001","0.0015","0.0005","0.001","0.0015"
"12-22-2025 07:00","1766386806","0.7","0.036","0.155","0.0645","0.05","0.0005","0.0015","0.0015","0.0005","0.0005","0.0005","0.0005","0.0005","0.001","0.0015","0.0005","0.0005","0.0005","0.001","0.0005","0.001","0.0015"
"12-22-2025 08:00","1766390419","0.7","0.0355","0.155","0.0645","0.0505","0.001","0.0005","0.001","0.0005","0.001","0.0005","0.0005","0.0005","0.001","0.001","0.0005","0.0005","0.0005","0.0005","0.0005","0.001","0.001"
"12-22-2025 09:00","1766394019","0.695","0.036","0.155","0.065","0.051","0.001","0.0015","0.0015","0.0005","0.0005","0.0005","0.0005","0.0005","0.0015","0.0015","0.0005","0.0005","0.0005","0.0015","0.0005","0.0005","0.0015"
"12-22-2025 10:00","1766397606","0.695","0.0345","0.155","0.0655","0.0505","0.0005","0.0005","0.0015","0.0005","0.0005","0.0005","0.0005","0.0005","0.001","0.0015","0.0005","0.0005","0.0005","0.0005","0.0005","0.0005","0.0005"
"12-22-2025 11:00","1766401206","0.695","0.035","0.155","0.0665","0.051","0.0015","0.001","0.0015","0.0005","0.0005","0.0005","0.0005","0.0005","0.0015","0.0015","0.0005","0.0005","0.0005","0.0005","0.0005","0.0005","0.0005"
"12-22-2025 12:00","1766404806","0.695","0.035","0.155","0.0665","0.0555","0.0015","0.0005","0.0015","0.0005","0.0005","0.0005","0.0005","0.0005","0.0015","0.0015","0.0005","0.0005","0.0005","0.0005","0.0005","0.0005","0.001"
"12-22-2025 13:00","1766408405","0.695","0.035","0.155","0.066","0.0535","0.0015","0.0015","0.0015","0.0005","0.0005","0.0005","0.0005","0.0005","0.0015","0.0015","0.0005","0.0005","0.0005","0.0015","0.0005","0.0005","0.0005"
"12-22-2025 14:00","1766412006","0.695","0.0385","0.155","0.065","0.054","0.0015","0.0005","0.0015","0.0005","0.0005","0.0005","0.0005","0.0005","0.0015","0.0005","0.0005","0.0005","0.0005","0.0015","0.0005","0.0005","0.0005"
"12-22-2025 15:00","1766415606","0.685","0.0405","0.155","0.0645","0.0555","0.001","0.001","0.001","0.0005","0.0005","0.0005","0.0005","0.0005","0.001","0.0005","0.0005","0.0005","0.0005","0.001","0.0005","0.0005","0.0005"
"12-22-2025 16:00","1766419205","0.685","0.051","0.145","0.0645","0.064","0.0005","0.0005","0.0005","0.0005","0.0005","0.0005","0.0005","0.0005","0.0005","0.0005","0.0005","0.0005","0.0005","0.0005","0.0005","0.0005","0.0005"
"12-22-2025 17:00","1766422806","0.695","0.049","0.135","0.0635","0.058","0.0005","0.0005","0.0005","0.0005","0.0005","0.0005","0.0005","0.0005","0.0005","0.0005","0.0005","0.0005","0.0005","0.0015","0.0005","0.0005","0.0005"
"12-22-2025 18:00","1766426406","0.695","0.049","0.135","0.0635","0.06","0.0005","0.0005","0.0005","0.0005","0.0005","0.0005","0.0005","0.0005","0.0005","0.0005","0.0005","0.0005","0.0005","0.0015","0.0005","0.0005","0.0005"
"12-22-2025 19:00","1766430007","0.695","0.049","0.135","0.064","0.06","0.0005","0.0005","0.0005","0.0005","0.0005","0.0005","0.0005","0.0005","0.0005","0.0005","0.0005","0.0005","0.0005","0.0015","0.0005","0.0005","0.0005"
"12-22-2025 20:00","1766433619","0.695","0.049","0.135","0.0645","0.0585","0.0005","0.001","0.0005","0.0005","0.0005","0.0005","0.0005","0.0005","0.0005","0.0005","0.0005","0.0005","0.0005","0.0015","0.0005","0.0005","0.0005"
"12-22-2025 21:00","1766437206","0.685","0.0485","0.125","0.0855","0.0565","0.0005","0.0005","0.0005","0.0005","0.0005","0.0005","0.0005","0.0005","0.0005","0.0005","0.0005","0.0005","0.0005","0.0005","0.0005","0.0005","0.0005"
"12-22-2025 22:00","1766440818","0.675","0.0615","0.145","0.073","0.057","0.0005","0.0005","0.0005","0.0005","0.0005","0.0005","0.0005","0.0005","0.0005","0.0005","0.0005","0.0005","0.0005","0.001","0.0005","0.0005","0.0005"
"12-22-2025 23:00","1766444406","0.685","0.0645","0.125","0.072","0.056","0.0005","0.0005","0.0005","0.0005","0.0005","0.0005","0.0005","0.0005","0.0005","0.0005","0.0005","0.0005","0.0005","0.0005","0.0005","0.0005","0.0005"
"12-23-2025 00:00","1766448007","0.68","0.091","0.115","0.0715","0.056","0.0005","0.0005","0.0005","0.0005","0.0005","0.0005","0.0005","0.0005","0.0005","0.0005","0.0005","0.0005","0.0005","0.0005","0.0005","0.0005","0.001"
"12-23-2025 01:00","1766451606","0.685","0.0835","0.115","0.072","0.055","0.0005","0.001","0.0005","0.0005","0.0005","0.0005","0.0005","0.0005","0.0005","0.0005","0.0005","0.0005","0.0005","0.0005","0.0005","0.0005","0.0005"
"12-23-2025 02:00","1766455206","0.685","0.0795","0.115","0.0715","0.055","0.0005","0.001","0.0005","0.001","0.0005","0.0005","0.0005","0.0005","0.0005","0.0005","0.0005","0.0005","0.0005","0.0005","0.0005","0.0005","0.001"
"12-23-2025 03:00","1766458806","0.695","0.084","0.095","0.073","0.056","0.0005","0.001","0.0005","0.001","0.0005","0.0005","0.0005","0.0005","0.0005","0.0005","0.0005","0.0005","0.0005","0.0005","0.0005","0.0005","0.0005"
"12-23-2025 04:00","1766462419","0.695","0.0855","0.095","0.071","0.056","0.0015","0.0005","0.0005","0.0005","0.0015","0.0005","0.0005","0.0005","0.0015","0.0015","0.0005","0.0005","0.0005","0.0015","0.0015","0.0015","0.0015"
"12-23-2025 05:00","1766466021","0.695","0.084","0.095","0.072","0.056","0.0015","0.0005","0.0005","0.0005","0.0015","0.0005","0.0005","0.0005","0.0015","0.0015","0.0005","0.0005","0.0005","0.0015","0.0015","0.0015","0.0015"
"12-23-2025 06:00","1766469622","0.695","0.0825","0.095","0.073","0.0505","0.0015","0.0005","0.0005","0.0005","0.0015","0.0005","0.0005","0.0005","0.0005","0.0015","0.0005","0.0005","0.0005","0.0015","0.0015","0.0015","0.0015"
"12-23-2025 07:00","1766473207","0.695","0.0825","0.095","0.0725","0.0505","0.0015","0.0005","0.0005","0.0005","0.0015","0.0005","0.0005","0.0005","0.0005","0.0015","0.0005","0.0005","0.0005","0.0015","0.0015","0.0015","0.0015"
"12-23-2025 08:00","1766476819","0.695","0.073","0.095","0.073","0.048","0.0015","0.0005","0.0005","0.0005","0.0015","0.0005","0.0005","0.0005","0.001","0.0015","0.0005","0.0005","0.0005","0.0015","0.0015","0.0015","0.0015"
"12-23-2025 09:00","1766480406","0.695","0.0745","0.095","0.0745","0.0485","0.0015","0.0005","0.0005","0.0005","0.0015","0.0005","0.0005","0.0005","0.0005","0.0015","0.0005","0.0005","0.0005","0.0015","0.0015","0.0015","0.0015"
"12-23-2025 10:00","1766484006","0.695","0.0775","0.1","0.0775","0.0445","0.0015","0.001","0.0005","0.0005","0.0015","0.0005","0.0005","0.0005","0.0015","0.0015","0.0005","0.0005","0.0005","0.0015","0.0015","0.0015","0.0015"
"12-23-2025 11:00","1766487606","0.695","0.071","0.105","0.073","0.0435","0.0015","0.001","0.0005","0.0005","0.0015","0.0005","0.0005","0.0005","0.0015","0.0015","0.0005","0.0005","0.0005","0.0015","0.0015","0.0015","0.0015"
"12-23-2025 12:00","1766491207","0.695","0.0835","0.105","0.0745","0.0445","0.0015","0.001","0.0005","0.0005","0.0015","0.0005","0.0005","0.0005","0.0015","0.0015","0.0005","0.0005","0.0005","0.0015","0.0015","0.0015","0.0015"
"12-23-2025 13:00","1766494806","0.695","0.0835","0.105","0.0725","0.0455","0.0015","0.0005","0.0005","0.0005","0.0015","0.0005","0.0005","0.0005","0.0015","0.0015","0.0005","0.0005","0.0005","0.0015","0.0015","0.0015","0.0015"
"12-23-2025 14:00","1766498406","0.685","0.086","0.115","0.071","0.045","0.0015","0.0005","0.0005","0.0005","0.0015","0.0005","0.0005","0.0005","0.0015","0.0015","0.0015","0.0005","0.0005","0.0015","0.0015","0.0015","0.0015"
"12-23-2025 15:00","1766502006","0.685","0.0935","0.105","0.0715","0.044","0.0015","0.0005","0.0005","0.0005","0.0015","0.0005","0.0005","0.0005","0.0015","0.0015","0.0015","0.0005","0.0005","0.0015","0.0015","0.0015","0.0015"
"12-23-2025 16:00","1766505606","0.685","0.096","0.095","0.073","0.045","0.0015","0.0005","0.0005","0.0005","0.0015","0.0005","0.0005","0.0005","0.0005","0.0015","0.0015","0.0005","0.0005","0.0015","0.0015","0.0015","0.0015"
"12-23-2025 17:00","1766509221","0.685","0.0925","0.095","0.073","0.0565","0.0015","0.0005","0.0005","0.0005","0.0015","0.0005","0.0005","0.0005","0.0005","0.0015","0.0015","0.0005","0.0005","0.0015","0.0015","0.0015","0.0015"
"12-23-2025 18:00","1766512806","0.695","0.09","0.095","0.071","0.0535","0.0015","0.0005","0.0005","0.0005","0.0015","0.0005","0.0005","0.0005","0.0005","0.0015","0.0015","0.0005","0.0005","0.0015","0.0015","0.0015","0.0015"
"12-23-2025 19:00","1766516407","0.695","0.087","0.095","0.067","0.0565","0.0015","0.0005","0.0005","0.0005","0.0015","0.0005","0.0005","0.0005","0.0005","0.0015","0.0015","0.0005","0.0005","0.0015","0.0015","0.0015","0.0015"
"12-23-2025 20:00","1766520006","0.695","0.0865","0.095","0.068","0.058","0.0015","0.0005","0.0005","0.0005","0.0015","0.0005","0.0005","0.0005","0.0005","0.0015","0.0015","0.0005","0.0005","0.0015","0.0015","0.0015","0.0015"
"12-23-2025 21:00","1766523606","0.695","0.0865","0.095","0.068","0.057","0.0015","0.0005","0.0005","0.0005","0.0015","0.0005","0.0005","0.0005","0.0005","0.0015","0.0005","0.0005","0.0005","0.0015","0.0015","0.0015","0.0015"
"12-23-2025 22:00","1766527206","0.695","0.086","0.095","0.0675","0.057","0.0015","0.0005","0.0005","0.0005","0.0015","0.0005","0.0005","0.0005","0.0005","0.0015","0.0005","0.0005","0.0005","0.0015","0.0015","0.0015","0.0015"
"12-23-2025 23:00","1766530807","0.695","0.0845","0.095","0.0675","0.058","0.0015","0.0005","0.0005","0.0005","0.0015","0.0005","0.0005","0.0005","0.0005","0.0015","0.0005","0.0005","0.0005","0.0015","0.0015","0.0015","0.0015"
"12-24-2025 00:00","1766534407","0.695","0.0855","0.095","0.068","0.058","0.0015","0.0005","0.0005","0.0005","0.0015","0.0005","0.0005","0.0005","0.0005","0.0015","0.0015","0.0005","0.0005","0.0015","0.0015","0.0015","0.0015"
"12-24-2025 01:00","1766538007","0.695","0.0855","0.095","0.0675","0.058","0.0015","0.0005","0.0005","0.0005","0.0015","0.0005","0.0005","0.0005","0.0005","0.0015","0.0015","0.0005","0.0005","0.0015","0.0015","0.0015","0.0015"
"12-24-2025 02:00","1766541606","0.695","0.0855","0.095","0.0675","0.055","0.0015","0.0005","0.0005","0.0005","0.0015","0.0005","0.0005","0.0005","0.0005","0.0015","0.0015","0.0005","0.0005","0.0015","0.0015","0.0015","0.0015"
"12-24-2025 03:00","1766545206","0.695","0.084","0.095","0.0675","0.0545","0.0015","0.0005","0.0005","0.0005","0.0015","0.0005","0.0005","0.0005","0.0005","0.0015","0.0015","0.0005","0.0005","0.0015","0.0015","0.0015","0.0015"
"12-24-2025 04:00","1766548807","0.695","0.083","0.095","0.0675","0.0545","0.0005","0.0005","0.0005","0.0005","0.0005","0.0005","0.0005","0.0005","0.0005","0.0005","0.0005","0.0005","0.0005","0.0005","0.0015","0.0015","0.0005"
"12-24-2025 05:00","1766552407","0.695","0.083","0.105","0.0675","0.0545","0.0005","0.0005","0.0005","0.0005","0.0005","0.0005","0.0005","0.0005","0.0005","0.0005","0.0015","0.0005","0.0005","0.0005","0.0015","0.0015","0.0005"
"12-24-2025 06:00","1766556008","0.695","0.0775","0.105","0.067","0.0555","0.0005","0.0005","0.0005","0.0005","0.0005","0.0005","0.0005","0.0005","0.0005","0.0005","0.0005","0.0005","0.0005","0.0005","0.0005","0.0015","0.0005"
"12-24-2025 07:00","1766559606","0.695","0.0775","0.105","0.0665","0.054","0.0005","0.0005","0.0005","0.0005","0.0005","0.0005","0.0005","0.0005","0.0005","0.0005","0.0005","0.0005","0.0005","0.0005","0.0015","0.0015","0.0005"
"12-24-2025 08:00","1766563207","0.695","0.0775","0.105","0.0665","0.058","0.0005","0.0005","0.0005","0.0005","0.0005","0.0005","0.0005","0.0005","0.0005","0.0005","0.0005","0.0005","0.0005","0.0005","0.0005","0.0015","0.0005"
"12-24-2025 09:00","1766566808","0.7","0.0795","0.105","0.0665","0.058","0.0005","0.001","0.001","0.0005","0.0005","0.0005","0.0005","0.0005","0.0005","0.0005","0.001","0.0005","0.0005","0.0005","0.0005","0.0015","0.0005"
"12-24-2025 10:00","1766570407","0.695","0.084","0.105","0.0665","0.056","0.0005","0.001","0.001","0.0005","0.0005","0.0005","0.0005","0.0005","0.0005","0.0005","0.001","0.0005","0.0005","0.0005","0.0015","0.001","0.0005"
"12-24-2025 11:00","1766574008","0.695","0.0835","0.105","0.0665","0.058","0.0005","0.001","0.001","0.0005","0.0005","0.0005","0.0005","0.0005","0.0005","0.0005","0.001","0.0005","0.0005","0.0005","0.001","0.0005","0.0005"
"12-24-2025 12:00","1766577606","0.685","0.077","0.125","0.0665","0.056","0.0005","0.0005","0.001","0.0005","0.0005","0.0005","0.0005","0.0005","0.0005","0.0005","0.0005","0.0005","0.0005","0.0005","0.001","0.001","0.0005"
"12-24-2025 13:00","1766581206","0.685","0.0785","0.125","0.0645","0.056","0.0005","0.001","0.001","0.0005","0.0005","0.0005","0.0005","0.0005","0.0005","0.0005","0.0005","0.0005","0.0005","0.0005","0.0005","0.0005","0.0005"
"12-24-2025 14:00","1766584806","0.685","0.0785","0.125","0.0645","0.0565","0.0005","0.001","0.0005","0.0005","0.0005","0.0005","0.0005","0.0005","0.0005","0.0005","0.0005","0.0005","0.0005","0.0005","0.001","0.0005","0.0005"
"12-24-2025 15:00","1766588407","0.685","0.0785","0.13","0.06","0.0415","0.0005","0.001","0.001","0.0005","0.0005","0.0005","0.0005","0.0005","0.0005","0.0005","0.001","0.0005","0.0005","0.0005","0.001","0.0005","0.0005"
"12-24-2025 16:00","1766592007","0.695","0.0775","0.13","0.06","0.0455","0.0005","0.001","0.001","0.0005","0.0005","0.0005","0.0005","0.0005","0.0005","0.0005","0.001","0.0005","0.0005","0.0005","0.001","0.0005","0.0005"
"12-24-2025 17:00","1766595607","0.69","0.0775","0.13","0.0585","0.0465","0.0005","0.001","0.001","0.0005","0.0005","0.0005","0.0005","0.0005","0.0005","0.0005","0.001","0.0005","0.0005","0.0005","0.001","0.0005","0.0005"
"12-24-2025 18:00","1766599207","0.685","0.0835","0.135","0.0585","0.0465","0.0005","0.001","0.001","0.0005","0.0005","0.0005","0.0005","0.0005","0.0005","0.0005","0.001","0.0005","0.0005","0.0005","0.001","0.0005","0.0005"
"12-24-2025 19:00","1766602806","0.685","0.074","0.135","0.0585","0.053","0.0005","0.001","0.001","0.0005","0.0005","0.0005","0.0005","0.0005","0.0005","0.0005","0.001","0.0005","0.0005","0.0005","0.001","0.001","0.0005"
"12-24-2025 20:00","1766606407","0.695","0.0715","0.125","0.0605","0.0505","0.0005","0.0005","0.0005","0.0005","0.0005","0.0005","0.0005","0.0005","0.0005","0.0005","0.001","0.0005","0.0005","0.0005","0.0005","0.0005","0.0005"
"12-24-2025 21:00","1766610006","0.695","0.0715","0.125","0.0605","0.0505","0.0005","0.0005","0.0005","0.0005","0.0005","0.0005","0.0005","0.0005","0.0005","0.0005","0.001","0.0005","0.0005","0.0005","0.0005","0.0005","0.0005"
"12-24-2025 22:00","1766613606","0.695","0.0715","0.125","0.0605","0.0515","0.0005","0.0005","0.0005","0.0005","0.0005","0.0005","0.0005","0.0005","0.0005","0.0005","0.001","0.0005","0.0005","0.0005","0.0005","0.0005","0.0005"
"12-24-2025 23:00","1766617206","0.695","0.071","0.125","0.061","0.052","0.0005","0.0005","0.0005","0.0005","0.0005","0.0005","0.0005","0.0005","0.0005","0.0005","0.001","0.0005","0.0005","0.0005","0.0005","0.0005","0.0005"
"12-25-2025 00:00","1766620817","0.695","0.071","0.125","0.061","0.0555","0.0005","0.0005","0.0005","0.0005","0.0005","0.0005","0.0005","0.0005","0.0005","0.0005","0.0005","0.0005","0.0005","0.0005","0.0005","0.0005","0.0005"
"12-25-2025 01:00","1766624406","0.685","0.0695","0.125","0.0695","0.052","0.0005","0.0005","0.0005","0.0005","0.0005","0.0005","0.0005","0.0005","0.0005","0.0005","0.0005","0.0005","0.0005","0.0005","0.0005","0.0005","0.0005"
"12-25-2025 02:00","1766628007","0.695","0.0695","0.125","0.0695","0.05","0.0005","0.0005","0.0005","0.0005","0.0005","0.0005","0.0005","0.0005","0.0005","0.0005","0.001","0.0005","0.0005","0.0005","0.0005","0.0005","0.0005"
"12-25-2025 03:00","1766631606","0.695","0.0695","0.125","0.0695","0.0475","0.0005","0.0005","0.001","0.0005","0.0005","0.0005","0.0005","0.0005","0.0005","0.0005","0.0005","0.0005","0.0005","0.0005","0.0005","0.0005","0.0005"
"12-25-2025 04:00","1766635206","0.695","0.0695","0.125","0.071","0.043","0.0005","0.0005","0.0005","0.0005","0.0005","0.0005","0.0005","0.0005","0.0005","0.0005","0.0005","0.0005","0.0005","0.0005","0.0005","0.0005","0.0005"
"12-25-2025 05:00","1766638807","0.695","0.0695","0.125","0.071","0.042","0.0005","0.0005","0.001","0.0005","0.0005","0.0005","0.0005","0.0005","0.0005","0.0005","0.0005","0.0005","0.0005","0.0005","0.0005","0.0005","0.0005"
"12-25-2025 06:00","1766642406","0.695","0.0695","0.125","0.069","0.038","0.0005","0.0005","0.0005","0.0005","0.0005","0.0005","0.0005","0.0005","0.0005","0.0005","0.0005","0.0005","0.0005","0.0005","0.0005","0.0005","0.0005"
"12-25-2025 07:00","1766646007","0.695","0.0695","0.125","0.068","0.0385","0.0005","0.0005","0.0005","0.0005","0.0005","0.0005","0.0005","0.0005","0.0005","0.0005","0.0005","0.0005","0.0005","0.0005","0.0005","0.0005","0.0005"
"12-25-2025 08:00","1766649607","0.695","0.0695","0.12","0.068","0.0395","0.0005","0.001","0.0005","0.0005","0.0005","0.0005","0.0005","0.0005","0.0005","0.0005","0.0005","0.0005","0.0005","0.0005","0.0005","0.0005","0.0005"
"12-25-2025 09:00","1766653207","0.695","0.0695","0.115","0.0745","0.0375","0.0005","0.0005","0.0005","0.0005","0.0005","0.0005","0.0005","0.0005","0.0005","0.0005","0.0005","0.0005","0.0005","0.0005","0.0005","0.0005","0.0005"
"12-25-2025 10:00","1766656806","0.695","0.0695","0.115","0.0875","0.0395","0.0005","0.001","0.0005","0.0005","0.0005","0.0005","0.0005","0.0005","0.0005","0.0005","0.0005","0.0005","0.0005","0.0005","0.0005","0.0005","0.0005"
"12-25-2025 11:00","1766660407","0.695","0.067","0.115","0.0865","0.0415","0.0005","0.0005","0.0005","0.0005","0.0005","0.0005","0.0005","0.0005","0.0005","0.0005","0.0005","0.0005","0.0005","0.0005","0.0005","0.0005","0.0005"
"12-25-2025 12:00","1766664007","0.695","0.0665","0.12","0.076","0.0415","0.0005","0.0005","0.001","0.0005","0.0005","0.0005","0.0005","0.0005","0.0005","0.0005","0.0005","0.0005","0.0005","0.0005","0.0005","0.0005","0.0005"
"12-25-2025 13:00","1766667607","0.695","0.0665","0.125","0.0745","0.047","0.0005","0.0005","0.0005","0.0005","0.0005","0.0005","0.0005","0.0005","0.0005","0.0005","0.0005","0.0005","0.0005","0.0005","0.0005","0.0005","0.0005"
"12-25-2025 14:00","1766671207","0.695","0.0665","0.125","0.074","0.047","0.0005","0.0005","0.0005","0.0005","0.0005","0.0005","0.0005","0.0005","0.0005","0.0005","0.0005","0.0005","0.0005","0.0005","0.0005","0.0005","0.0005"
"12-25-2025 15:00","1766674807","0.695","0.063","0.12","0.0715","0.051","0.0005","0.0005","0.001","0.0005","0.0005","0.0005","0.0005","0.0005","0.0005","0.0005","0.0005","0.0005","0.0005","0.0005","0.0005","0.0005","0.0005"
"12-25-2025 16:00","1766678406","0.695","0.0635","0.12","0.0735","0.052","0.0005","0.0005","0.001","0.0005","0.0005","0.0005","0.0005","0.0005","0.0005","0.0005","0.0005","0.0005","0.0005","0.0005","0.0005","0.0005","0.0005"
"12-25-2025 17:00","1766682007","0.695","0.0635","0.12","0.0735","0.0525","0.0005","0.001","0.0005","0.0005","0.0005","0.0005","0.0005","0.0005","0.0005","0.0005","0.0005","0.0005","0.0005","0.0005","0.0005","0.0005","0.0005"
"12-25-2025 18:00","1766685607","0.69","0.0635","0.12","0.0715","0.053","0.0005","0.001","0.0005","0.0005","0.0005","0.0005","0.0005","0.0005","0.0005","0.0005","0.0005","0.0005","0.0005","0.0005","0.0005","0.0005","0.0005"
"12-25-2025 19:00","1766689207","0.705","0.061","0.115","0.0715","0.051","0.0005","0.0005","0.0005","0.0005","0.0005","0.0005","0.0005","0.0005","0.0005","0.0005","0.0005","0.0005","0.0005","0.0005","0.0005","0.0005","0.0005"
"12-25-2025 20:00","1766692807","0.705","0.0605","0.115","0.075","0.052","0.0005","0.0005","0.0005","0.0005","0.0005","0.0005","0.0005","0.0005","0.0005","0.0005","0.0005","0.0005","0.0005","0.0005","0.0005","0.0005","0.0005"
"12-25-2025 21:00","1766696406","0.705","0.0605","0.115","0.073","0.051","0.0005","0.0005","0.0005","0.0005","0.0005","0.0005","0.0005","0.0005","0.0005","0.0005","0.0005","0.0005","0.0005","0.0005","0.0005","0.0005","0.0005"
"12-25-2025 22:00","1766700007","0.71","0.0585","0.115","0.072","0.052","0.0005","0.0005","0.0005","0.0005","0.0005","0.0005","0.0005","0.0005","0.0005","0.0005","0.0005","0.0005","0.0005","0.0005","0.0005","0.0005","0.0005"
"12-25-2025 23:00","1766703607","0.695","0.0585","0.115","0.072","0.052","0.0005","0.0005","0.0005","0.0005","0.0005","0.0005","0.0005","0.0005","0.0005","0.0005","0.0005","0.0005","0.0005","0.0005","0.0005","0.0005","0.0005"
"12-26-2025 00:00","1766707206","0.705","0.0585","0.115","0.072","0.052","0.0005","0.0005","0.0005","0.0005","0.0005","0.0005","0.0005","0.0005","0.0005","0.0005","0.0005","0.0005","0.0005","0.0005","0.0005","0.0005","0.0005"
"12-26-2025 01:00","1766710806","0.695","0.0585","0.115","0.072","0.0525","0.0005","0.0005","0.0005","0.001","0.0005","0.0005","0.0005","0.0005","0.0005","0.0005","0.0005","0.0005","0.0005","0.0005","0.0005","0.0005","0.0005"
"12-26-2025 02:00","1766714406","0.695","0.0585","0.115","0.0725","0.052","0.0005","0.0005","0.0005","0.0005","0.0005","0.0005","0.0005","0.0005","0.0005","0.0005","0.0005","0.0005","0.0005","0.0005","0.0005","0.0005","0.0005"
"12-26-2025 03:00","1766718007","0.705","0.0585","0.115","0.0725","0.0525","0.0005","0.0005","0.0005","0.001","0.0005","0.0005","0.0005","0.0005","0.0005","0.0005","0.0005","0.0005","0.0005","0.0005","0.0005","0.0005","0.0005"
"12-26-2025 04:00","1766721607","0.705","0.0585","0.115","0.0725","0.0525","0.0005","0.0005","0.001","0.0005","0.0005","0.0005","0.0005","0.0005","0.0005","0.0005","0.0005","0.0005","0.0005","0.0005","0.0005","0.0005","0.0005"
"12-26-2025 05:00","1766725208","0.705","0.0585","0.115","0.074","0.0565","0.0005","0.0005","0.001","0.001","0.0005","0.0005","0.0005","0.0005","0.0005","0.0005","0.0005","0.0005","0.0005","0.0005","0.0005","0.0005","0.0005"
"12-26-2025 06:00","1766728806","0.705","0.059","0.115","0.0745","0.0565","0.0005","0.0005","0.001","0.001","0.0005","0.0005","0.0005","0.0005","0.0005","0.0005","0.0005","0.0005","0.0005","0.0005","0.0005","0.0005","0.0005"
"12-26-2025 07:00","1766732406","0.695","0.0605","0.12","0.0745","0.0555","0.0005","0.0005","0.001","0.001","0.0005","0.0005","0.0005","0.0005","0.0005","0.0005","0.0005","0.0005","0.0005","0.0005","0.0005","0.0005","0.0005"
"12-26-2025 08:00","1766736006","0.7","0.061","0.105","0.0745","0.055","0.0005","0.0005","0.001","0.0005","0.0005","0.0005","0.0005","0.0005","0.0005","0.0005","0.0005","0.0005","0.0005","0.0005","0.0005","0.0005","0.0005"
"12-26-2025 09:00","1766739606","0.7","0.0615","0.115","0.0745","0.0545","0.0005","0.0005","0.001","0.001","0.0005","0.0005","0.0005","0.0005","0.0005","0.0005","0.0005","0.0005","0.0005","0.0005","0.0005","0.0005","0.0005"
"12-26-2025 10:00","1766743206","0.705","0.061","0.115","0.0745","0.0545","0.0005","0.0005","0.001","0.0005","0.0005","0.0005","0.0005","0.0005","0.0005","0.0005","0.0005","0.0005","0.0005","0.0005","0.0005","0.0005","0.0005"
"12-26-2025 11:00","1766746807","0.7","0.06","0.115","0.0745","0.0525","0.0005","0.0005","0.0015","0.0005","0.0005","0.0005","0.0005","0.0005","0.0005","0.0005","0.0005","0.0005","0.0005","0.0005","0.0005","0.0005","0.0005"
"12-26-2025 12:00","1766750406","0.7","0.064","0.12","0.0745","0.0445","0.0005","0.0005","0.0015","0.0005","0.0005","0.0005","0.0005","0.0005","0.0005","0.0005","0.0005","0.0005","0.0005","0.0005","0.0005","0.0005","0.0005"
"12-26-2025 13:00","1766754006","0.7","0.064","0.105","0.0755","0.047","0.0005","0.0005","0.0015","0.0005","0.0005","0.0005","0.0005","0.0005","0.0005","0.0005","0.0005","0.0005","0.0005","0.0005","0.0005","0.0005","0.0005"
"12-26-2025 14:00","1766757606","0.7","0.0645","0.115","0.0755","0.048","0.0005","0.0015","0.0015","0.0005","0.0005","0.0005","0.0005","0.0005","0.0005","0.0005","0.0005","0.0005","0.0005","0.0005","0.0005","0.0005","0.0005"
"12-26-2025 15:00","1766761208","0.7","0.0665","0.11","0.0755","0.048","0.0005","0.0015","0.0015","0.001","0.0005","0.0005","0.0005","0.0005","0.0005","0.0005","0.0005","0.0005","0.0005","0.0005","0.0005","0.0005","0.0005"
"12-26-2025 16:00","1766764807","0.7","0.0615","0.115","0.074","0.045","0.0005","0.0005","0.0005","0.0005","0.001","0.0005","0.0005","0.0005","0.0005","0.0005","0.0005","0.0005","0.0005","0.0005","0.0005","0.0005","0.0005"
"12-26-2025 17:00","1766768408","0.7","0.0615","0.115","0.074","0.0435","0.0005","0.0015","0.0005","0.001","0.0005","0.0005","0.0005","0.0005","0.0005","0.0005","0.0005","0.0005","0.0005","0.0005","0.0005","0.0005","0.0005"
"12-26-2025 18:00","1766772006","0.705","0.063","0.115","0.074","0.0435","0.0005","0.0015","0.0005","0.001","0.0005","0.0005","0.0005","0.0005","0.0005","0.0005","0.0005","0.0005","0.0005","0.0005","0.0005","0.0005","0.0005"
"12-26-2025 19:00","1766775607","0.705","0.062","0.115","0.074","0.044","0.0005","0.0015","0.0005","0.001","0.0005","0.0005","0.0005","0.0005","0.0005","0.0005","0.0005","0.0005","0.0005","0.0005","0.0005","0.0005","0.0005"
"12-26-2025 20:00","1766779207","0.705","0.062","0.115","0.074","0.0485","0.0005","0.0015","0.0005","0.0005","0.0005","0.0005","0.0005","0.0005","0.0005","0.0005","0.0005","0.0005","0.0005","0.0005","0.0005","0.0005","0.0005"
"12-26-2025 21:00","1766782807","0.705","0.062","0.115","0.074","0.05","0.0005","0.0015","0.0005","0.001","0.0005","0.0005","0.0005","0.0005","0.0005","0.0005","0.0005","0.0005","0.0005","0.0005","0.0005","0.0005","0.0005"
"12-26-2025 22:00","1766786407","0.705","0.0685","0.115","0.0735","0.0495","0.0005","0.0005","0.0005","0.0005","0.0005","0.0005","0.0005","0.0005","0.0005","0.0005","0.0005","0.0005","0.0005","0.0005","0.0005","0.0005","0.0005"
"12-26-2025 23:00","1766790006","0.695","0.069","0.11","0.0725","0.05","0.0005","0.0005","0.0005","0.0015","0.0005","0.0005","0.0005","0.0005","0.0005","0.0005","0.0005","0.0005","0.0005","0.0005","0.0005","0.0005","0.0005"
"12-27-2025 00:00","1766793608","0.695","0.069","0.11","0.0725","0.05","0.0005","0.0015","0.0005","0.0015","0.0005","0.0005","0.0005","0.0005","0.0005","0.0005","0.0005","0.0005","0.0005","0.0005","0.0005","0.0005","0.0005"
"12-27-2025 01:00","1766797208","0.695","0.069","0.11","0.0725","0.05","0.0005","0.0015","0.0005","0.0015","0.0005","0.0005","0.0005","0.0005","0.0005","0.0005","0.0005","0.0005","0.0005","0.0005","0.0005","0.0005","0.0005"
"12-27-2025 02:00","1766800807","0.705","0.0685","0.11","0.07","0.048","0.0005","0.0005","0.0005","0.0015","0.0005","0.0005","0.0005","0.0005","0.0005","0.0005","0.0005","0.0005","0.0005","0.0005","0.0005","0.0005","0.0005"
"12-27-2025 03:00","1766804408","0.715","0.066","0.105","0.07","0.05","0.0005","0.0005","0.0005","0.0015","0.0005","0.0005","0.0005","0.0005","0.0005","0.0005","0.0005","0.0005","0.0005","0.0005","0.0005","0.0005","0.0005"
"12-27-2025 04:00","1766808007","0.715","0.066","0.105","0.07","0.052","0.0005","0.0005","0.0005","0.0015","0.0005","0.0005","0.0005","0.0005","0.0005","0.0005","0.0005","0.0005","0.0005","0.0005","0.0005","0.0005","0.0005"
"12-27-2025 05:00","1766811608","0.715","0.066","0.105","0.07","0.052","0.0005","0.0005","0.0005","0.0015","0.001","0.0005","0.0005","0.0005","0.0005","0.0005","0.0005","0.0005","0.0005","0.0005","0.0005","0.0005","0.0005"
"12-27-2025 06:00","1766815208","0.715","0.066","0.105","0.0695","0.052","0.0005","0.0005","0.0005","0.0015","0.0005","0.0005","0.0005","0.0005","0.0005","0.0005","0.0005","0.0005","0.0005","0.0005","0.0005","0.0005","0.0005"
"12-27-2025 07:00","1766818807","0.715","0.064","0.105","0.0685","0.052","0.0005","0.0005","0.0005","0.0015","0.0005","0.0005","0.0005","0.0005","0.0005","0.0005","0.0005","0.0005","0.0005","0.0005","0.0005","0.0005","0.0005"
"12-27-2025 08:00","1766822408","0.715","0.064","0.105","0.07","0.052","0.0005","0.0005","0.001","0.0015","0.0005","0.0005","0.0005","0.0005","0.0005","0.0005","0.0005","0.0005","0.0005","0.0005","0.0005","0.0005","0.0005"
"12-27-2025 09:00","1766826008","0.715","0.0635","0.105","0.0695","0.051","0.0005","0.001","0.001","0.0015","0.0005","0.0005","0.0005","0.0005","0.0005","0.0005","0.0005","0.0005","0.0005","0.0005","0.0005","0.0005","0.0005"
"12-27-2025 10:00","1766829608","0.715","0.0635","0.105","0.069","0.05","0.0005","0.001","0.001","0.0015","0.0005","0.0005","0.0005","0.0005","0.0005","0.0005","0.0005","0.0005","0.0005","0.0005","0.0005","0.0005","0.0005"
"12-27-2025 11:00","1766833208","0.715","0.0625","0.11","0.0705","0.0495","0.0005","0.001","0.001","0.0015","0.0005","0.0005","0.0005","0.0005","0.0005","0.0005","0.0005","0.0005","0.0005","0.0005","0.0005","0.0005","0.0005"
"12-27-2025 12:00","1766836808","0.715","0.0625","0.105","0.0705","0.0495","0.0005","0.0005","0.0005","0.0015","0.0005","0.0005","0.0005","0.0005","0.0005","0.0005","0.0005","0.0005","0.0005","0.0005","0.0005","0.0005","0.0005"
"12-27-2025 13:00","1766840408","0.715","0.0595","0.115","0.0705","0.0475","0.0005","0.0005","0.001","0.0015","0.001","0.0005","0.0005","0.0005","0.0005","0.0005","0.0005","0.0005","0.0005","0.0005","0.0005","0.0005","0.0005"
"12-27-2025 14:00","1766844008","0.705","0.056","0.105","0.0705","0.0475","0.0005","0.001","0.0005","0.0015","0.0005","0.0005","0.0005","0.0005","0.0005","0.0005","0.0005","0.0005","0.0005","0.0005","0.0005","0.0005","0.0005"
"12-27-2025 15:00","1766847607","0.71","0.055","0.105","0.07","0.0475","0.0005","0.001","0.001","0.0015","0.0005","0.0005","0.0005","0.0005","0.0005","0.0005","0.0005","0.0005","0.0005","0.001","0.0005","0.0005","0.0005"
"12-27-2025 16:00","1766851208","0.71","0.0565","0.105","0.069","0.0465","0.0005","0.0015","0.0005","0.0015","0.0005","0.0005","0.0005","0.0005","0.0005","0.0015","0.0005","0.0005","0.0005","0.0005","0.0005","0.0005","0.0005"
"12-27-2025 17:00","1766854807","0.71","0.0605","0.105","0.0685","0.0465","0.0005","0.0015","0.0005","0.0015","0.001","0.0005","0.0005","0.0005","0.0005","0.0015","0.0005","0.0005","0.0005","0.0005","0.0005","0.0005","0.0005"
"12-27-2025 18:00","1766858408","0.705","0.0605","0.105","0.068","0.0465","0.0005","0.0015","0.0005","0.0015","0.0005","0.0005","0.0005","0.0005","0.0005","0.0015","0.0005","0.0005","0.0005","0.0005","0.0005","0.0005","0.0005"
"12-27-2025 19:00","1766862008","0.705","0.0605","0.105","0.068","0.0495","0.0005","0.0015","0.0005","0.0015","0.0005","0.0005","0.0005","0.0005","0.0005","0.0015","0.0005","0.0005","0.0005","0.0005","0.0005","0.0005","0.0005"
"12-27-2025 20:00","1766865607","0.71","0.0605","0.105","0.0705","0.05","0.0005","0.0015","0.0005","0.0015","0.001","0.0005","0.0005","0.0005","0.0005","0.0015","0.0005","0.0005","0.0005","0.0005","0.0005","0.0005","0.0005"
"12-27-2025 21:00","1766869207","0.71","0.0625","0.11","0.071","0.05","0.0005","0.0015","0.0005","0.0015","0.001","0.0005","0.0005","0.0005","0.0005","0.0015","0.0005","0.0005","0.001","0.0005","0.0005","0.0005","0.0005"
"12-27-2025 22:00","1766872808","0.71","0.063","0.11","0.071","0.0495","0.0005","0.0015","0.0005","0.0015","0.0005","0.0005","0.0005","0.0005","0.0005","0.0015","0.0005","0.0005","0.0005","0.0005","0.0005","0.0005","0.0005"
"12-27-2025 23:00","1766876408","0.705","0.063","0.11","0.0715","0.0495","0.0005","0.0015","0.0005","0.0015","0.001","0.0005","0.0005","0.0005","0.0005","0.0015","0.0005","0.0005","0.0005","0.001","0.0005","0.0005","0.0005"
"12-28-2025 00:00","1766880008","0.705","0.0635","0.11","0.0715","0.0495","0.0005","0.0015","0.0005","0.0015","0.001","0.0005","0.0005","0.0005","0.0005","0.0005","0.0005","0.0005","0.0005","0.001","0.0005","0.0005","0.0005"
"12-28-2025 02:00","1766887208","0.705","0.0665","0.11","0.07","0.052","0.0005","0.0015","0.0005","0.0015","0.001","0.0005","0.0005","0.0005","0.0005","0.0005","0.0005","0.0005","0.0005","0.001","0.0005","0.0005","0.0005"
"12-28-2025 03:00","1766890807","0.705","0.0665","0.11","0.071","0.052","0.0005","0.0015","0.0005","0.0015","0.001","0.0005","0.0005","0.0005","0.0005","0.0005","0.0005","0.0005","0.0005","0.001","0.0005","0.0005","0.0005"
"12-28-2025 04:00","1766894408","0.705","0.068","0.11","0.071","0.0525","0.0005","0.0015","0.0005","0.0015","0.001","0.0005","0.0005","0.0005","0.0005","0.001","0.0005","0.0005","0.0005","0.0005","0.0005","0.0005","0.0005"
"12-28-2025 05:00","1766898007","0.705","0.068","0.11","0.071","0.0525","0.0005","0.0015","0.0005","0.001","0.0005","0.0005","0.0005","0.0005","0.0005","0.001","0.0005","0.0005","0.0005","0.0005","0.0005","0.0005","0.0005"
"12-28-2025 06:00","1766901607","0.705","0.068","0.11","0.071","0.0525","0.0005","0.0015","0.0005","0.001","0.001","0.0005","0.0005","0.0005","0.0005","0.0005","0.0005","0.0005","0.0005","0.001","0.0005","0.0005","0.0005"
"12-28-2025 07:00","1766905207","0.705","0.0675","0.11","0.071","0.0525","0.0005","0.0015","0.0005","0.001","0.0005","0.0005","0.0005","0.0005","0.0005","0.0005","0.001","0.0005","0.0005","0.001","0.0005","0.0005","0.0005"
"12-28-2025 08:00","1766908807","0.705","0.0675","0.11","0.07","0.0525","0.0005","0.0015","0.0005","0.0015","0.001","0.0005","0.0005","0.0005","0.0005","0.001","0.0005","0.0005","0.0005","0.0015","0.0005","0.0005","0.0005"
"12-28-2025 09:00","1766912407","0.705","0.0675","0.11","0.0695","0.052","0.0005","0.0015","0.0005","0.0015","0.001","0.0005","0.0005","0.0005","0.0005","0.0005","0.0005","0.0005","0.0005","0.0015","0.0005","0.0005","0.0005"
"12-28-2025 10:00","1766916008","0.705","0.068","0.105","0.0705","0.05","0.0005","0.0015","0.0005","0.0015","0.001","0.0005","0.0005","0.0005","0.0005","0.001","0.0005","0.0005","0.0005","0.0015","0.0005","0.0005","0.0005"
"12-28-2025 11:00","1766919607","0.705","0.0735","0.105","0.0705","0.051","0.0005","0.0015","0.0005","0.0015","0.001","0.0005","0.0005","0.0005","0.0005","0.001","0.0005","0.0005","0.0005","0.0015","0.0005","0.0005","0.0005"
"12-28-2025 12:00","1766923207","0.705","0.075","0.105","0.0705","0.0515","0.0005","0.0015","0.0005","0.0015","0.0005","0.0005","0.0005","0.0005","0.0005","0.001","0.0005","0.0005","0.0005","0.0015","0.0005","0.0005","0.0005"
"12-28-2025 13:00","1766926807","0.705","0.074","0.105","0.0705","0.051","0.0005","0.0015","0.0005","0.0015","0.0005","0.0005","0.0005","0.0005","0.0005","0.0005","0.0005","0.0005","0.0005","0.0015","0.0005","0.0005","0.0005"
"12-28-2025 14:00","1766930407","0.705","0.0675","0.105","0.0705","0.0515","0.0005","0.0015","0.0005","0.0015","0.0005","0.0005","0.0005","0.0005","0.0005","0.001","0.0005","0.0005","0.0005","0.0015","0.0005","0.0005","0.0005"
"12-28-2025 15:00","1766934007","0.705","0.0565","0.105","0.0705","0.0515","0.0015","0.0015","0.0005","0.0015","0.001","0.0005","0.0005","0.0005","0.001","0.001","0.0005","0.0005","0.001","0.0015","0.0005","0.0005","0.0005"
"12-28-2025 16:00","1766937620","0.705","0.0555","0.105","0.0695","0.0505","0.0015","0.0015","0.0005","0.0005","0.0005","0.0005","0.0005","0.0005","0.001","0.001","0.0005","0.0005","0.001","0.0015","0.0005","0.0005","0.0005"
"12-28-2025 17:00","1766941207","0.705","0.0625","0.105","0.0695","0.0505","0.0015","0.0015","0.0005","0.0015","0.0005","0.0005","0.0005","0.0005","0.0005","0.0005","0.0005","0.0005","0.0005","0.0015","0.0005","0.0005","0.0005"
"12-28-2025 18:00","1766944808","0.705","0.0625","0.105","0.0695","0.0505","0.0015","0.0015","0.0005","0.0015","0.001","0.0005","0.0005","0.0005","0.0005","0.0005","0.0005","0.0005","0.0005","0.0015","0.0005","0.0005","0.0005"
"12-28-2025 19:00","1766948407","0.7","0.0665","0.105","0.0695","0.051","0.0015","0.0015","0.0005","0.0015","0.0005","0.0005","0.0005","0.0005","0.0005","0.0005","0.0005","0.0005","0.0005","0.0015","0.0005","0.0005","0.0005"
"12-28-2025 20:00","1766952019","0.7","0.0665","0.105","0.0695","0.052","0.0015","0.0015","0.0005","0.0015","0.0005","0.0005","0.0005","0.0005","0.0005","0.0005","0.0005","0.0005","0.0005","0.0015","0.0005","0.0005","0.0005"
"12-28-2025 21:00","1766955607","0.705","0.069","0.105","0.068","0.052","0.0015","0.0015","0.0005","0.0015","0.001","0.0005","0.0005","0.0005","0.0005","0.0005","0.001","0.0005","0.0005","0.0015","0.0005","0.0005","0.0005"
"12-28-2025 22:00","1766959208","0.7","0.069","0.105","0.067","0.0505","0.0015","0.0015","0.0005","0.0015","0.0005","0.0005","0.0005","0.0005","0.0005","0.0005","0.001","0.0005","0.0005","0.0015","0.0005","0.0005","0.0005"
"12-28-2025 23:00","1766962809","0.7","0.066","0.105","0.0675","0.0505","0.0015","0.0015","0.0005","0.0015","0.001","0.0005","0.001","0.0005","0.0005","0.0005","0.0005","0.0005","0.001","0.0015","0.0005","0.0005","0.0005"
"12-29-2025 00:00","1766966424","0.7","0.066","0.105","0.068","0.051","0.0015","0.0015","0.0005","0.0015","0.001","0.0005","0.001","0.0005","0.0005","0.0005","0.001","0.0005","0.001","0.0015","0.0005","0.0005","0.0005"
"12-29-2025 02:00","1766973608","0.705","0.069","0.115","0.068","0.043","0.0015","0.0015","0.0005","0.0015","0.0005","0.0005","0.001","0.0005","0.0005","0.0005","0.0005","0.0005","0.0005","0.0015","0.0005","0.0005","0.0005"
"12-29-2025 03:00","1766977221","0.695","0.067","0.115","0.068","0.0425","0.0015","0.0015","0.0005","0.0015","0.001","0.0005","0.001","0.0005","0.0005","0.0005","0.0005","0.0005","0.0005","0.0015","0.0005","0.0005","0.0005"
"12-29-2025 04:00","1766980807","0.695","0.067","0.115","0.068","0.0415","0.0015","0.0015","0.0005","0.0015","0.001","0.0005","0.001","0.0005","0.0005","0.0005","0.0005","0.0005","0.0005","0.0015","0.0005","0.0005","0.0005"
"12-29-2025 05:00","1766984407","0.715","0.067","0.115","0.068","0.0415","0.0015","0.0015","0.0005","0.001","0.001","0.0005","0.001","0.0005","0.0005","0.0005","0.0005","0.0005","0.0005","0.0015","0.0005","0.0005","0.0005"
"12-29-2025 06:00","1766988008","0.715","0.068","0.115","0.068","0.042","0.0015","0.0015","0.0005","0.001","0.001","0.001","0.0005","0.0005","0.0005","0.0005","0.001","0.0005","0.001","0.0015","0.0005","0.0005","0.0005"
"12-29-2025 07:00","1766991608","0.715","0.068","0.115","0.0675","0.0415","0.0015","0.0015","0.0005","0.001","0.0005","0.001","0.0005","0.0005","0.0005","0.0005","0.0005","0.0005","0.0005","0.0015","0.0005","0.0005","0.0005"
"12-29-2025 08:00","1766995207","0.715","0.067","0.115","0.068","0.0415","0.0015","0.0015","0.0005","0.0015","0.0005","0.0005","0.001","0.0005","0.0005","0.0005","0.0005","0.0005","0.0005","0.0015","0.0005","0.0005","0.0005"
"12-29-2025 09:00","1766998807","0.715","0.068","0.115","0.0675","0.042","0.0015","0.0015","0.0005","0.001","0.0005","0.001","0.001","0.0005","0.0005","0.0005","0.0005","0.0005","0.0005","0.0015","0.0005","0.0005","0.0005"
"12-29-2025 10:00","1767002407","0.695","0.0685","0.115","0.067","0.043","0.0015","0.0015","0.0005","0.001","0.0005","0.001","0.001","0.0005","0.0005","0.0005","0.0005","0.0005","0.0005","0.0015","0.0005","0.0005","0.0005"
"12-29-2025 11:00","1767006007","0.695","0.069","0.115","0.067","0.0465","0.0015","0.0015","0.0005","0.0005","0.0005","0.001","0.001","0.0005","0.0005","0.0005","0.0005","0.0005","0.0005","0.0015","0.0005","0.0005","0.0005"
"12-29-2025 12:00","1767009608","0.695","0.069","0.115","0.067","0.047","0.0015","0.0015","0.0005","0.001","0.0005","0.001","0.001","0.0005","0.0005","0.0005","0.0005","0.0005","0.0005","0.0015","0.0005","0.0005","0.0005"
"12-29-2025 13:00","1767013208","0.695","0.069","0.115","0.067","0.0475","0.0015","0.0015","0.0005","0.001","0.001","0.0005","0.001","0.0005","0.0005","0.0005","0.0005","0.0005","0.001","0.0015","0.0005","0.0005","0.0005"
"12-29-2025 14:00","1767016807","0.695","0.069","0.11","0.0665","0.047","0.0015","0.0015","0.0005","0.0005","0.001","0.0005","0.0005","0.0005","0.0005","0.0005","0.0005","0.0005","0.0005","0.0015","0.0005","0.0005","0.0005"
"12-29-2025 15:00","1767020407","0.695","0.069","0.11","0.067","0.047","0.0015","0.0015","0.0005","0.001","0.001","0.0005","0.001","0.0005","0.0005","0.0005","0.001","0.0005","0.0005","0.0015","0.0005","0.0005","0.0005"
"12-29-2025 16:00","1767024006","0.695","0.069","0.11","0.067","0.0465","0.0015","0.0015","0.001","0.0005","0.0005","0.0005","0.001","0.0005","0.0005","0.0005","0.0005","0.0005","0.0005","0.0015","0.0005","0.0005","0.0005"
"12-29-2025 17:00","1767027607","0.695","0.069","0.095","0.067","0.0465","0.0015","0.0015","0.001","0.001","0.001","0.0005","0.001","0.0005","0.0015","0.0005","0.001","0.0005","0.001","0.0015","0.001","0.0005","0.0005"
"12-29-2025 18:00","1767031207","0.695","0.069","0.095","0.067","0.0465","0.0015","0.0015","0.001","0.001","0.001","0.0005","0.001","0.0005","0.0015","0.0005","0.0005","0.0005","0.001","0.0015","0.001","0.0005","0.0005"
"12-29-2025 19:00","1767034807","0.715","0.069","0.095","0.067","0.046","0.0015","0.0015","0.0005","0.001","0.0005","0.0005","0.001","0.0005","0.0015","0.0005","0.0005","0.0005","0.0005","0.0015","0.0005","0.0005","0.0005"
"12-29-2025 20:00","1767038407","0.715","0.0625","0.095","0.067","0.044","0.0015","0.0015","0.0005","0.001","0.0005","0.0005","0.001","0.0005","0.0015","0.0005","0.0005","0.0005","0.0005","0.0015","0.0005","0.0005","0.0005"
"12-29-2025 21:00","1767042007","0.715","0.0625","0.095","0.0675","0.044","0.0015","0.0015","0.0005","0.0005","0.001","0.0005","0.001","0.0005","0.0015","0.0005","0.0005","0.0005","0.001","0.0015","0.0005","0.0005","0.001"
"12-29-2025 22:00","1767045606","0.715","0.0625","0.095","0.0675","0.044","0.0015","0.0015","0.0005","0.001","0.001","0.0005","0.001","0.0005","0.0015","0.0005","0.0005","0.001","0.0005","0.0015","0.0005","0.0005","0.001"
"12-29-2025 23:00","1767049207","0.725","0.0625","0.095","0.069","0.044","0.0015","0.0015","0.0005","0.001","0.0005","0.0005","0.001","0.0005","0.0015","0.0005","0.0005","0.001","0.001","0.0015","0.0005","0.0005","0.001"
"12-30-2025 00:00","1767052811","0.725","0.0625","0.095","0.0685","0.044","0.0015","0.0015","0.0005","0.001","0.001","0.0005","0.001","0.0005","0.0015","0.0005","0.0005","0.001","0.0005","0.0015","0.0005","0.0005","0.0005"
"12-30-2025 01:00","1767056407","0.735","0.0625","0.095","0.0695","0.0435","0.0015","0.0015","0.0005","0.001","0.001","0.001","0.001","0.0005","0.0015","0.0005","0.0005","0.0005","0.0005","0.0015","0.0005","0.0005","0.001"
"12-30-2025 02:00","1767060008","0.735","0.063","0.095","0.0695","0.0445","0.0015","0.0015","0.0005","0.0005","0.0005","0.001","0.0005","0.0005","0.0015","0.0005","0.0005","0.001","0.0005","0.0015","0.0005","0.0005","0.0005"
"12-30-2025 03:00","1767063608","0.74","0.0625","0.085","0.0695","0.0445","0.0015","0.0015","0.0005","0.0005","0.0005","0.0005","0.001","0.0005","0.0015","0.0005","0.0005","0.001","0.0005","0.0015","0.0005","0.0005","0.0005"
"12-30-2025 04:00","1767067207","0.735","0.0625","0.085","0.0695","0.0455","0.0015","0.0015","0.0005","0.0005","0.0005","0.001","0.001","0.0005","0.0015","0.0005","0.0005","0.001","0.0005","0.0015","0.0005","0.0005","0.0005"
"12-30-2025 05:00","1767070807","0.735","0.0625","0.085","0.0695","0.0445","0.0015","0.0015","0.0005","0.001","0.001","0.001","0.001","0.0005","0.0015","0.0005","0.0005","0.001","0.0005","0.0015","0.0005","0.0005","0.0005"
"12-30-2025 06:00","1767074407","0.74","0.063","0.085","0.07","0.0445","0.0015","0.0015","0.0005","0.001","0.0005","0.001","0.001","0.0005","0.0015","0.0005","0.0005","0.001","0.001","0.0015","0.0005","0.0005","0.0005"
"12-30-2025 07:00","1767078012","0.735","0.063","0.085","0.069","0.044","0.0015","0.0015","0.0005","0.001","0.0005","0.001","0.001","0.0005","0.0015","0.0005","0.0005","0.001","0.0005","0.0015","0.0005","0.0005","0.0005"
"12-30-2025 08:00","1767081607","0.735","0.064","0.085","0.069","0.044","0.0015","0.0015","0.0005","0.0005","0.0005","0.001","0.001","0.0005","0.0015","0.0005","0.0005","0.001","0.0005","0.0015","0.0005","0.0005","0.0005"
"12-30-2025 09:00","1767085209","0.735","0.0645","0.085","0.069","0.0425","0.0015","0.0015","0.0005","0.0005","0.001","0.001","0.001","0.0005","0.0015","0.0005","0.0005","0.0005","0.0005","0.0005","0.0005","0.0005","0.0005"
"12-30-2025 10:00","1767088807","0.735","0.0635","0.09","0.0685","0.0425","0.0015","0.0015","0.001","0.0005","0.0005","0.0005","0.0005","0.0005","0.0015","0.0005","0.0005","0.0005","0.0005","0.0005","0.0005","0.0005","0.0005"
"12-30-2025 11:00","1767092408","0.75","0.06","0.09","0.0655","0.0415","0.0005","0.0005","0.0005","0.0005","0.0005","0.0005","0.0005","0.0005","0.0005","0.0005","0.0005","0.0005","0.0005","0.0005","0.0005","0.0005","0.0005"
"12-30-2025 12:00","1767096007","0.745","0.0595","0.09","0.0655","0.0415","0.0005","0.0005","0.0005","0.0005","0.0005","0.0005","0.0005","0.0005","0.0005","0.0005","0.0005","0.0005","0.0005","0.0005","0.0005","0.0005","0.0005"
"12-30-2025 13:00","1767099607","0.75","0.0625","0.09","0.0685","0.0415","0.0005","0.0005","0.001","0.0005","0.0005","0.0005","0.0005","0.0005","0.0005","0.0005","0.0005","0.0005","0.0005","0.0005","0.0005","0.0005","0.0005"
"12-30-2025 14:00","1767103207","0.745","0.063","0.085","0.069","0.0445","0.0005","0.0005","0.001","0.0005","0.0005","0.0005","0.0005","0.0005","0.0005","0.0005","0.0005","0.0005","0.0005","0.0005","0.0005","0.0005","0.0005"
"12-30-2025 15:00","1767106807","0.745","0.0635","0.085","0.0685","0.045","0.0005","0.0005","0.001","0.0005","0.0005","0.0005","0.0005","0.0005","0.0005","0.0005","0.0005","0.0005","0.0005","0.0005","0.0005","0.0005","0.0005"
"12-30-2025 16:00","1767110407","0.745","0.063","0.085","0.068","0.0455","0.0005","0.0005","0.0005","0.0005","0.0005","0.0005","0.0005","0.0005","0.0005","0.0005","0.0005","0.0005","0.0005","0.0005","0.0005","0.0005","0.0005"
"12-30-2025 17:00","1767114008","0.745","0.064","0.085","0.0645","0.0445","0.0005","0.0005","0.001","0.0005","0.0005","0.0005","0.0005","0.0005","0.0005","0.0005","0.0005","0.0005","0.0005","0.0005","0.0005","0.0005","0.0005"
"12-30-2025 18:00","1767117612","0.745","0.065","0.085","0.0645","0.045","0.0005","0.0005","0.001","0.0005","0.0005","0.0005","0.0005","0.0005","0.0005","0.0005","0.0005","0.0005","0.0005","0.0005","0.0005","0.0005","0.0005"
"12-30-2025 19:00","1767121207","0.745","0.064","0.08","0.0645","0.047","0.0015","0.0005","0.0015","0.001","0.0005","0.0015","0.0015","0.0005","0.0015","0.0005","0.0005","0.0005","0.0005","0.0005","0.0015","0.0005","0.0005"
"12-30-2025 20:00","1767124808","0.745","0.0675","0.055","0.0645","0.047","0.0015","0.0005","0.0015","0.0015","0.0015","0.0015","0.0015","0.0005","0.0015","0.0015","0.0005","0.0015","0.0005","0.0005","0.0015","0.0015","0.0015"
"12-30-2025 21:00","1767128407","0.745","0.069","0.055","0.0645","0.0465","0.0015","0.0005","0.0015","0.0015","0.0015","0.0015","0.0015","0.0015","0.0015","0.0015","0.0015","0.0015","0.0005","0.0005","0.0015","0.0015","0.0015"
"12-30-2025 22:00","1767132008","0.745","0.071","0.055","0.0645","0.043","0.0015","0.0005","0.0015","0.0015","0.0015","0.0015","0.0015","0.0015","0.0015","0.0015","0.0015","0.0015","0.0005","0.0005","0.0015","0.0015","0.0015"
"12-30-2025 23:00","1767135608","0.745","0.071","0.055","0.0645","0.0415","0.0015","0.0005","0.0015","0.0015","0.0015","0.0015","0.0015","0.0015","0.0015","0.0015","0.0005","0.0015","0.0015","0.0005","0.0015","0.0015","0.0015"
"12-31-2025 00:00","1767139207","0.755","0.0705","0.055","0.0645","0.0445","0.0015","0.0005","0.0015","0.0015","0.0015","0.0015","0.0015","0.0015","0.0005","0.0015","0.0005","0.0015","0.0015","0.0005","0.0015","0.0015","0.0015"
"12-31-2025 01:00","1767142808","0.76","0.07","0.055","0.0615","0.046","0.0015","0.0015","0.0015","0.0015","0.0015","0.0015","0.0015","0.0015","0.0005","0.0015","0.0005","0.0015","0.0015","0.0005","0.0015","0.0015","0.0015"
"12-31-2025 02:00","1767146407","0.755","0.0705","0.055","0.0615","0.048","0.0015","0.0015","0.0015","0.0015","0.0015","0.0015","0.0015","0.0015","0.0015","0.0015","0.0015","0.0015","0.0015","0.0005","0.0015","0.0015","0.0005"
"12-31-2025 03:00","1767150009","0.755","0.076","0.055","0.0615","0.047","0.001","0.0015","0.0015","0.0015","0.0015","0.0015","0.0015","0.0015","0.0015","0.0015","0.0015","0.0015","0.0015","0.0015","0.0015","0.0015","0.0005"
"12-31-2025 04:00","1767153609","0.755","0.0765","0.055","0.062","0.0455","0.0015","0.0015","0.0015","0.0015","0.0015","0.0015","0.0015","0.0015","0.0015","0.0005","0.0015","0.0015","0.0015","0.0015","0.0015","0.0015","0.0015"
"12-31-2025 05:00","1767157207","0.765","0.0725","0.055","0.0605","0.0415","0.0015","0.0015","0.0015","0.001","0.0015","0.0015","0.0015","0.0015","0.0015","0.0005","0.0015","0.0015","0.0015","0.0015","0.0015","0.0015","0.0015"
"12-31-2025 06:00","1767160807","0.765","0.0725","0.055","0.0605","0.0415","0.0015","0.001","0.0015","0.0015","0.0015","0.001","0.0015","0.0015","0.0015","0.0015","0.001","0.0015","0.0015","0.0015","0.0015","0.0015","0.0015"
"12-31-2025 07:00","1767164407","0.765","0.0725","0.055","0.0605","0.0415","0.0015","0.0015","0.0015","0.0015","0.0015","0.0015","0.0015","0.0015","0.0015","0.0015","0.0005","0.0015","0.0015","0.0015","0.0015","0.0015","0.0015"
"12-31-2025 08:00","1767168007","0.765","0.0725","0.045","0.0605","0.0415","0.0015","0.0015","0.0015","0.0015","0.0015","0.0015","0.0015","0.0015","0.0015","0.0015","0.0005","0.0015","0.0015","0.0015","0.0015","0.0015","0.0015"
"12-31-2025 09:00","1767171607","0.765","0.0725","0.045","0.0605","0.0415","0.0015","0.0015","0.0015","0.0015","0.0015","0.0015","0.0015","0.0015","0.0015","0.0015","0.0015","0.0015","0.0015","0.0015","0.0015","0.0015","0.0015"
"12-31-2025 10:00","1767175208","0.775","0.0725","0.045","0.0605","0.0415","0.0015","0.0015","0.0015","0.0015","0.0015","0.0015","0.0015","0.0015","0.0015","0.0015","0.0015","0.0015","0.0015","0.0015","0.0015","0.0015","0.0015"
"12-31-2025 11:00","1767178818","0.775","0.0715","0.045","0.06","0.042","0.0005","0.0015","0.0015","0.0015","0.0015","0.0015","0.0015","0.0015","0.0015","0.0015","0.0005","0.0015","0.0015","0.0015","0.0015","0.0015","0.0015"
"12-31-2025 12:00","1767182407","0.775","0.0695","0.045","0.061","0.0405","0.0015","0.0015","0.0015","0.0005","0.0015","0.0015","0.0015","0.0015","0.0015","0.0015","0.0005","0.0015","0.0015","0.0015","0.0015","0.0015","0.0015"
"12-31-2025 13:00","1767186007","0.775","0.0685","0.055","0.0595","0.0355","0.0015","0.0015","0.0005","0.0015","0.0015","0.0015","0.0015","0.0015","0.0015","0.0015","0.0015","0.0015","0.0015","0.0005","0.0015","0.0015","0.0015"
"12-31-2025 14:00","1767189607","0.775","0.0685","0.055","0.0585","0.0365","0.0015","0.0015","0.0015","0.0015","0.0015","0.0015","0.0015","0.0015","0.0015","0.0015","0.0015","0.0015","0.0015","0.001","0.0015","0.0015","0.0015"
"12-31-2025 15:00","1767193207","0.775","0.0665","0.06","0.057","0.037","0.0005","0.0015","0.0015","0.0015","0.0015","0.0015","0.0015","0.0015","0.0015","0.0005","0.0015","0.0015","0.0015","0.0005","0.0015","0.0015","0.0015"
"12-31-2025 16:00","1767196808","0.77","0.068","0.06","0.056","0.0405","0.0015","0.0015","0.0015","0.0015","0.0015","0.0015","0.0015","0.0015","0.0015","0.0015","0.0015","0.0015","0.0015","0.0015","0.0015","0.0015","0.0015"
"12-31-2025 17:00","1767200409","0.775","0.066","0.055","0.056","0.0395","0.0015","0.0015","0.0015","0.0015","0.0015","0.0015","0.0015","0.0015","0.0015","0.0015","0.0005","0.0015","0.0015","0.0015","0.0015","0.0015","0.0015"
"12-31-2025 18:00","1767204009","0.775","0.065","0.055","0.0555","0.039","0.0005","0.0015","0.0015","0.0015","0.0015","0.0015","0.0015","0.0015","0.0015","0.0015","0.0015","0.0015","0.0015","0.0015","0.0005","0.0015","0.0015"
"12-31-2025 19:00","1767207625","0.775","0.067","0.055","0.056","0.0385","0.0015","0.0015","0.0015","0.0015","0.0015","0.0015","0.0015","0.0015","0.0015","0.0015","0.0015","0.0015","0.0015","0.0015","0.0015","0.0015","0.0015"
"12-31-2025 20:00","1767211208","0.775","0.0625","0.055","0.0565","0.0375","0.0015","0.0015","0.0015","0.0015","0.0015","0.0015","0.0015","0.0015","0.0015","0.0015","0.0015","0.0015","0.0015","0.0005","0.0015","0.0015","0.0015"
"12-31-2025 21:00","1767214809","0.775","0.0555","0.055","0.0555","0.0375","0.0015","0.0015","0.0015","0.0015","0.0005","0.0015","0.0015","0.0015","0.0015","0.0015","0.0015","0.0015","0.0015","0.0015","0.0015","0.0015","0.0015"
"12-31-2025 22:00","1767218408","0.775","0.0575","0.055","0.0555","0.0375","0.0015","0.0015","0.0015","0.0015","0.0015","0.0015","0.0015","0.0015","0.0015","0.0015","0.0015","0.0015","0.0015","0.0015","0.0015","0.0015","0.0015"
"12-31-2025 23:00","1767222008","0.775","0.062","0.055","0.0555","0.0375","0.0015","0.0015","0.0015","0.0015","0.0015","0.0015","0.0015","0.0015","0.0015","0.0015","0.0015","0.0015","0.0015","0.0015","0.0015","0.0015","0.0015"
"01-01-2026 00:00","1767225608","0.775","0.065","0.055","0.061","0.0375","0.0015","0.0015","0.0015","0.0015","0.0015","0.0015","0.0005","0.0015","0.0015","0.0015","0.0015","0.0015","0.0015","0.0015","0.0015","0.0015","0.0015"
"01-01-2026 01:00","1767229207","0.775","0.065","0.055","0.062","0.0375","0.0015","0.0015","0.0015","0.0015","0.0015","0.0015","0.0015","0.0015","0.0015","0.0015","0.0015","0.0015","0.0015","0.0015","0.0015","0.0015","0.0015"
"01-01-2026 02:00","1767232807","0.765","0.079","0.055","0.0605","0.0375","0.0015","0.0015","0.0005","0.0005","0.0015","0.0015","0.0015","0.0015","0.0015","0.0015","0.0015","0.0015","0.0015","0.0015","0.0015","0.0005","0.0015"
"01-01-2026 03:00","1767236407","0.765","0.0785","0.055","0.0595","0.0375","0.0015","0.0015","0.0015","0.0005","0.0015","0.0005","0.0015","0.0015","0.0015","0.0015","0.0015","0.0015","0.0015","0.0015","0.0005","0.0005","0.0015"
"01-01-2026 04:00","1767240023","0.765","0.0785","0.055","0.0565","0.0365","0.0015","0.0015","0.0005","0.0015","0.0005","0.0015","0.0015","0.0005","0.0015","0.0015","0.0015","0.0015","0.0015","0.0015","0.0015","0.0015","0.0005"
"01-01-2026 05:00","1767243608","0.765","0.0775","0.055","0.0565","0.0365","0.0015","0.0015","0.0015","0.0015","0.0015","0.0015","0.0015","0.0005","0.0005","0.0015","0.0015","0.0015","0.0015","0.0005","0.0015","0.0015","0.0015"
"01-01-2026 06:00","1767247209","0.765","0.0755","0.055","0.0555","0.0365","0.0015","0.0015","0.0015","0.0005","0.0015","0.0015","0.0015","0.0005","0.0015","0.0015","0.0015","0.0015","0.0015","0.0005","0.0015","0.0015","0.0015"
"01-01-2026 07:00","1767250807","0.77","0.0755","0.055","0.0575","0.0365","0.0005","0.0015","0.0015","0.0015","0.0015","0.0015","0.0015","0.0005","0.0015","0.0015","0.0015","0.0015","0.0015","0.0015","0.0015","0.0015","0.0005"
"01-01-2026 08:00","1767254407","0.77","0.0715","0.055","0.0565","0.0355","0.0015","0.0015","0.0015","0.0015","0.0015","0.0015","0.0015","0.0005","0.0015","0.0015","0.0015","0.0015","0.0015","0.0015","0.0015","0.0015","0.0015"
"01-01-2026 09:00","1767258008","0.765","0.075","0.055","0.0565","0.0355","0.0015","0.0015","0.0015","0.0015","0.0015","0.0015","0.0005","0.0015","0.0015","0.0005","0.0015","0.0015","0.0015","0.0015","0.0015","0.0015","0.0015"
"01-01-2026 10:00","1767261607","0.775","0.0755","0.055","0.0565","0.0325","0.0015","0.0015","0.0015","0.0015","0.0015","0.0015","0.0015","0.0015","0.0015","0.0015","0.0015","0.0015","0.0015","0.0015","0.0015","0.0015","0.0015"
"01-01-2026 11:00","1767265207","0.775","0.0755","0.055","0.0565","0.0325","0.0015","0.0015","0.0015","0.0015","0.0015","0.0015","0.0015","0.0015","0.0015","0.0015","0.0015","0.0015","0.0015","0.0015","0.0015","0.0015","0.0015"
"01-01-2026 12:00","1767268806","0.765","0.075","0.055","0.0565","0.0315","0.0015","0.0015","0.0015","0.0015","0.0015","0.0015","0.0015","0.0015","0.0015","0.0015","0.0015","0.0015","0.0015","0.0015","0.0015","0.0015","0.0015"
"01-01-2026 13:00","1767272418","0.765","0.075","0.055","0.0555","0.0305","0.0015","0.0015","0.0005","0.0015","0.0015","0.0015","0.0015","0.0015","0.0015","0.0015","0.0015","0.0015","0.0015","0.0015","0.0015","0.0015","0.0015"
"01-01-2026 14:00","1767276006","0.765","0.0755","0.055","0.0555","0.0305","0.0005","0.0015","0.0015","0.0015","0.0015","0.0015","0.0015","0.0015","0.0015","0.0015","0.0015","0.0015","0.0015","0.0015","0.0015","0.0015","0.0005"
"01-01-2026 15:00","1767279607","0.775","0.0745","0.055","0.0565","0.0325","0.0015","0.0015","0.0015","0.0015","0.0015","0.0015","0.0015","0.0015","0.0015","0.0015","0.0015","0.0015","0.0015","0.0015","0.0005","0.0015","0.0015"
"01-01-2026 16:00","1767283206","0.775","0.073","0.055","0.0565","0.0325","0.0015","0.0015","0.0015","0.0015","0.0015","0.0015","0.0015","0.0015","0.0015","0.0015","0.0015","0.0015","0.0015","0.0015","0.0015","0.0015","0.0015"
"01-01-2026 17:00","1767286807","0.775","0.073","0.055","0.0565","0.0325","0.0015","0.0015","0.0005","0.0015","0.0015","0.0005","0.0015","0.0015","0.0015","0.0015","0.0015","0.0015","0.0015","0.0015","0.0005","0.0015","0.0015"
"01-01-2026 18:00","1767290408","0.755","0.073","0.06","0.0565","0.0325","0.0015","0.0015","0.0015","0.0015","0.0015","0.0005","0.0015","0.0015","0.0015","0.0015","0.0015","0.0005","0.0015","0.0015","0.0005","0.0005","0.0015"
"01-01-2026 19:00","1767294006","0.765","0.075","0.055","0.0585","0.0365","0.0015","0.0015","0.0015","0.0015","0.0015","0.0015","0.0015","0.0015","0.0015","0.0015","0.0015","0.0015","0.0015","0.0015","0.0015","0.0015","0.0015"
"01-01-2026 20:00","1767297618","0.765","0.0745","0.055","0.0575","0.036","0.0015","0.0015","0.0015","0.0015","0.0015","0.0015","0.0005","0.0015","0.0015","0.0015","0.0015","0.0015","0.0015","0.0015","0.0015","0.0015","0.0015"
"01-01-2026 21:00","1767301206","0.765","0.0745","0.055","0.0545","0.0405","0.0015","0.0015","0.0015","0.0015","0.0015","0.0015","0.0015","0.0015","0.0005","0.0015","0.0015","0.0015","0.0015","0.0015","0.0015","0.0015","0.0015"
"01-01-2026 22:00","1767304807","0.765","0.0725","0.055","0.0555","0.0405","0.0015","0.0015","0.0015","0.0015","0.0015","0.0015","0.0015","0.0015","0.0015","0.0015","0.0015","0.0015","0.0015","0.0015","0.0015","0.0015","0.0015"
"01-01-2026 23:00","1767308408","0.765","0.0715","0.055","0.0555","0.0405","0.0015","0.0015","0.0015","0.0015","0.0015","0.0015","0.0015","0.0015","0.0015","0.0015","0.0015","0.0015","0.0015","0.0015","0.0015","0.0015","0.0015"
"01-02-2026 00:00","1767312008","0.765","0.0725","0.055","0.0545","0.0405","0.0015","0.0015","0.0015","0.0015","0.0015","0.0015","0.0015","0.0015","0.0015","0.0015","0.0015","0.0015","0.0015","0.0015","0.0015","0.0015","0.0015"
"01-02-2026 01:00","1767315607","0.765","0.0725","0.055","0.0545","0.0405","0.0015","0.0015","0.0015","0.0015","0.0015","0.0015","0.0015","0.0015","0.0015","0.0015","0.0015","0.0015","0.0015","0.0015","0.0015","0.0015","0.0015"
"01-02-2026 02:00","1767319208","0.765","0.0725","0.055","0.0545","0.0405","0.0015","0.0015","0.0015","0.0015","0.0015","0.0015","0.0015","0.0015","0.0015","0.0015","0.0015","0.0015","0.0015","0.0015","0.0015","0.0015","0.0015"
"01-02-2026 03:00","1767322809","0.765","0.0675","0.055","0.054","0.0405","0.0015","0.0015","0.0015","0.0015","0.0015","0.0015","0.0015","0.0015","0.0015","0.0015","0.0015","0.0015","0.0015","0.0015","0.0015","0.0015","0.0015"
"01-02-2026 04:00","1767326406","0.775","0.0675","0.055","0.054","0.0405","0.0015","0.0015","0.0015","0.0015","0.0015","0.0015","0.0015","0.0015","0.0015","0.0015","0.0015","0.0015","0.0015","0.0015","0.0015","0.0015","0.0015"
"01-02-2026 05:00","1767330008","0.775","0.0685","0.045","0.0535","0.0405","0.0015","0.0015","0.0015","0.0015","0.0015","0.0015","0.0015","0.0015","0.0015","0.0015","0.0015","0.0015","0.0015","0.0015","0.0015","0.0015","0.0015"
"01-02-2026 06:00","1767333607","0.775","0.068","0.045","0.0535","0.0405","0.0015","0.0015","0.0015","0.0015","0.0015","0.0015","0.0015","0.0015","0.0015","0.0015","0.0015","0.0015","0.0015","0.0015","0.0015","0.0015","0.0015"
"01-02-2026 07:00","1767337206","0.765","0.068","0.055","0.0515","0.0405","0.0015","0.0015","0.0015","0.0015","0.0015","0.0015","0.0015","0.0015","0.0015","0.0015","0.0015","0.0015","0.0015","0.0015","0.0015","0.0015","0.0015"
"01-02-2026 08:00","1767340807","0.77","0.068","0.055","0.0515","0.0405","0.0015","0.0015","0.0015","0.0015","0.0015","0.0015","0.0015","0.0015","0.0015","0.0015","0.0015","0.0015","0.0015","0.0015","0.0015","0.0015","0.0015"
"01-02-2026 09:00","1767344407","0.77","0.068","0.055","0.0515","0.0405","0.0015","0.0015","0.0015","0.0015","0.0015","0.0015","0.0015","0.0015","0.0015","0.0015","0.0015","0.0015","0.0015","0.0015","0.0015","0.0015","0.0015"
"01-02-2026 10:00","1767348009","0.775","0.0665","0.045","0.054","0.0405","0.0015","0.0015","0.0015","0.0015","0.0015","0.0015","0.0015","0.0015","0.0015","0.0015","0.0015","0.0015","0.0015","0.0015","0.0015","0.0015","0.0015"
"01-02-2026 11:00","1767351608","0.775","0.0665","0.045","0.0535","0.0405","0.0015","0.0015","0.0015","0.0015","0.0015","0.0015","0.0015","0.0015","0.0015","0.0015","0.0015","0.0015","0.0015","0.0015","0.0015","0.0015","0.0015"
"01-02-2026 12:00","1767355207","0.785","0.0665","0.045","0.054","0.0395","0.0015","0.0015","0.0015","0.0015","0.0015","0.0015","0.0015","0.0015","0.0015","0.0015","0.0015","0.0015","0.0015","0.0015","0.0015","0.0015","0.0015"
"01-02-2026 13:00","1767358806","0.785","0.0645","0.045","0.054","0.0385","0.0015","0.0015","0.0015","0.0015","0.0015","0.0015","0.0015","0.0015","0.0015","0.0015","0.0015","0.0015","0.0015","0.0015","0.0015","0.0015","0.0015"
"01-02-2026 14:00","1767362407","0.785","0.0655","0.045","0.0545","0.0375","0.0015","0.0015","0.0015","0.0015","0.0015","0.0015","0.0015","0.0015","0.0015","0.0015","0.0015","0.0015","0.0015","0.0015","0.0015","0.0015","0.0015"
"01-02-2026 15:00","1767366008","0.785","0.0655","0.045","0.0545","0.0385","0.0015","0.0015","0.0015","0.0015","0.0015","0.0015","0.0015","0.0015","0.0015","0.0015","0.0015","0.0015","0.0015","0.0005","0.0005","0.0015","0.0015"
"01-02-2026 16:00","1767369608","0.785","0.069","0.055","0.052","0.043","0.0015","0.0005","0.0015","0.0015","0.0015","0.0005","0.0015","0.0005","0.0005","0.0005","0.0015","0.0005","0.0005","0.0015","0.0005","0.0005","0.0005"
"01-02-2026 17:00","1767373208","0.785","0.0715","0.055","0.0515","0.0405","0.0015","0.0005","0.0015","0.0015","0.0015","0.0005","0.0005","0.0005","0.0005","0.0005","0.0005","0.0005","0.0005","0.0015","0.0005","0.0005","0.0005"
"01-02-2026 18:00","1767376821","0.785","0.0685","0.055","0.0495","0.0405","0.0015","0.0015","0.0015","0.0015","0.0005","0.0015","0.0005","0.0015","0.0015","0.0015","0.0015","0.0005","0.0005","0.0015","0.0015","0.0005","0.0015"
"01-02-2026 19:00","1767380407","0.785","0.0695","0.055","0.05","0.0365","0.0015","0.0005","0.0015","0.0015","0.0015","0.0015","0.0015","0.0015","0.0015","0.0015","0.0015","0.0015","0.0005","0.0015","0.0005","0.0005","0.0015"
"01-02-2026 20:00","1767384008","0.785","0.0705","0.055","0.0495","0.0355","0.0015","0.0015","0.0005","0.0015","0.0015","0.0015","0.0015","0.0015","0.0015","0.0015","0.0015","0.0005","0.0015","0.0015","0.0015","0.0005","0.0015"
"01-02-2026 21:00","1767387608","0.785","0.0715","0.055","0.0495","0.0355","0.0015","0.0015","0.0015","0.0015","0.0015","0.0005","0.0015","0.0015","0.0015","0.0015","0.0015","0.0015","0.0015","0.0015","0.0015","0.0005","0.0015"
"01-02-2026 22:00","1767391207","0.785","0.0695","0.065","0.049","0.0365","0.0015","0.0015","0.001","0.0015","0.0005","0.0005","0.0005","0.0005","0.001","0.0005","0.0005","0.0015","0.0005","0.0015","0.0005","0.0005","0.0005"
"01-02-2026 23:00","1767394807","0.785","0.069","0.065","0.0425","0.0305","0.0015","0.0005","0.0015","0.0005","0.0005","0.0015","0.0015","0.0005","0.001","0.0015","0.0005","0.001","0.0005","0.0005","0.0005","0.0005","0.0005"
"01-03-2026 00:00","1767398408","0.785","0.0775","0.065","0.0395","0.0295","0.0015","0.0015","0.0005","0.0015","0.0015","0.0005","0.0015","0.0005","0.0005","0.0015","0.0015","0.0015","0.0005","0.0015","0.0005","0.0005","0.0015"
"01-03-2026 02:00","1767405607","0.785","0.073","0.065","0.041","0.033","0.0015","0.0015","0.0015","0.0015","0.0005","0.0015","0.0015","0.0015","0.0015","0.0015","0.0005","0.0005","0.001","0.0015","0.0015","0.0005","0.0015"
"01-03-2026 03:00","1767409208","0.785","0.0715","0.065","0.042","0.0325","0.0015","0.0015","0.0015","0.0015","0.0005","0.0015","0.0015","0.0015","0.0015","0.0015","0.001","0.0005","0.0005","0.0015","0.0015","0.0015","0.0005"
"01-03-2026 04:00","1767412809","0.79","0.0715","0.06","0.041","0.032","0.001","0.0015","0.0015","0.0015","0.0015","0.0015","0.0015","0.0005","0.0015","0.0005","0.0005","0.0005","0.0005","0.0015","0.0005","0.0005","0.0015"
"01-03-2026 05:00","1767416420","0.795","0.0715","0.055","0.04","0.0315","0.0015","0.0015","0.0015","0.0015","0.0015","0.0015","0.0015","0.0005","0.0015","0.0015","0.0005","0.0005","0.0005","0.0015","0.0005","0.0015","0.0015"
"01-03-2026 06:00","1767420009","0.795","0.0715","0.055","0.0395","0.0315","0.0015","0.0015","0.0015","0.0015","0.0015","0.0015","0.0015","0.0005","0.0015","0.0015","0.0015","0.0015","0.0005","0.0015","0.0005","0.0015","0.0015"
"01-03-2026 07:00","1767423608","0.795","0.0715","0.055","0.0395","0.033","0.0015","0.0015","0.0015","0.0015","0.0015","0.0015","0.0015","0.0005","0.0015","0.0015","0.0015","0.0015","0.0005","0.0015","0.0005","0.0015","0.0015"
"01-03-2026 08:00","1767427207","0.785","0.0715","0.055","0.0395","0.0325","0.0015","0.0015","0.0015","0.0015","0.0015","0.0015","0.0015","0.0005","0.0015","0.0015","0.0015","0.0015","0.0015","0.0015","0.0015","0.0015","0.0015"
"01-03-2026 09:00","1767430819","0.785","0.0715","0.055","0.041","0.0315","0.0015","0.0015","0.0015","0.0015","0.0015","0.0015","0.0015","0.0015","0.0015","0.0015","0.0015","0.0015","0.0005","0.0015","0.0015","0.0015","0.0015"
"01-03-2026 10:00","1767434407","0.785","0.0725","0.055","0.041","0.0315","0.0015","0.0015","0.0015","0.0015","0.0015","0.0015","0.0015","0.0015","0.0015","0.0015","0.0015","0.0015","0.0005","0.0015","0.0015","0.0015","0.0015"
"01-03-2026 11:00","1767438007","0.795","0.0725","0.055","0.042","0.0315","0.0015","0.0015","0.0015","0.001","0.0015","0.0015","0.0015","0.0015","0.0015","0.0015","0.0015","0.0015","0.0005","0.0015","0.0015","0.0015","0.0015"
"01-03-2026 12:00","1767441607","0.795","0.077","0.055","0.0415","0.0305","0.0005","0.0015","0.0005","0.001","0.0015","0.0005","0.0015","0.0015","0.0015","0.0015","0.0015","0.0015","0.0005","0.0015","0.0015","0.0005","0.0015"
"01-03-2026 13:00","1767445207","0.795","0.0715","0.06","0.041","0.031","0.0005","0.0005","0.0005","0.0005","0.0005","0.0015","0.0005","0.0005","0.0005","0.0005","0.0015","0.0005","0.0005","0.0015","0.0005","0.0005","0.0005"
"01-03-2026 14:00","1767448809","0.795","0.0735","0.055","0.041","0.0345","0.0005","0.0015","0.0005","0.0005","0.0005","0.0015","0.0005","0.0015","0.0005","0.0015","0.0015","0.0005","0.0005","0.0015","0.0005","0.0005","0.0005"
"01-03-2026 15:00","1767452423","0.805","0.0705","0.055","0.0405","0.034","0.0005","0.001","0.0015","0.0005","0.0005","0.0005","0.0005","0.0005","0.0005","0.0005","0.0015","0.0005","0.0005","0.0015","0.0005","0.0005","0.0005"
"01-03-2026 16:00","1767456008","0.795","0.0725","0.055","0.0415","0.0295","0.0015","0.0015","0.0015","0.0005","0.0005","0.0005","0.0005","0.0005","0.0015","0.0015","0.0015","0.0015","0.0015","0.0015","0.0015","0.0005","0.0005"
"01-03-2026 17:00","1767459607","0.805","0.0705","0.055","0.043","0.0295","0.0015","0.0005","0.0005","0.0005","0.0015","0.001","0.0005","0.0005","0.0005","0.0005","0.0015","0.0005","0.0005","0.0015","0.0005","0.0005","0.0015"
"01-03-2026 18:00","1767463207","0.805","0.0695","0.055","0.041","0.032","0.0015","0.001","0.001","0.0005","0.0005","0.0005","0.0005","0.0005","0.0005","0.0005","0.0015","0.0005","0.0005","0.0015","0.0005","0.0005","0.0005"
"01-03-2026 19:00","1767466808","0.805","0.0695","0.055","0.043","0.0325","0.0015","0.0005","0.0005","0.0005","0.0005","0.0005","0.0005","0.0005","0.0005","0.0005","0.0015","0.0005","0.0005","0.0005","0.0005","0.0005","0.0005"
"01-03-2026 20:00","1767470409","0.795","0.0695","0.055","0.052","0.0335","0.0015","0.0005","0.0005","0.0005","0.0005","0.0005","0.0005","0.0005","0.0005","0.0005","0.0015","0.0005","0.0005","0.0005","0.0005","0.0005","0.0005"
"01-03-2026 21:00","1767474009","0.785","0.0685","0.055","0.053","0.0355","0.0015","0.0005","0.0005","0.0005","0.0005","0.0005","0.0005","0.0005","0.0005","0.0005","0.0015","0.0005","0.0005","0.0005","0.0005","0.0005","0.0005"
"01-03-2026 22:00","1767477608","0.785","0.0685","0.055","0.0535","0.036","0.0015","0.0005","0.0005","0.0005","0.0005","0.0005","0.001","0.0005","0.0005","0.0005","0.0015","0.0005","0.0005","0.0005","0.0005","0.0005","0.0005"
"01-03-2026 23:00","1767481207","0.79","0.0685","0.055","0.0535","0.0365","0.0015","0.0005","0.0005","0.0005","0.0005","0.0005","0.0005","0.0005","0.0005","0.0005","0.0015","0.0005","0.0005","0.0005","0.0005","0.0005","0.0005"
"01-04-2026 00:00","1767484808","0.785","0.0685","0.065","0.0515","0.034","0.0005","0.0005","0.0005","0.0005","0.0005","0.0005","0.0005","0.0005","0.0005","0.0005","0.0015","0.0005","0.0005","0.0005","0.0005","0.0005","0.0005"
"01-04-2026 01:00","1767488407","0.785","0.0685","0.065","0.0525","0.0355","0.0005","0.0005","0.0005","0.0005","0.0005","0.0005","0.0005","0.0005","0.0005","0.0005","0.0015","0.0005","0.0005","0.0005","0.0005","0.0005","0.0005"
"01-04-2026 02:00","1767492008","0.785","0.0695","0.065","0.0525","0.036","0.0005","0.0005","0.0005","0.0005","0.0005","0.0005","0.0005","0.0005","0.0005","0.0005","0.0015","0.0005","0.0005","0.0005","0.0005","0.0005","0.0005"
"01-04-2026 03:00","1767495622","0.78","0.07","0.065","0.0515","0.0365","0.0005","0.0005","0.0005","0.0005","0.0005","0.0005","0.0005","0.0005","0.0005","0.0005","0.0015","0.0005","0.0005","0.0005","0.0005","0.0005","0.0005"
"01-04-2026 04:00","1767499209","0.785","0.073","0.065","0.051","0.0365","0.0005","0.0005","0.0005","0.0005","0.0005","0.0005","0.0005","0.0005","0.0005","0.0005","0.0015","0.0005","0.0005","0.0005","0.0005","0.0005","0.0005"
"01-04-2026 05:00","1767502807","0.78","0.0735","0.07","0.052","0.0355","0.0005","0.0005","0.0005","0.0005","0.0005","0.0005","0.0005","0.0005","0.0005","0.0005","0.0015","0.0005","0.0005","0.0005","0.0005","0.0005","0.0005"
"01-04-2026 06:00","1767506406","0.78","0.073","0.07","0.052","0.036","0.0005","0.0005","0.0005","0.0005","0.0005","0.0005","0.0005","0.0005","0.0005","0.0005","0.0015","0.0005","0.0005","0.0005","0.0005","0.0005","0.0005"
"01-04-2026 07:00","1767510008","0.785","0.073","0.07","0.0445","0.037","0.0005","0.0005","0.0005","0.0005","0.0005","0.0005","0.0005","0.0005","0.0005","0.0005","0.0015","0.0005","0.0005","0.0005","0.0005","0.0005","0.0005"
"01-04-2026 08:00","1767513607","0.785","0.0705","0.07","0.0425","0.0375","0.0005","0.0005","0.0005","0.0005","0.0005","0.0005","0.0005","0.0005","0.0005","0.0005","0.0015","0.0005","0.0005","0.0005","0.0005","0.0005","0.0005"
"01-04-2026 09:00","1767517207","0.785","0.071","0.065","0.0405","0.035","0.0005","0.0005","0.0005","0.0005","0.0005","0.0005","0.0005","0.0005","0.0005","0.0005","0.0015","0.0005","0.0005","0.0005","0.0005","0.0005","0.0005"
"01-04-2026 10:00","1767520807","0.795","0.0715","0.065","0.0425","0.0345","0.0005","0.0005","0.0005","0.0005","0.0005","0.0005","0.0005","0.0005","0.0005","0.0005","0.0015","0.0005","0.0005","0.0005","0.0005","0.0005","0.0005"
"01-04-2026 11:00","1767524412","0.785","0.0715","0.065","0.043","0.035","0.0005","0.0005","0.0005","0.0005","0.0005","0.0005","0.0005","0.0005","0.0005","0.0005","0.0015","0.0005","0.0005","0.0005","0.0005","0.0005","0.0005"
"01-04-2026 12:00","1767528008","0.785","0.0715","0.055","0.0455","0.037","0.0005","0.0005","0.0005","0.0005","0.0005","0.0005","0.0005","0.0005","0.0005","0.0005","0.0015","0.0005","0.0005","0.0005","0.0005","0.0005","0.0005"
"01-04-2026 13:00","1767531607","0.785","0.0715","0.065","0.0455","0.037","0.0005","0.0005","0.0005","0.0005","0.0005","0.0005","0.0005","0.0005","0.0005","0.0005","0.0015","0.0005","0.0005","0.0005","0.0005","0.0005","0.0005"
"01-04-2026 14:00","1767535207","0.785","0.072","0.07","0.042","0.036","0.0005","0.0005","0.0005","0.0005","0.0005","0.0005","0.0005","0.0005","0.0005","0.0005","0.0005","0.0005","0.0005","0.0005","0.0005","0.0005","0.0005"
"01-04-2026 15:00","1767538813","0.785","0.0735","0.075","0.0375","0.0375","0.0005","0.0005","0.0005","0.0005","0.0005","0.0005","0.0005","0.0005","0.0005","0.0005","0.0005","0.0005","0.0005","0.0005","0.0005","0.0005","0.0005"
"01-04-2026 16:00","1767542407","0.78","0.0755","0.065","0.038","0.047","0.0005","0.0005","0.0005","0.0005","0.001","0.0005","0.0005","0.0005","0.0005","0.0005","0.0005","0.001","0.0005","0.0005","0.0005","0.0005","0.0005"
"01-04-2026 17:00","1767546008","0.785","0.0755","0.065","0.0385","0.041","0.0005","0.0005","0.0005","0.0005","0.001","0.0005","0.0005","0.0005","0.0005","0.0005","0.0005","0.001","0.0005","0.0005","0.0005","0.0005","0.0005"
"01-04-2026 18:00","1767549607","0.785","0.0765","0.065","0.039","0.0395","0.0005","0.0005","0.0005","0.0005","0.0005","0.0005","0.0005","0.0005","0.0005","0.0005","0.0005","0.001","0.0005","0.0005","0.0005","0.0005","0.0005"
"01-04-2026 19:00","1767553208","0.775","0.0765","0.065","0.039","0.0435","0.0005","0.0005","0.0005","0.001","0.0005","0.0005","0.0005","0.0005","0.0005","0.0005","0.0005","0.001","0.0005","0.0005","0.0005","0.0005","0.0005"
"01-04-2026 20:00","1767556825","0.775","0.0775","0.065","0.0415","0.0445","0.0005","0.0005","0.0005","0.0005","0.001","0.0005","0.0005","0.0005","0.0005","0.0005","0.0005","0.0005","0.0005","0.0005","0.0005","0.0005","0.0005"
"01-04-2026 21:00","1767560410","0.775","0.0775","0.065","0.0445","0.0465","0.0005","0.0005","0.0005","0.0005","0.001","0.0005","0.0005","0.0005","0.0005","0.0005","0.0005","0.0005","0.0005","0.0005","0.0005","0.0005","0.0005"
"01-04-2026 22:00","1767564008","0.775","0.0795","0.065","0.043","0.0445","0.0005","0.0005","0.0005","0.001","0.0005","0.0005","0.0005","0.001","0.0005","0.0005","0.0005","0.001","0.0005","0.0005","0.0005","0.0005","0.0005"
"01-04-2026 23:00","1767567608","0.775","0.082","0.065","0.043","0.0425","0.0005","0.0005","0.0005","0.001","0.0005","0.0005","0.0005","0.0005","0.0005","0.0005","0.0005","0.0005","0.0005","0.0005","0.0005","0.0005","0.0005"
"01-05-2026 00:00","1767571208","0.775","0.0835","0.065","0.0375","0.044","0.0005","0.0005","0.0005","0.0005","0.0005","0.0005","0.0005","0.0005","0.0005","0.0005","0.0005","0.001","0.0005","0.0005","0.0005","0.0005","0.0005"
"01-05-2026 01:00","1767574808","0.775","0.0865","0.065","0.0415","0.041","0.0005","0.0005","0.0005","0.0005","0.0005","0.0005","0.0005","0.0005","0.0005","0.0005","0.0005","0.0005","0.0005","0.0005","0.0005","0.0005","0.0005"
"01-05-2026 02:00","1767578408","0.775","0.087","0.065","0.0415","0.037","0.0005","0.0005","0.0005","0.0005","0.0005","0.0005","0.0005","0.0005","0.0005","0.0005","0.0005","0.0005","0.0005","0.0005","0.0005","0.0005","0.0005"
"01-05-2026 03:00","1767582008","0.775","0.087","0.055","0.0425","0.0365","0.0005","0.0005","0.0005","0.0005","0.0005","0.0005","0.0005","0.0005","0.0005","0.0005","0.0005","0.0005","0.0005","0.0005","0.0005","0.0005","0.0005"
"01-05-2026 04:00","1767585607","0.775","0.088","0.055","0.0425","0.0365","0.0005","0.0005","0.0005","0.0005","0.0005","0.0005","0.0005","0.0005","0.0005","0.0005","0.0005","0.0005","0.0005","0.0005","0.0005","0.0005","0.0005"
"01-05-2026 05:00","1767589222","0.785","0.0855","0.055","0.0425","0.0365","0.0005","0.0005","0.0005","0.0005","0.0005","0.0005","0.0005","0.0005","0.0005","0.0005","0.0005","0.0005","0.0005","0.0005","0.0005","0.0005","0.0005"
"01-05-2026 06:00","1767592807","0.785","0.086","0.055","0.043","0.0365","0.0005","0.0005","0.0005","0.0005","0.0005","0.0005","0.0005","0.0005","0.0005","0.0005","0.0005","0.0005","0.0005","0.0005","0.0005","0.0005","0.0005"
"01-05-2026 07:00","1767596408","0.79","0.086","0.05","0.043","0.0405","0.0005","0.0005","0.0005","0.0005","0.0005","0.0005","0.0005","0.0005","0.0005","0.0005","0.0005","0.0005","0.0005","0.0005","0.0005","0.0005","0.0005"
"01-05-2026 08:00","1767600009","0.785","0.086","0.055","0.0425","0.0405","0.0005","0.0005","0.0005","0.0005","0.0005","0.0005","0.0005","0.0005","0.0005","0.0005","0.0005","0.0005","0.0005","0.0005","0.0005","0.0005","0.0005"
"01-05-2026 09:00","1767603612","0.785","0.083","0.055","0.0425","0.0385","0.0005","0.0005","0.0005","0.0005","0.0005","0.0005","0.0005","0.0005","0.0005","0.0005","0.0005","0.0005","0.0005","0.0005","0.0005","0.0005","0.0005"
"01-05-2026 10:00","1767607207","0.785","0.083","0.055","0.043","0.0365","0.0005","0.0005","0.0005","0.0005","0.0005","0.0005","0.0005","0.0005","0.0005","0.0005","0.0005","0.0005","0.0005","0.0005","0.0005","0.0005","0.0005"
"01-05-2026 11:00","1767610807","0.785","0.0845","0.055","0.04","0.04","0.0005","0.0005","0.0005","0.0005","0.0005","0.0005","0.0005","0.0005","0.0005","0.0005","0.0005","0.0005","0.0005","0.0005","0.0005","0.0005","0.0005"
"01-05-2026 12:00","1767614407","0.785","0.0845","0.055","0.0395","0.0405","0.0005","0.0005","0.0005","0.0005","0.0005","0.0005","0.0005","0.0005","0.0005","0.0005","0.0005","0.0005","0.0005","0.0005","0.0005","0.0005","0.0005"
"01-05-2026 13:00","1767618007","0.785","0.0845","0.055","0.0405","0.041","0.0005","0.0005","0.0005","0.0005","0.0005","0.0005","0.0005","0.0005","0.0005","0.0005","0.0005","0.0005","0.0005","0.0005","0.0005","0.0005","0.0005"
"01-05-2026 14:00","1767621607","0.775","0.0845","0.055","0.042","0.0395","0.0005","0.0005","0.0005","0.0005","0.0005","0.0005","0.0005","0.0005","0.0005","0.0005","0.0005","0.0005","0.0005","0.0005","0.0005","0.0005","0.0005"
"01-05-2026 15:00","1767625207","0.775","0.0845","0.055","0.043","0.0395","0.0005","0.0005","0.0005","0.0005","0.0005","0.0005","0.0005","0.0005","0.0005","0.0005","0.0005","0.0005","0.0005","0.0005","0.0005","0.0005","0.0005"
"01-05-2026 16:00","1767628808","0.775","0.0845","0.055","0.0435","0.0375","0.0005","0.0005","0.0005","0.0005","0.0005","0.0005","0.0005","0.0005","0.0005","0.0005","0.0005","0.0005","0.0005","0.0005","0.0005","0.0005","0.0005"
"01-05-2026 17:00","1767632408","0.775","0.0845","0.055","0.0435","0.04","0.0005","0.0005","0.0005","0.0005","0.0005","0.0005","0.0005","0.0005","0.0005","0.0005","0.0005","0.0005","0.0005","0.0005","0.0005","0.0005","0.0005"
"01-05-2026 18:00","1767636008","0.775","0.0845","0.055","0.045","0.04","0.0005","0.0005","0.0005","0.0005","0.0005","0.0005","0.0005","0.0005","0.0005","0.0005","0.0005","0.0005","0.0005","0.0005","0.0005","0.0005","0.001"
"01-05-2026 19:00","1767639608","0.775","0.0845","0.055","0.0455","0.0395","0.0005","0.0005","0.0005","0.0005","0.001","0.0005","0.0005","0.0005","0.0005","0.0005","0.0005","0.0005","0.0005","0.0005","0.0005","0.0005","0.0005"
"01-05-2026 20:00","1767643207","0.775","0.085","0.055","0.0455","0.0405","0.0005","0.0005","0.0005","0.0005","0.001","0.001","0.0005","0.0005","0.0005","0.0005","0.0005","0.0005","0.0005","0.0005","0.0005","0.0005","0.0005"
"01-05-2026 21:00","1767646809","0.62","0.171","0.085","0.084","0.041","0.0005","0.0005","0.0005","0.0005","0.0005","0.0005","0.0005","0.0005","0.0005","0.0005","0.0005","0.0005","0.0005","0.0005","0.0005","0.0005","0.0005"
"01-05-2026 22:00","1767650425","0.63","0.162","0.095","0.0905","0.04","0.0005","0.0005","0.0005","0.0005","0.0005","0.0005","0.0005","0.0005","0.0005","0.0005","0.0005","0.0005","0.0005","0.0005","0.0005","0.0005","0.0005"
"01-05-2026 23:00","1767654007","0.55","0.1805","0.145","0.088","0.041","0.0005","0.0005","0.0005","0.0005","0.0005","0.0005","0.0005","0.0005","0.0005","0.0005","0.0005","0.0005","0.0005","0.0005","0.0005","0.0005","0.0005"
"01-06-2026 00:00","1767657611","0.585","0.168","0.135","0.0835","0.0385","0.0005","0.0005","0.0005","0.0005","0.0005","0.0005","0.0005","0.0005","0.0005","0.0005","0.0005","0.0005","0.0005","0.0005","0.0005","0.0005","0.0005"
"01-06-2026 01:00","1767661214","0.59","0.168","0.125","0.0815","0.038","0.0005","0.0005","0.0005","0.0005","0.0005","0.0005","0.0005","0.0005","0.0005","0.0005","0.0005","0.0005","0.0005","0.0005","0.0005","0.0005","0.0005"
"01-06-2026 02:00","1767664807","0.57","0.184","0.125","0.0805","0.0395","0.0005","0.0005","0.0005","0.0005","0.0005","0.0005","0.0005","0.0005","0.0005","0.0005","0.0005","0.0005","0.0005","0.0005","0.0005","0.0005","0.0005"
"01-06-2026 03:00","1767668408","0.565","0.181","0.135","0.0845","0.0395","0.0005","0.0005","0.0005","0.0005","0.0005","0.0005","0.0005","0.0005","0.0005","0.0005","0.0005","0.0005","0.0005","0.0005","0.0005","0.0005","0.0005"
"01-06-2026 04:00","1767672009","0.55","0.179","0.135","0.107","0.0405","0.0005","0.0005","0.0005","0.0005","0.0005","0.0005","0.0005","0.0005","0.0005","0.0005","0.0005","0.0005","0.0005","0.0005","0.0005","0.0005","0.0005"
"01-06-2026 05:00","1767675607","0.515","0.179","0.155","0.123","0.0395","0.0005","0.0005","0.0005","0.0005","0.0005","0.0005","0.0005","0.0005","0.0005","0.0005","0.0005","0.0005","0.0005","0.0005","0.0005","0.0005","0.0005"
"01-06-2026 06:00","1767679209","0.515","0.1805","0.145","0.1255","0.0355","0.0005","0.0005","0.0005","0.0005","0.0005","0.0005","0.0005","0.0005","0.0005","0.0005","0.0005","0.0005","0.0005","0.0005","0.0005","0.0005","0.0005"
"01-06-2026 07:00","1767682811","0.505","0.1855","0.145","0.129","0.0365","0.0005","0.0005","0.0005","0.0005","0.0005","0.0005","0.0005","0.0005","0.0005","0.0005","0.0005","0.0005","0.0005","0.0005","0.0005","0.0005","0.0005"
"01-06-2026 08:00","1767686410","0.525","0.1755","0.135","0.114","0.0385","0.0005","0.0005","0.0005","0.0005","0.0005","0.0005","0.0005","0.0005","0.0005","0.0005","0.0005","0.0005","0.0005","0.0005","0.0005","0.0005","0.0005"
"01-06-2026 09:00","1767690009","0.505","0.175","0.155","0.106","0.0385","0.0005","0.0005","0.0005","0.0005","0.0005","0.0005","0.0005","0.0005","0.0005","0.0005","0.0005","0.0005","0.0005","0.0005","0.0005","0.0005","0.0005"
"01-06-2026 10:00","1767693607","0.46","0.1765","0.155","0.1175","0.039","0.0005","0.0005","0.0005","0.0005","0.0005","0.0005","0.0005","0.0005","0.0005","0.0005","0.0005","0.0005","0.0005","0.0005","0.0005","0.0005","0.0005"
"01-06-2026 11:00","1767697213","0.47","0.179","0.155","0.153","0.0385","0.0005","0.0005","0.0005","0.0005","0.0005","0.0005","0.0005","0.0005","0.0005","0.0005","0.0005","0.0005","0.0005","0.0005","0.0005","0.0005","0.0005"
"01-06-2026 12:00","1767700807","0.565","0.141","0.135","0.1225","0.0395","0.0005","0.0005","0.0005","0.0005","0.0005","0.0005","0.0005","0.0005","0.0005","0.0005","0.0005","0.0005","0.0005","0.0005","0.0005","0.0005","0.0005"
"01-06-2026 13:00","1767704409","0.575","0.1215","0.115","0.1205","0.0425","0.0005","0.0005","0.0005","0.0005","0.0005","0.0005","0.0005","0.0005","0.0005","0.0005","0.0005","0.0005","0.0005","0.0005","0.0005","0.0005","0.0005"
"01-06-2026 14:00","1767708007","0.555","0.158","0.115","0.134","0.041","0.0005","0.0005","0.0005","0.0005","0.0005","0.0005","0.0005","0.0005","0.0005","0.0005","0.0005","0.0005","0.0005","0.0005","0.0005","0.0005","0.0005"
"01-06-2026 15:00","1767711613","0.525","0.1745","0.12","0.1295","0.044","0.0005","0.0005","0.0005","0.0005","0.0005","0.0005","0.0005","0.0005","0.0005","0.0005","0.0005","0.0005","0.0005","0.0005","0.0005","0.0005","0.0005"
"01-06-2026 15:51","1767714668","0.53","0.1855","0.11","0.123","0.0405","0.0005","0.0005","0.0005","0.0005","0.0005","0.0005","0.0005","0.0005","0.0005","0.0005","0.0005","0.0005","0.0005","0.0005","0.0005","0.0005","0.0005"