"Date (UTC)","Timestamp (UTC)","Price"
"12-11-2024 00:00","1733875203","0.945"
"12-11-2024 00:01","1733875263","0.945"
"12-11-2024 00:02","1733875323","0.945"
"12-11-2024 00:03","1733875383","0.945"
"12-11-2024 00:04","1733875443","0.945"
"12-11-2024 00:05","1733875503","0.945"
"12-11-2024 00:06","1733875563","0.945"
"12-11-2024 00:07","1733875623","0.945"
"12-11-2024 00:08","1733875683","0.945"
"12-11-2024 00:09","1733875743","0.945"
"12-11-2024 00:10","1733875803","0.945"
"12-11-2024 00:11","1733875863","0.945"
"12-11-2024 00:12","1733875923","0.945"
"12-11-2024 00:13","1733875982","0.945"
"12-11-2024 00:14","1733876043","0.945"
"12-11-2024 00:15","1733876103","0.945"
"12-11-2024 00:16","1733876163","0.945"
"12-11-2024 00:17","1733876223","0.945"
"12-11-2024 00:18","1733876283","0.945"
"12-11-2024 00:19","1733876343","0.945"
"12-11-2024 00:20","1733876403","0.945"
"12-11-2024 00:21","1733876463","0.945"
"12-11-2024 00:22","1733876523","0.945"
"12-11-2024 00:23","1733876583","0.945"
"12-11-2024 00:24","1733876643","0.945"
"12-11-2024 00:25","1733876703","0.945"
"12-11-2024 00:26","1733876763","0.945"
"12-11-2024 00:27","1733876823","0.945"
"12-11-2024 00:28","1733876883","0.945"
"12-11-2024 00:29","1733876943","0.945"
"12-11-2024 00:30","1733877003","0.945"
"12-11-2024 00:31","1733877063","0.945"
"12-11-2024 00:32","1733877122","0.945"
"12-11-2024 00:33","1733877182","0.945"
"12-11-2024 00:34","1733877243","0.945"
"12-11-2024 00:35","1733877303","0.945"
"12-11-2024 00:36","1733877363","0.945"
"12-11-2024 00:37","1733877423","0.945"
"12-11-2024 00:38","1733877483","0.945"
"12-11-2024 00:39","1733877543","0.945"
"12-11-2024 00:40","1733877603","0.945"
"12-11-2024 00:41","1733877663","0.945"
"12-11-2024 00:42","1733877723","0.945"
"12-11-2024 00:43","1733877783","0.945"
"12-11-2024 00:44","1733877843","0.945"
"12-11-2024 00:45","1733877903","0.945"
"12-11-2024 00:46","1733877963","0.945"
"12-11-2024 00:47","1733878023","0.945"
"12-11-2024 00:48","1733878083","0.945"
"12-11-2024 00:49","1733878143","0.945"
"12-11-2024 00:50","1733878203","0.945"
"12-11-2024 00:51","1733878263","0.945"
"12-11-2024 00:52","1733878323","0.9455"
"12-11-2024 00:53","1733878383","0.9455"
"12-11-2024 00:54","1733878443","0.9535"
"12-11-2024 00:55","1733878503","0.9535"
"12-11-2024 00:56","1733878563","0.9545"
"12-11-2024 00:57","1733878623","0.9555"
"12-11-2024 00:58","1733878683","0.9565"
"12-11-2024 00:59","1733878743","0.957"
"12-11-2024 01:00","1733878803","0.9575"
"12-11-2024 01:01","1733878863","0.9575"
"12-11-2024 01:02","1733878923","0.958"
"12-11-2024 01:03","1733878983","0.9585"
"12-11-2024 01:04","1733879043","0.9585"
"12-11-2024 01:05","1733879103","0.9585"
"12-11-2024 01:06","1733879163","0.9585"
"12-11-2024 01:07","1733879223","0.9585"
"12-11-2024 01:08","1733879283","0.9585"
"12-11-2024 01:09","1733879343","0.9585"
"12-11-2024 01:10","1733879402","0.9585"
"12-11-2024 01:11","1733879463","0.9585"
"12-11-2024 01:12","1733879523","0.9585"
"12-11-2024 01:13","1733879583","0.9585"
"12-11-2024 01:14","1733879643","0.9585"
"12-11-2024 01:15","1733879702","0.9585"
"12-11-2024 01:16","1733879763","0.9585"
"12-11-2024 01:17","1733879822","0.9585"
"12-11-2024 01:18","1733879882","0.9585"
"12-11-2024 01:19","1733879943","0.9585"
"12-11-2024 01:20","1733880003","0.9585"
"12-11-2024 01:21","1733880063","0.9585"
"12-11-2024 01:22","1733880123","0.9585"
"12-11-2024 01:23","1733880183","0.9585"
"12-11-2024 01:24","1733880243","0.9585"
"12-11-2024 01:25","1733880303","0.9585"
"12-11-2024 01:26","1733880363","0.9585"
"12-11-2024 01:27","1733880423","0.9585"
"12-11-2024 01:28","1733880483","0.9585"
"12-11-2024 01:29","1733880543","0.9585"
"12-11-2024 01:30","1733880602","0.9585"
"12-11-2024 01:31","1733880663","0.9585"
"12-11-2024 01:32","1733880723","0.9585"
"12-11-2024 01:33","1733880782","0.9585"
"12-11-2024 01:34","1733880843","0.9585"
"12-11-2024 01:35","1733880903","0.9585"
"12-11-2024 01:36","1733880963","0.9585"
"12-11-2024 01:37","1733881023","0.9585"
"12-11-2024 01:38","1733881083","0.9585"
"12-11-2024 01:39","1733881143","0.9585"
"12-11-2024 01:40","1733881203","0.9585"
"12-11-2024 01:41","1733881263","0.9585"
"12-11-2024 01:42","1733881322","0.957"
"12-11-2024 01:43","1733881383","0.9565"
"12-11-2024 01:44","1733881443","0.9565"
"12-11-2024 01:45","1733881503","0.9555"
"12-11-2024 01:46","1733881563","0.9555"
"12-11-2024 01:47","1733881623","0.9555"
"12-11-2024 01:48","1733881682","0.9555"
"12-11-2024 01:49","1733881743","0.9555"
"12-11-2024 01:50","1733881803","0.9545"
"12-11-2024 01:51","1733881863","0.9545"
"12-11-2024 01:52","1733881922","0.9545"
"12-11-2024 01:53","1733881982","0.952"
"12-11-2024 01:54","1733882043","0.952"
"12-11-2024 01:55","1733882103","0.952"
"12-11-2024 01:56","1733882163","0.952"
"12-11-2024 01:57","1733882223","0.952"
"12-11-2024 01:58","1733882282","0.952"
"12-11-2024 01:59","1733882343","0.952"
"12-11-2024 02:00","1733882403","0.952"
"12-11-2024 02:01","1733882463","0.952"
"12-11-2024 02:02","1733882523","0.952"
"12-11-2024 02:03","1733882583","0.952"
"12-11-2024 02:04","1733882643","0.952"
"12-11-2024 02:05","1733882703","0.952"
"12-11-2024 02:06","1733882763","0.952"
"12-11-2024 02:07","1733882823","0.952"
"12-11-2024 02:08","1733882883","0.9515"
"12-11-2024 02:09","1733882943","0.9515"
"12-11-2024 02:10","1733883003","0.9515"
"12-11-2024 02:11","1733883063","0.9515"
"12-11-2024 02:12","1733883123","0.952"
"12-11-2024 02:13","1733883183","0.952"
"12-11-2024 02:14","1733883243","0.952"
"12-11-2024 02:15","1733883303","0.952"
"12-11-2024 02:16","1733883363","0.952"
"12-11-2024 02:17","1733883423","0.952"
"12-11-2024 02:18","1733883483","0.952"
"12-11-2024 02:19","1733883542","0.952"
"12-11-2024 02:20","1733883603","0.952"
"12-11-2024 02:21","1733883662","0.952"
"12-11-2024 02:22","1733883723","0.952"
"12-11-2024 02:23","1733883783","0.952"
"12-11-2024 02:24","1733883843","0.952"
"12-11-2024 02:25","1733883903","0.952"
"12-11-2024 02:26","1733883963","0.952"
"12-11-2024 02:27","1733884023","0.952"
"12-11-2024 02:28","1733884083","0.952"
"12-11-2024 02:29","1733884143","0.952"
"12-11-2024 02:30","1733884202","0.952"
"12-11-2024 02:31","1733884263","0.9525"
"12-11-2024 02:32","1733884323","0.9525"
"12-11-2024 02:33","1733884383","0.9525"
"12-11-2024 02:34","1733884443","0.9525"
"12-11-2024 02:35","1733884503","0.9525"
"12-11-2024 02:36","1733884563","0.9525"
"12-11-2024 02:37","1733884622","0.9535"
"12-11-2024 02:38","1733884682","0.9535"
"12-11-2024 02:39","1733884743","0.9535"
"12-11-2024 02:40","1733884803","0.9535"
"12-11-2024 02:41","1733884862","0.9535"
"12-11-2024 02:42","1733884923","0.9535"
"12-11-2024 02:43","1733884982","0.9535"
"12-11-2024 02:44","1733885043","0.9535"
"12-11-2024 02:45","1733885103","0.9535"
"12-11-2024 02:46","1733885162","0.9535"
"12-11-2024 02:47","1733885223","0.9535"
"12-11-2024 02:48","1733885283","0.9535"
"12-11-2024 02:49","1733885343","0.9535"
"12-11-2024 02:50","1733885403","0.9535"
"12-11-2024 02:51","1733885463","0.9535"
"12-11-2024 02:52","1733885523","0.9535"
"12-11-2024 02:53","1733885582","0.9535"
"12-11-2024 02:54","1733885643","0.9535"
"12-11-2024 02:55","1733885702","0.953"
"12-11-2024 02:56","1733885763","0.953"
"12-11-2024 02:57","1733885823","0.953"
"12-11-2024 02:58","1733885883","0.953"
"12-11-2024 02:59","1733885942","0.953"
"12-11-2024 03:00","1733886003","0.953"
"12-11-2024 03:01","1733886063","0.953"
"12-11-2024 03:02","1733886123","0.953"
"12-11-2024 03:03","1733886183","0.953"
"12-11-2024 03:04","1733886243","0.953"
"12-11-2024 03:05","1733886303","0.953"
"12-11-2024 03:06","1733886363","0.953"
"12-11-2024 03:07","1733886423","0.953"
"12-11-2024 03:08","1733886483","0.954"
"12-11-2024 03:09","1733886542","0.954"
"12-11-2024 03:10","1733886603","0.954"
"12-11-2024 03:11","1733886663","0.954"
"12-11-2024 03:12","1733886722","0.954"
"12-11-2024 03:13","1733886783","0.954"
"12-11-2024 03:14","1733886843","0.954"
"12-11-2024 03:15","1733886903","0.954"
"12-11-2024 03:16","1733886963","0.954"
"12-11-2024 03:17","1733887022","0.954"
"12-11-2024 03:18","1733887083","0.954"
"12-11-2024 03:19","1733887142","0.954"
"12-11-2024 03:20","1733887203","0.954"
"12-11-2024 03:21","1733887263","0.954"
"12-11-2024 03:22","1733887323","0.954"
"12-11-2024 03:23","1733887382","0.954"
"12-11-2024 03:24","1733887443","0.954"
"12-11-2024 03:25","1733887503","0.954"
"12-11-2024 03:26","1733887563","0.954"
"12-11-2024 03:27","1733887623","0.954"
"12-11-2024 03:28","1733887683","0.954"
"12-11-2024 03:29","1733887743","0.954"
"12-11-2024 03:30","1733887803","0.954"
"12-11-2024 03:31","1733887863","0.954"
"12-11-2024 03:32","1733887923","0.953"
"12-11-2024 03:33","1733887983","0.9535"
"12-11-2024 03:34","1733888043","0.954"
"12-11-2024 03:35","1733888103","0.954"
"12-11-2024 03:36","1733888163","0.954"
"12-11-2024 03:37","1733888223","0.954"
"12-11-2024 03:38","1733888282","0.954"
"12-11-2024 03:39","1733888343","0.954"
"12-11-2024 03:40","1733888403","0.954"
"12-11-2024 03:41","1733888462","0.954"
"12-11-2024 03:42","1733888523","0.954"
"12-11-2024 03:43","1733888582","0.954"
"12-11-2024 03:44","1733888643","0.954"
"12-11-2024 03:45","1733888703","0.954"
"12-11-2024 03:46","1733888763","0.954"
"12-11-2024 03:47","1733888822","0.954"
"12-11-2024 03:48","1733888883","0.9535"
"12-11-2024 03:49","1733888943","0.954"
"12-11-2024 03:50","1733889003","0.9545"
"12-11-2024 03:51","1733889062","0.954"
"12-11-2024 03:52","1733889123","0.954"
"12-11-2024 03:53","1733889183","0.9535"
"12-11-2024 03:54","1733889243","0.9535"
"12-11-2024 03:55","1733889303","0.9535"
"12-11-2024 03:56","1733889362","0.9535"
"12-11-2024 03:57","1733889423","0.9535"
"12-11-2024 03:58","1733889483","0.954"
"12-11-2024 03:59","1733889543","0.954"
"12-11-2024 04:00","1733889603","0.954"
"12-11-2024 04:01","1733889662","0.954"
"12-11-2024 04:02","1733889723","0.954"
"12-11-2024 04:03","1733889783","0.954"
"12-11-2024 04:04","1733889843","0.954"
"12-11-2024 04:05","1733889903","0.954"
"12-11-2024 04:06","1733889963","0.954"
"12-11-2024 04:07","1733890022","0.954"
"12-11-2024 04:08","1733890082","0.954"
"12-11-2024 04:09","1733890143","0.954"
"12-11-2024 04:10","1733890203","0.954"
"12-11-2024 04:11","1733890262","0.954"
"12-11-2024 04:12","1733890322","0.954"
"12-11-2024 04:13","1733890383","0.954"
"12-11-2024 04:14","1733890443","0.954"
"12-11-2024 04:15","1733890503","0.954"
"12-11-2024 04:16","1733890563","0.954"
"12-11-2024 04:17","1733890623","0.954"
"12-11-2024 04:18","1733890683","0.954"
"12-11-2024 04:19","1733890743","0.954"
"12-11-2024 04:20","1733890803","0.954"
"12-11-2024 04:21","1733890863","0.954"
"12-11-2024 04:22","1733890923","0.9535"
"12-11-2024 04:23","1733890983","0.9535"
"12-11-2024 04:24","1733891043","0.9535"
"12-11-2024 04:25","1733891103","0.9535"
"12-11-2024 04:26","1733891163","0.9535"
"12-11-2024 04:27","1733891223","0.9535"
"12-11-2024 04:28","1733891283","0.9535"
"12-11-2024 04:29","1733891342","0.9535"
"12-11-2024 04:30","1733891403","0.9535"
"12-11-2024 04:31","1733891463","0.9535"
"12-11-2024 04:32","1733891523","0.9535"
"12-11-2024 04:33","1733891583","0.9535"
"12-11-2024 04:34","1733891642","0.9535"
"12-11-2024 04:35","1733891703","0.9535"
"12-11-2024 04:36","1733891763","0.9535"
"12-11-2024 04:37","1733891823","0.9525"
"12-11-2024 04:38","1733891882","0.9525"
"12-11-2024 04:39","1733891943","0.9525"
"12-11-2024 04:40","1733892003","0.9525"
"12-11-2024 04:41","1733892063","0.9525"
"12-11-2024 04:42","1733892123","0.9525"
"12-11-2024 04:43","1733892183","0.9525"
"12-11-2024 04:44","1733892243","0.9525"
"12-11-2024 04:45","1733892303","0.9525"
"12-11-2024 04:46","1733892362","0.9525"
"12-11-2024 04:47","1733892423","0.9525"
"12-11-2024 04:48","1733892482","0.9525"
"12-11-2024 04:49","1733892543","0.9525"
"12-11-2024 04:50","1733892603","0.9525"
"12-11-2024 04:51","1733892663","0.9525"
"12-11-2024 04:52","1733892723","0.9525"
"12-11-2024 04:53","1733892783","0.9525"
"12-11-2024 04:54","1733892843","0.9525"
"12-11-2024 04:55","1733892902","0.9525"
"12-11-2024 04:56","1733892963","0.9525"
"12-11-2024 04:57","1733893023","0.9525"
"12-11-2024 04:58","1733893082","0.9525"
"12-11-2024 04:59","1733893143","0.9525"
"12-11-2024 05:00","1733893202","0.9525"
"12-11-2024 05:01","1733893263","0.9525"
"12-11-2024 05:02","1733893323","0.9525"
"12-11-2024 05:03","1733893383","0.9525"
"12-11-2024 05:04","1733893443","0.9525"
"12-11-2024 05:05","1733893502","0.9525"
"12-11-2024 05:06","1733893563","0.9525"
"12-11-2024 05:07","1733893623","0.9515"
"12-11-2024 05:08","1733893683","0.9515"
"12-11-2024 05:09","1733893743","0.9515"
"12-11-2024 05:10","1733893803","0.9515"
"12-11-2024 05:11","1733893863","0.9515"
"12-11-2024 05:12","1733893923","0.952"
"12-11-2024 05:13","1733893982","0.952"
"12-11-2024 05:14","1733894043","0.9525"
"12-11-2024 05:15","1733894103","0.9525"
"12-11-2024 05:16","1733894163","0.9525"
"12-11-2024 05:17","1733894223","0.9525"
"12-11-2024 05:18","1733894283","0.9525"
"12-11-2024 05:19","1733894343","0.9525"
"12-11-2024 05:20","1733894403","0.9525"
"12-11-2024 05:21","1733894463","0.9525"
"12-11-2024 05:22","1733894523","0.9525"
"12-11-2024 05:23","1733894582","0.9525"
"12-11-2024 05:24","1733894643","0.9525"
"12-11-2024 05:25","1733894702","0.9525"
"12-11-2024 05:26","1733894762","0.9525"
"12-11-2024 05:27","1733894823","0.9525"
"12-11-2024 05:28","1733894883","0.9525"
"12-11-2024 05:29","1733894943","0.9525"
"12-11-2024 05:30","1733895003","0.9525"
"12-11-2024 05:31","1733895063","0.9525"
"12-11-2024 05:32","1733895123","0.9525"
"12-11-2024 05:33","1733895183","0.9525"
"12-11-2024 05:34","1733895243","0.9525"
"12-11-2024 05:35","1733895303","0.9525"
"12-11-2024 05:36","1733895362","0.9525"
"12-11-2024 05:37","1733895423","0.9525"
"12-11-2024 05:38","1733895483","0.952"
"12-11-2024 05:39","1733895543","0.952"
"12-11-2024 05:40","1733895602","0.952"
"12-11-2024 05:41","1733895663","0.952"
"12-11-2024 05:42","1733895723","0.952"
"12-11-2024 05:43","1733895782","0.952"
"12-11-2024 05:44","1733895842","0.952"
"12-11-2024 05:45","1733895903","0.952"
"12-11-2024 05:46","1733895963","0.952"
"12-11-2024 05:47","1733896022","0.952"
"12-11-2024 05:48","1733896083","0.952"
"12-11-2024 05:49","1733896142","0.953"
"12-11-2024 05:50","1733896203","0.953"
"12-11-2024 05:51","1733896262","0.953"
"12-11-2024 05:52","1733896323","0.953"
"12-11-2024 05:53","1733896383","0.953"
"12-11-2024 05:54","1733896443","0.953"
"12-11-2024 05:55","1733896503","0.953"
"12-11-2024 05:56","1733896563","0.953"
"12-11-2024 05:57","1733896622","0.953"
"12-11-2024 05:58","1733896683","0.953"
"12-11-2024 05:59","1733896743","0.953"
"12-11-2024 06:00","1733896803","0.953"
"12-11-2024 06:01","1733896863","0.953"
"12-11-2024 06:02","1733896923","0.953"
"12-11-2024 06:03","1733896983","0.953"
"12-11-2024 06:04","1733897043","0.9535"
"12-11-2024 06:05","1733897102","0.9535"
"12-11-2024 06:06","1733897163","0.9535"
"12-11-2024 06:07","1733897223","0.9535"
"12-11-2024 06:08","1733897283","0.9535"
"12-11-2024 06:09","1733897343","0.9535"
"12-11-2024 06:10","1733897403","0.9535"
"12-11-2024 06:11","1733897463","0.9535"
"12-11-2024 06:12","1733897523","0.9535"
"12-11-2024 06:13","1733897582","0.9535"
"12-11-2024 06:14","1733897643","0.9535"
"12-11-2024 06:15","1733897703","0.9535"
"12-11-2024 06:16","1733897763","0.9535"
"12-11-2024 06:17","1733897823","0.9535"
"12-11-2024 06:18","1733897882","0.9535"
"12-11-2024 06:19","1733897943","0.9535"
"12-11-2024 06:20","1733898003","0.9535"
"12-11-2024 06:21","1733898062","0.9535"
"12-11-2024 06:22","1733898123","0.9535"
"12-11-2024 06:23","1733898183","0.9535"
"12-11-2024 06:24","1733898242","0.9535"
"12-11-2024 06:25","1733898303","0.9535"
"12-11-2024 06:26","1733898363","0.9535"
"12-11-2024 06:27","1733898423","0.9535"
"12-11-2024 06:28","1733898482","0.953"
"12-11-2024 06:29","1733898543","0.953"
"12-11-2024 06:30","1733898603","0.953"
"12-11-2024 06:31","1733898663","0.953"
"12-11-2024 06:32","1733898723","0.953"
"12-11-2024 06:33","1733898783","0.953"
"12-11-2024 06:34","1733898843","0.953"
"12-11-2024 06:35","1733898902","0.953"
"12-11-2024 06:36","1733898963","0.957"
"12-11-2024 06:37","1733899022","0.9565"
"12-11-2024 06:38","1733899083","0.956"
"12-11-2024 06:39","1733899143","0.956"
"12-11-2024 06:40","1733899203","0.956"
"12-11-2024 06:41","1733899263","0.9545"
"12-11-2024 06:42","1733899323","0.954"
"12-11-2024 06:43","1733899382","0.954"
"12-11-2024 06:44","1733899442","0.9535"
"12-11-2024 06:45","1733899503","0.955"
"12-11-2024 06:46","1733899563","0.9545"
"12-11-2024 06:47","1733899623","0.9545"
"12-11-2024 06:48","1733899683","0.954"
"12-11-2024 06:49","1733899742","0.9535"
"12-11-2024 06:50","1733899803","0.955"
"12-11-2024 06:51","1733899863","0.9545"
"12-11-2024 06:52","1733899923","0.954"
"12-11-2024 06:53","1733899983","0.954"
"12-11-2024 06:54","1733900043","0.954"
"12-11-2024 06:55","1733900103","0.958"
"12-11-2024 06:56","1733900163","0.9575"
"12-11-2024 06:57","1733900223","0.957"
"12-11-2024 06:58","1733900283","0.9575"
"12-11-2024 06:59","1733900343","0.957"
"12-11-2024 07:00","1733900403","0.9565"
"12-11-2024 07:01","1733900463","0.956"
"12-11-2024 07:02","1733900523","0.957"
"12-11-2024 07:03","1733900583","0.954"
"12-11-2024 07:04","1733900643","0.95"
"12-11-2024 07:05","1733900703","0.9495"
"12-11-2024 07:06","1733900763","0.954"
"12-11-2024 07:07","1733900823","0.953"
"12-11-2024 07:08","1733900882","0.9525"
"12-11-2024 07:09","1733900942","0.952"
"12-11-2024 07:10","1733901003","0.9515"
"12-11-2024 07:11","1733901063","0.951"
"12-11-2024 07:12","1733901122","0.9505"
"12-11-2024 07:13","1733901182","0.95"
"12-11-2024 07:14","1733901243","0.95"
"12-11-2024 07:15","1733901303","0.954"
"12-11-2024 07:16","1733901363","0.952"
"12-11-2024 07:17","1733901423","0.9515"
"12-11-2024 07:18","1733901483","0.9445"
"12-11-2024 07:19","1733901543","0.944"
"12-11-2024 07:20","1733901603","0.9415"
"12-11-2024 07:21","1733901663","0.9415"
"12-11-2024 07:22","1733901723","0.9415"
"12-11-2024 07:23","1733901782","0.9415"
"12-11-2024 07:24","1733901843","0.9415"
"12-11-2024 07:25","1733901903","0.9395"
"12-11-2024 07:26","1733901963","0.939"
"12-11-2024 07:27","1733902023","0.9395"
"12-11-2024 07:28","1733902083","0.9395"
"12-11-2024 07:29","1733902143","0.939"
"12-11-2024 07:30","1733902203","0.9395"
"12-11-2024 07:31","1733902263","0.939"
"12-11-2024 07:32","1733902323","0.9395"
"12-11-2024 07:33","1733902383","0.939"
"12-11-2024 07:34","1733902443","0.942"
"12-11-2024 07:35","1733902503","0.9415"
"12-11-2024 07:36","1733902563","0.9415"
"12-11-2024 07:37","1733902623","0.941"
"12-11-2024 07:38","1733902683","0.941"
"12-11-2024 07:39","1733902743","0.9405"
"12-11-2024 07:40","1733902803","0.94"
"12-11-2024 07:41","1733902863","0.942"
"12-11-2024 07:42","1733902923","0.9415"
"12-11-2024 07:43","1733902983","0.941"
"12-11-2024 07:44","1733903043","0.941"
"12-11-2024 07:45","1733903103","0.9405"
"12-11-2024 07:46","1733903162","0.94"
"12-11-2024 07:47","1733903223","0.942"
"12-11-2024 07:48","1733903282","0.9415"
"12-11-2024 07:49","1733903342","0.941"
"12-11-2024 07:50","1733903403","0.942"
"12-11-2024 07:51","1733903462","0.942"
"12-11-2024 07:52","1733903523","0.942"
"12-11-2024 07:53","1733903583","0.942"
"12-11-2024 07:54","1733903643","0.942"
"12-11-2024 07:55","1733903703","0.9415"
"12-11-2024 07:56","1733903763","0.942"
"12-11-2024 07:57","1733903823","0.942"
"12-11-2024 07:58","1733903883","0.942"
"12-11-2024 07:59","1733903943","0.9425"
"12-11-2024 08:00","1733904003","0.9425"
"12-11-2024 08:01","1733904062","0.9425"
"12-11-2024 08:02","1733904123","0.9425"
"12-11-2024 08:03","1733904183","0.9425"
"12-11-2024 08:04","1733904243","0.9425"
"12-11-2024 08:05","1733904302","0.9425"
"12-11-2024 08:06","1733904363","0.9425"
"12-11-2024 08:07","1733904423","0.9425"
"12-11-2024 08:08","1733904482","0.9425"
"12-11-2024 08:09","1733904543","0.948"
"12-11-2024 08:10","1733904603","0.948"
"12-11-2024 08:11","1733904662","0.9515"
"12-11-2024 08:12","1733904722","0.9515"
"12-11-2024 08:13","1733904782","0.9515"
"12-11-2024 08:14","1733904842","0.951"
"12-11-2024 08:15","1733904903","0.9515"
"12-11-2024 08:16","1733904963","0.9515"
"12-11-2024 08:17","1733905023","0.953"
"12-11-2024 08:18","1733905083","0.952"
"12-11-2024 08:19","1733905143","0.952"
"12-11-2024 08:20","1733905203","0.952"
"12-11-2024 08:21","1733905263","0.952"
"12-11-2024 08:22","1733905322","0.952"
"12-11-2024 08:23","1733905383","0.952"
"12-11-2024 08:24","1733905443","0.952"
"12-11-2024 08:25","1733905502","0.951"
"12-11-2024 08:26","1733905562","0.951"
"12-11-2024 08:27","1733905622","0.951"
"12-11-2024 08:28","1733905683","0.951"
"12-11-2024 08:29","1733905743","0.952"
"12-11-2024 08:30","1733905803","0.953"
"12-11-2024 08:31","1733905863","0.954"
"12-11-2024 08:32","1733905923","0.9545"
"12-11-2024 08:33","1733905983","0.9555"
"12-11-2024 08:34","1733906043","0.956"
"12-11-2024 08:35","1733906103","0.9525"
"12-11-2024 08:36","1733906163","0.9525"
"12-11-2024 08:37","1733906222","0.9525"
"12-11-2024 08:38","1733906283","0.9495"
"12-11-2024 08:39","1733906343","0.9485"
"12-11-2024 08:40","1733906403","0.9485"
"12-11-2024 08:41","1733906463","0.9485"
"12-11-2024 08:42","1733906523","0.9455"
"12-11-2024 08:43","1733906583","0.9455"
"12-11-2024 08:44","1733906643","0.946"
"12-11-2024 08:45","1733906703","0.946"
"12-11-2024 08:46","1733906763","0.946"
"12-11-2024 08:47","1733906823","0.948"
"12-11-2024 08:48","1733906883","0.9445"
"12-11-2024 08:49","1733906942","0.9435"
"12-11-2024 08:50","1733907002","0.9435"
"12-11-2024 08:51","1733907063","0.9435"
"12-11-2024 08:52","1733907123","0.9435"
"12-11-2024 08:53","1733907183","0.9445"
"12-11-2024 08:54","1733907243","0.9445"
"12-11-2024 08:55","1733907303","0.9465"
"12-11-2024 08:56","1733907362","0.9475"
"12-11-2024 08:57","1733907423","0.9475"
"12-11-2024 08:58","1733907483","0.953"
"12-11-2024 08:59","1733907543","0.953"
"12-11-2024 09:00","1733907603","0.954"
"12-11-2024 09:01","1733907663","0.955"
"12-11-2024 09:02","1733907722","0.956"
"12-11-2024 09:03","1733907782","0.9565"
"12-11-2024 09:04","1733907842","0.957"
"12-11-2024 09:05","1733907903","0.957"
"12-11-2024 09:06","1733907963","0.961"
"12-11-2024 09:07","1733908023","0.961"
"12-11-2024 09:08","1733908083","0.962"
"12-11-2024 09:09","1733908142","0.9625"
"12-11-2024 09:10","1733908203","0.958"
"12-11-2024 09:11","1733908263","0.959"
"12-11-2024 09:12","1733908323","0.96"
"12-11-2024 09:13","1733908383","0.961"
"12-11-2024 09:14","1733908443","0.962"
"12-11-2024 09:15","1733908502","0.963"
"12-11-2024 09:16","1733908563","0.9635"
"12-11-2024 09:17","1733908623","0.9575"
"12-11-2024 09:18","1733908682","0.9565"
"12-11-2024 09:19","1733908743","0.9565"
"12-11-2024 09:20","1733908803","0.9575"
"12-11-2024 09:21","1733908862","0.9585"
"12-11-2024 09:22","1733908922","0.9595"
"12-11-2024 09:23","1733908982","0.961"
"12-11-2024 09:24","1733909043","0.961"
"12-11-2024 09:25","1733909103","0.961"
"12-11-2024 09:26","1733909162","0.961"
"12-11-2024 09:27","1733909223","0.961"
"12-11-2024 09:28","1733909283","0.961"
"12-11-2024 09:29","1733909343","0.961"
"12-11-2024 09:30","1733909402","0.961"
"12-11-2024 09:31","1733909463","0.961"
"12-11-2024 09:32","1733909523","0.961"
"12-11-2024 09:33","1733909583","0.961"
"12-11-2024 09:34","1733909643","0.961"
"12-11-2024 09:35","1733909703","0.961"
"12-11-2024 09:36","1733909762","0.961"
"12-11-2024 09:37","1733909823","0.961"
"12-11-2024 09:38","1733909883","0.961"
"12-11-2024 09:39","1733909942","0.961"
"12-11-2024 09:40","1733910002","0.961"
"12-11-2024 09:41","1733910063","0.961"
"12-11-2024 09:42","1733910123","0.961"
"12-11-2024 09:43","1733910183","0.961"
"12-11-2024 09:44","1733910243","0.9615"
"12-11-2024 09:45","1733910303","0.9615"
"12-11-2024 09:46","1733910363","0.9615"
"12-11-2024 09:47","1733910423","0.9615"
"12-11-2024 09:48","1733910483","0.9615"
"12-11-2024 09:49","1733910543","0.9615"
"12-11-2024 09:50","1733910602","0.9615"
"12-11-2024 09:51","1733910663","0.955"
"12-11-2024 09:52","1733910723","0.9545"
"12-11-2024 09:53","1733910783","0.9545"
"12-11-2024 09:54","1733910843","0.955"
"12-11-2024 09:55","1733910903","0.955"
"12-11-2024 09:56","1733910962","0.955"
"12-11-2024 09:57","1733911023","0.9535"
"12-11-2024 09:58","1733911082","0.954"
"12-11-2024 09:59","1733911142","0.954"
"12-11-2024 10:00","1733911203","0.9535"
"12-11-2024 10:01","1733911263","0.9535"
"12-11-2024 10:02","1733911323","0.9535"
"12-11-2024 10:03","1733911383","0.9535"
"12-11-2024 10:04","1733911443","0.9535"
"12-11-2024 10:05","1733911503","0.9535"
"12-11-2024 10:06","1733911563","0.9535"
"12-11-2024 10:07","1733911623","0.9535"
"12-11-2024 10:08","1733911683","0.9535"
"12-11-2024 10:09","1733911743","0.9535"
"12-11-2024 10:10","1733911803","0.954"
"12-11-2024 10:11","1733911863","0.954"
"12-11-2024 10:12","1733911923","0.954"
"12-11-2024 10:13","1733911983","0.9535"
"12-11-2024 10:14","1733912043","0.9535"
"12-11-2024 10:15","1733912103","0.9545"
"12-11-2024 10:16","1733912162","0.9545"
"12-11-2024 10:17","1733912222","0.9545"
"12-11-2024 10:18","1733912283","0.9545"
"12-11-2024 10:19","1733912343","0.9545"
"12-11-2024 10:20","1733912403","0.9545"
"12-11-2024 10:21","1733912463","0.9545"
"12-11-2024 10:22","1733912522","0.9545"
"12-11-2024 10:23","1733912583","0.9545"
"12-11-2024 10:24","1733912643","0.9545"
"12-11-2024 10:25","1733912702","0.9545"
"12-11-2024 10:26","1733912763","0.9545"
"12-11-2024 10:27","1733912823","0.9545"
"12-11-2024 10:28","1733912883","0.9545"
"12-11-2024 10:29","1733912942","0.9545"
"12-11-2024 10:30","1733913003","0.9545"
"12-11-2024 10:31","1733913063","0.9545"
"12-11-2024 10:32","1733913123","0.9545"
"12-11-2024 10:33","1733913183","0.9545"
"12-11-2024 10:34","1733913242","0.9545"
"12-11-2024 10:35","1733913302","0.9545"
"12-11-2024 10:36","1733913362","0.9545"
"12-11-2024 10:37","1733913423","0.9545"
"12-11-2024 10:38","1733913482","0.9545"
"12-11-2024 10:39","1733913543","0.9545"
"12-11-2024 10:40","1733913603","0.9545"
"12-11-2024 10:41","1733913663","0.955"
"12-11-2024 10:42","1733913722","0.9555"
"12-11-2024 10:43","1733913783","0.9555"
"12-11-2024 10:44","1733913843","0.9555"
"12-11-2024 10:45","1733913903","0.9555"
"12-11-2024 10:46","1733913963","0.9555"
"12-11-2024 10:47","1733914023","0.9555"
"12-11-2024 10:48","1733914083","0.9555"
"12-11-2024 10:49","1733914142","0.9555"
"12-11-2024 10:50","1733914203","0.9555"
"12-11-2024 10:51","1733914263","0.9555"
"12-11-2024 10:52","1733914323","0.9545"
"12-11-2024 10:53","1733914382","0.9545"
"12-11-2024 10:54","1733914442","0.954"
"12-11-2024 10:55","1733914503","0.954"
"12-11-2024 10:56","1733914563","0.954"
"12-11-2024 10:57","1733914623","0.954"
"12-11-2024 10:58","1733914683","0.954"
"12-11-2024 10:59","1733914742","0.954"
"12-11-2024 11:00","1733914803","0.954"
"12-11-2024 11:01","1733914862","0.954"
"12-11-2024 11:02","1733914923","0.954"
"12-11-2024 11:03","1733914982","0.954"
"12-11-2024 11:04","1733915042","0.954"
"12-11-2024 11:05","1733915103","0.954"
"12-11-2024 11:06","1733915163","0.954"
"12-11-2024 11:07","1733915223","0.9545"
"12-11-2024 11:08","1733915283","0.955"
"12-11-2024 11:09","1733915342","0.955"
"12-11-2024 11:10","1733915403","0.955"
"12-11-2024 11:11","1733915462","0.955"
"12-11-2024 11:12","1733915523","0.955"
"12-11-2024 11:13","1733915582","0.955"
"12-11-2024 11:14","1733915643","0.955"
"12-11-2024 11:15","1733915703","0.955"
"12-11-2024 11:16","1733915763","0.954"
"12-11-2024 11:17","1733915823","0.9535"
"12-11-2024 11:18","1733915883","0.9525"
"12-11-2024 11:19","1733915942","0.9515"
"12-11-2024 11:20","1733916003","0.95"
"12-11-2024 11:21","1733916063","0.95"
"12-11-2024 11:22","1733916122","0.9495"
"12-11-2024 11:23","1733916183","0.949"
"12-11-2024 11:24","1733916242","0.949"
"12-11-2024 11:25","1733916303","0.949"
"12-11-2024 11:26","1733916363","0.949"
"12-11-2024 11:27","1733916423","0.949"
"12-11-2024 11:28","1733916483","0.949"
"12-11-2024 11:29","1733916542","0.949"
"12-11-2024 11:30","1733916603","0.949"
"12-11-2024 11:31","1733916662","0.949"
"12-11-2024 11:32","1733916723","0.949"
"12-11-2024 11:33","1733916783","0.949"
"12-11-2024 11:34","1733916843","0.949"
"12-11-2024 11:35","1733916903","0.949"
"12-11-2024 11:36","1733916962","0.949"
"12-11-2024 11:37","1733917023","0.949"
"12-11-2024 11:38","1733917083","0.949"
"12-11-2024 11:39","1733917143","0.949"
"12-11-2024 11:40","1733917203","0.949"
"12-11-2024 11:41","1733917263","0.949"
"12-11-2024 11:42","1733917323","0.949"
"12-11-2024 11:43","1733917383","0.949"
"12-11-2024 11:44","1733917443","0.949"
"12-11-2024 11:45","1733917502","0.949"
"12-11-2024 11:46","1733917563","0.949"
"12-11-2024 11:47","1733917622","0.949"
"12-11-2024 11:48","1733917683","0.949"
"12-11-2024 11:49","1733917743","0.9455"
"12-11-2024 11:50","1733917803","0.9485"
"12-11-2024 11:51","1733917863","0.948"
"12-11-2024 11:52","1733917922","0.948"
"12-11-2024 11:53","1733917982","0.948"
"12-11-2024 11:54","1733918043","0.948"
"12-11-2024 11:55","1733918103","0.948"
"12-11-2024 11:56","1733918163","0.948"
"12-11-2024 11:57","1733918223","0.948"
"12-11-2024 11:58","1733918282","0.948"
"12-11-2024 11:59","1733918343","0.9535"
"12-11-2024 12:00","1733918403","0.9525"
"12-11-2024 12:01","1733918463","0.9515"
"12-11-2024 12:02","1733918523","0.952"
"12-11-2024 12:03","1733918583","0.952"
"12-11-2024 12:04","1733918643","0.9505"
"12-11-2024 12:05","1733918703","0.9505"
"12-11-2024 12:06","1733918763","0.95"
"12-11-2024 12:07","1733918822","0.949"
"12-11-2024 12:08","1733918883","0.948"
"12-11-2024 12:09","1733918942","0.9475"
"12-11-2024 12:10","1733919002","0.9465"
"12-11-2024 12:11","1733919062","0.9465"
"12-11-2024 12:12","1733919123","0.951"
"12-11-2024 12:13","1733919183","0.95"
"12-11-2024 12:14","1733919243","0.949"
"12-11-2024 12:15","1733919303","0.948"
"12-11-2024 12:16","1733919363","0.947"
"12-11-2024 12:17","1733919422","0.947"
"12-11-2024 12:18","1733919483","0.9465"
"12-11-2024 12:19","1733919543","0.9505"
"12-11-2024 12:20","1733919603","0.9495"
"12-11-2024 12:21","1733919663","0.942"
"12-11-2024 12:22","1733919723","0.941"
"12-11-2024 12:23","1733919783","0.94"
"12-11-2024 12:24","1733919843","0.94"
"12-11-2024 12:25","1733919902","0.942"
"12-11-2024 12:26","1733919963","0.941"
"12-11-2024 12:27","1733920022","0.9405"
"12-11-2024 12:28","1733920083","0.9405"
"12-11-2024 12:29","1733920142","0.9405"
"12-11-2024 12:30","1733920203","0.9405"
"12-11-2024 12:31","1733920263","0.9405"
"12-11-2024 12:32","1733920323","0.9405"
"12-11-2024 12:33","1733920383","0.9405"
"12-11-2024 12:34","1733920443","0.9405"
"12-11-2024 12:35","1733920503","0.9405"
"12-11-2024 12:36","1733920562","0.9405"
"12-11-2024 12:37","1733920622","0.94"
"12-11-2024 12:38","1733920683","0.941"
"12-11-2024 12:39","1733920743","0.9405"
"12-11-2024 12:40","1733920803","0.9405"
"12-11-2024 12:41","1733920863","0.9405"
"12-11-2024 12:42","1733920923","0.9405"
"12-11-2024 12:43","1733920983","0.9405"
"12-11-2024 12:44","1733921043","0.9405"
"12-11-2024 12:45","1733921103","0.9405"
"12-11-2024 12:46","1733921163","0.941"
"12-11-2024 12:47","1733921222","0.94"
"12-11-2024 12:48","1733921283","0.94"
"12-11-2024 12:49","1733921342","0.941"
"12-11-2024 12:50","1733921402","0.94"
"12-11-2024 12:51","1733921462","0.9405"
"12-11-2024 12:52","1733921523","0.9405"
"12-11-2024 12:53","1733921583","0.9405"
"12-11-2024 12:54","1733921643","0.9405"
"12-11-2024 12:55","1733921703","0.9405"
"12-11-2024 12:56","1733921763","0.9405"
"12-11-2024 12:57","1733921823","0.9405"
"12-11-2024 12:58","1733921883","0.941"
"12-11-2024 12:59","1733921943","0.94"
"12-11-2024 13:00","1733922003","0.941"
"12-11-2024 13:01","1733922063","0.9405"
"12-11-2024 13:02","1733922122","0.9405"
"12-11-2024 13:03","1733922183","0.9405"
"12-11-2024 13:04","1733922242","0.9405"
"12-11-2024 13:05","1733922303","0.9405"
"12-11-2024 13:06","1733922363","0.9405"
"12-11-2024 13:07","1733922423","0.9405"
"12-11-2024 13:08","1733922483","0.941"
"12-11-2024 13:09","1733922543","0.942"
"12-11-2024 13:10","1733922603","0.9435"
"12-11-2024 13:11","1733922662","0.943"
"12-11-2024 13:12","1733922723","0.945"
"12-11-2024 13:13","1733922783","0.9445"
"12-11-2024 13:14","1733922843","0.9445"
"12-11-2024 13:15","1733922903","0.9445"
"12-11-2024 13:16","1733922963","0.9445"
"12-11-2024 13:17","1733923022","0.9445"
"12-11-2024 13:18","1733923083","0.9445"
"12-11-2024 13:19","1733923143","0.9445"
"12-11-2024 13:20","1733923203","0.9445"
"12-11-2024 13:21","1733923263","0.9455"
"12-11-2024 13:22","1733923323","0.944"
"12-11-2024 13:23","1733923383","0.945"
"12-11-2024 13:24","1733923442","0.9445"
"12-11-2024 13:25","1733923502","0.9445"
"12-11-2024 13:26","1733923562","0.9445"
"12-11-2024 13:27","1733923623","0.9445"
"12-11-2024 13:28","1733923682","0.9445"
"12-11-2024 13:29","1733923743","0.9445"
"12-11-2024 13:30","1733923803","0.9445"
"12-11-2024 13:31","1733923862","0.9445"
"12-11-2024 13:32","1733923922","0.9455"
"12-11-2024 13:33","1733923982","0.9455"
"12-11-2024 13:34","1733924042","0.9455"
"12-11-2024 13:35","1733924103","0.9455"
"12-11-2024 13:36","1733924162","0.9445"
"12-11-2024 13:37","1733924222","0.9445"
"12-11-2024 13:38","1733924282","0.9445"
"12-11-2024 13:39","1733924343","0.9445"
"12-11-2024 13:40","1733924403","0.9445"
"12-11-2024 13:41","1733924463","0.9445"
"12-11-2024 13:42","1733924523","0.9445"
"12-11-2024 13:43","1733924583","0.9445"
"12-11-2024 13:44","1733924643","0.9455"
"12-11-2024 13:45","1733924703","0.9455"
"12-11-2024 13:46","1733924763","0.9455"
"12-11-2024 13:47","1733924823","0.9455"
"12-11-2024 13:48","1733924883","0.9445"
"12-11-2024 13:49","1733924943","0.9405"
"12-11-2024 13:50","1733925003","0.9405"
"12-11-2024 13:51","1733925063","0.9405"
"12-11-2024 13:52","1733925123","0.9405"
"12-11-2024 13:53","1733925182","0.9405"
"12-11-2024 13:54","1733925243","0.9405"
"12-11-2024 13:55","1733925303","0.9405"
"12-11-2024 13:56","1733925363","0.941"
"12-11-2024 13:57","1733925423","0.941"
"12-11-2024 13:58","1733925482","0.941"
"12-11-2024 13:59","1733925542","0.941"
"12-11-2024 14:00","1733925603","0.9405"
"12-11-2024 14:01","1733925663","0.9405"
"12-11-2024 14:02","1733925722","0.9405"
"12-11-2024 14:03","1733925783","0.9405"
"12-11-2024 14:04","1733925843","0.9405"
"12-11-2024 14:05","1733925902","0.9405"
"12-11-2024 14:06","1733925963","0.9405"
"12-11-2024 14:07","1733926022","0.9405"
"12-11-2024 14:08","1733926082","0.941"
"12-11-2024 14:09","1733926143","0.941"
"12-11-2024 14:10","1733926203","0.941"
"12-11-2024 14:11","1733926263","0.941"
"12-11-2024 14:12","1733926323","0.941"
"12-11-2024 14:13","1733926383","0.9405"
"12-11-2024 14:14","1733926443","0.9405"
"12-11-2024 14:15","1733926503","0.9405"
"12-11-2024 14:16","1733926563","0.9405"
"12-11-2024 14:17","1733926622","0.9405"
"12-11-2024 14:18","1733926682","0.941"
"12-11-2024 14:19","1733926743","0.941"
"12-11-2024 14:20","1733926803","0.9405"
"12-11-2024 14:21","1733926863","0.943"
"12-11-2024 14:22","1733926923","0.944"
"12-11-2024 14:23","1733926982","0.9435"
"12-11-2024 14:24","1733927043","0.9445"
"12-11-2024 14:25","1733927103","0.945"
"12-11-2024 14:26","1733927162","0.944"
"12-11-2024 14:27","1733927223","0.945"
"12-11-2024 14:28","1733927283","0.9445"
"12-11-2024 14:29","1733927343","0.944"
"12-11-2024 14:30","1733927403","0.945"
"12-11-2024 14:31","1733927463","0.944"
"12-11-2024 14:32","1733927523","0.9455"
"12-11-2024 14:33","1733927582","0.9455"
"12-11-2024 14:34","1733927643","0.9445"
"12-11-2024 14:35","1733927702","0.945"
"12-11-2024 14:36","1733927763","0.9445"
"12-11-2024 14:37","1733927823","0.944"
"12-11-2024 14:38","1733927883","0.945"
"12-11-2024 14:39","1733927942","0.944"
"12-11-2024 14:40","1733928003","0.944"
"12-11-2024 14:41","1733928063","0.9445"
"12-11-2024 14:42","1733928123","0.944"
"12-11-2024 14:43","1733928183","0.9455"
"12-11-2024 14:44","1733928242","0.9445"
"12-11-2024 14:45","1733928303","0.9455"
"12-11-2024 14:46","1733928363","0.945"
"12-11-2024 14:47","1733928423","0.9445"
"12-11-2024 14:48","1733928483","0.945"
"12-11-2024 14:49","1733928543","0.944"
"12-11-2024 14:50","1733928603","0.944"
"12-11-2024 14:51","1733928663","0.945"
"12-11-2024 14:52","1733928723","0.944"
"12-11-2024 14:53","1733928783","0.945"
"12-11-2024 14:54","1733928842","0.944"
"12-11-2024 14:55","1733928903","0.944"
"12-11-2024 14:56","1733928963","0.9455"
"12-11-2024 14:57","1733929022","0.9445"
"12-11-2024 14:58","1733929082","0.9455"
"12-11-2024 14:59","1733929143","0.945"
"12-11-2024 15:00","1733929203","0.9445"
"12-11-2024 15:01","1733929263","0.945"
"12-11-2024 15:02","1733929323","0.944"
"12-11-2024 15:03","1733929382","0.945"
"12-11-2024 15:04","1733929443","0.944"
"12-11-2024 15:05","1733929503","0.944"
"12-11-2024 15:06","1733929563","0.945"
"12-11-2024 15:07","1733929623","0.9395"
"12-11-2024 15:08","1733929683","0.939"
"12-11-2024 15:09","1733929743","0.939"
"12-11-2024 15:10","1733929803","0.939"
"12-11-2024 15:11","1733929863","0.9385"
"12-11-2024 15:12","1733929923","0.9375"
"12-11-2024 15:13","1733929983","0.937"
"12-11-2024 15:14","1733930043","0.937"
"12-11-2024 15:15","1733930102","0.9375"
"12-11-2024 15:16","1733930162","0.9365"
"12-11-2024 15:17","1733930223","0.9365"
"12-11-2024 15:18","1733930283","0.9365"
"12-11-2024 15:19","1733930343","0.9365"
"12-11-2024 15:20","1733930403","0.9365"
"12-11-2024 15:21","1733930463","0.939"
"12-11-2024 15:22","1733930522","0.938"
"12-11-2024 15:23","1733930582","0.938"
"12-11-2024 15:24","1733930643","0.9385"
"12-11-2024 15:25","1733930703","0.9385"
"12-11-2024 15:26","1733930762","0.9385"
"12-11-2024 15:27","1733930822","0.9385"
"12-11-2024 15:28","1733930882","0.9385"
"12-11-2024 15:29","1733930943","0.9385"
"12-11-2024 15:30","1733931003","0.9385"
"12-11-2024 15:31","1733931063","0.939"
"12-11-2024 15:32","1733931122","0.939"
"12-11-2024 15:33","1733931182","0.9385"
"12-11-2024 15:34","1733931243","0.9395"
"12-11-2024 15:35","1733931303","0.9395"
"12-11-2024 15:36","1733931363","0.9385"
"12-11-2024 15:37","1733931423","0.939"
"12-11-2024 15:38","1733931483","0.939"
"12-11-2024 15:39","1733931542","0.939"
"12-11-2024 15:40","1733931603","0.939"
"12-11-2024 15:41","1733931662","0.939"
"12-11-2024 15:42","1733931723","0.939"
"12-11-2024 15:43","1733931782","0.9385"
"12-11-2024 15:44","1733931843","0.9385"
"12-11-2024 15:45","1733931903","0.9395"
"12-11-2024 15:46","1733931963","0.9395"
"12-11-2024 15:47","1733932022","0.939"
"12-11-2024 15:48","1733932083","0.939"
"12-11-2024 15:49","1733932142","0.939"
"12-11-2024 15:50","1733932203","0.939"
"12-11-2024 15:51","1733932263","0.939"
"12-11-2024 15:52","1733932323","0.939"
"12-11-2024 15:53","1733932383","0.939"
"12-11-2024 15:54","1733932443","0.939"
"12-11-2024 15:55","1733932503","0.939"
"12-11-2024 15:56","1733932563","0.9395"
"12-11-2024 15:57","1733932623","0.9395"
"12-11-2024 15:58","1733932682","0.9395"
"12-11-2024 15:59","1733932742","0.939"
"12-11-2024 16:00","1733932803","0.939"
"12-11-2024 16:01","1733932862","0.939"
"12-11-2024 16:02","1733932923","0.939"
"12-11-2024 16:03","1733932983","0.939"
"12-11-2024 16:04","1733933042","0.939"
"12-11-2024 16:05","1733933102","0.939"
"12-11-2024 16:06","1733933163","0.9395"
"12-11-2024 16:07","1733933222","0.9395"
"12-11-2024 16:08","1733933283","0.9395"
"12-11-2024 16:09","1733933343","0.937"
"12-11-2024 16:10","1733933403","0.937"
"12-11-2024 16:11","1733933463","0.937"
"12-11-2024 16:12","1733933523","0.937"
"12-11-2024 16:13","1733933582","0.937"
"12-11-2024 16:14","1733933643","0.937"
"12-11-2024 16:15","1733933702","0.937"
"12-11-2024 16:16","1733933763","0.937"
"12-11-2024 16:17","1733933822","0.935"
"12-11-2024 16:18","1733933883","0.9345"
"12-11-2024 16:19","1733933943","0.9345"
"12-11-2024 16:20","1733934003","0.9345"
"12-11-2024 16:21","1733934062","0.9345"
"12-11-2024 16:22","1733934123","0.9345"
"12-11-2024 16:23","1733934183","0.9345"
"12-11-2024 16:24","1733934243","0.9335"
"12-11-2024 16:25","1733934303","0.9335"
"12-11-2024 16:26","1733934363","0.9335"
"12-11-2024 16:27","1733934422","0.9335"
"12-11-2024 16:28","1733934483","0.9335"
"12-11-2024 16:29","1733934543","0.9335"
"12-11-2024 16:30","1733934603","0.9335"
"12-11-2024 16:31","1733934663","0.9335"
"12-11-2024 16:32","1733934723","0.9335"
"12-11-2024 16:33","1733934782","0.9335"
"12-11-2024 16:34","1733934843","0.933"
"12-11-2024 16:35","1733934903","0.933"
"12-11-2024 16:36","1733934963","0.933"
"12-11-2024 16:37","1733935023","0.933"
"12-11-2024 16:38","1733935082","0.933"
"12-11-2024 16:39","1733935143","0.933"
"12-11-2024 16:40","1733935202","0.933"
"12-11-2024 16:41","1733935263","0.933"
"12-11-2024 16:42","1733935322","0.9335"
"12-11-2024 16:43","1733935382","0.9335"
"12-11-2024 16:44","1733935443","0.9335"
"12-11-2024 16:45","1733935502","0.9335"
"12-11-2024 16:46","1733935563","0.933"
"12-11-2024 16:47","1733935623","0.9335"
"12-11-2024 16:48","1733935683","0.9335"
"12-11-2024 16:49","1733935743","0.9335"
"12-11-2024 16:50","1733935803","0.9335"
"12-11-2024 16:51","1733935863","0.9335"
"12-11-2024 16:52","1733935923","0.9335"
"12-11-2024 16:53","1733935983","0.9335"
"12-11-2024 16:54","1733936043","0.9335"
"12-11-2024 16:55","1733936103","0.9335"
"12-11-2024 16:56","1733936163","0.9335"
"12-11-2024 16:57","1733936223","0.9335"
"12-11-2024 16:58","1733936283","0.9335"
"12-11-2024 16:59","1733936343","0.9335"
"12-11-2024 17:00","1733936402","0.9335"
"12-11-2024 17:01","1733936462","0.933"
"12-11-2024 17:02","1733936523","0.933"
"12-11-2024 17:03","1733936582","0.933"
"12-11-2024 17:04","1733936643","0.933"
"12-11-2024 17:05","1733936703","0.933"
"12-11-2024 17:06","1733936763","0.933"
"12-11-2024 17:07","1733936823","0.933"
"12-11-2024 17:08","1733936883","0.9335"
"12-11-2024 17:09","1733936943","0.9335"
"12-11-2024 17:10","1733937003","0.9335"
"12-11-2024 17:11","1733937062","0.9335"
"12-11-2024 17:12","1733937123","0.9335"
"12-11-2024 17:13","1733937182","0.933"
"12-11-2024 17:14","1733937243","0.933"
"12-11-2024 17:15","1733937303","0.933"
"12-11-2024 17:16","1733937363","0.933"
"12-11-2024 17:17","1733937423","0.9335"
"12-11-2024 17:18","1733937483","0.9335"
"12-11-2024 17:19","1733937543","0.9335"
"12-11-2024 17:20","1733937603","0.934"
"12-11-2024 17:21","1733937663","0.934"
"12-11-2024 17:22","1733937723","0.934"
"12-11-2024 17:23","1733937782","0.934"
"12-11-2024 17:24","1733937843","0.934"
"12-11-2024 17:25","1733937903","0.934"
"12-11-2024 17:26","1733937963","0.934"
"12-11-2024 17:27","1733938023","0.934"
"12-11-2024 17:28","1733938083","0.934"
"12-11-2024 17:29","1733938143","0.934"
"12-11-2024 17:30","1733938203","0.934"
"12-11-2024 17:31","1733938263","0.934"
"12-11-2024 17:32","1733938323","0.934"
"12-11-2024 17:33","1733938383","0.934"
"12-11-2024 17:34","1733938443","0.934"
"12-11-2024 17:35","1733938503","0.934"
"12-11-2024 17:36","1733938562","0.934"
"12-11-2024 17:37","1733938622","0.934"
"12-11-2024 17:38","1733938683","0.934"
"12-11-2024 17:39","1733938742","0.934"
"12-11-2024 17:40","1733938803","0.9465"
"12-11-2024 17:41","1733938863","0.9465"
"12-11-2024 17:42","1733938923","0.9465"
"12-11-2024 17:43","1733938983","0.9465"
"12-11-2024 17:44","1733939043","0.9465"
"12-11-2024 17:45","1733939103","0.9465"
"12-11-2024 17:46","1733939163","0.9475"
"12-11-2024 17:47","1733939222","0.9475"
"12-11-2024 17:48","1733939283","0.9475"
"12-11-2024 17:49","1733939342","0.9475"
"12-11-2024 17:50","1733939403","0.9475"
"12-11-2024 17:51","1733939463","0.9475"
"12-11-2024 17:52","1733939522","0.9475"
"12-11-2024 17:53","1733939582","0.9475"
"12-11-2024 17:54","1733939643","0.9475"
"12-11-2024 17:55","1733939703","0.947"
"12-11-2024 17:56","1733939763","0.947"
"12-11-2024 17:57","1733939823","0.947"
"12-11-2024 17:58","1733939883","0.947"
"12-11-2024 17:59","1733939943","0.947"
"12-11-2024 18:00","1733940003","0.9465"
"12-11-2024 18:01","1733940062","0.9465"
"12-11-2024 18:02","1733940123","0.9465"
"12-11-2024 18:03","1733940182","0.9465"
"12-11-2024 18:04","1733940243","0.9465"
"12-11-2024 18:05","1733940303","0.9465"
"12-11-2024 18:06","1733940363","0.9465"
"12-11-2024 18:07","1733940422","0.9465"
"12-11-2024 18:08","1733940483","0.9465"
"12-11-2024 18:09","1733940543","0.946"
"12-11-2024 18:10","1733940603","0.946"
"12-11-2024 18:11","1733940663","0.946"
"12-11-2024 18:12","1733940723","0.946"
"12-11-2024 18:13","1733940782","0.946"
"12-11-2024 18:14","1733940843","0.946"
"12-11-2024 18:15","1733940903","0.946"
"12-11-2024 18:16","1733940962","0.946"
"12-11-2024 18:17","1733941022","0.946"
"12-11-2024 18:18","1733941082","0.946"
"12-11-2024 18:19","1733941142","0.946"
"12-11-2024 18:20","1733941203","0.946"
"12-11-2024 18:21","1733941263","0.946"
"12-11-2024 18:22","1733941322","0.946"
"12-11-2024 18:23","1733941383","0.9455"
"12-11-2024 18:24","1733941443","0.9455"
"12-11-2024 18:25","1733941503","0.9445"
"12-11-2024 18:26","1733941563","0.9445"
"12-11-2024 18:27","1733941623","0.958"
"12-11-2024 18:28","1733941683","0.972"
"12-11-2024 18:29","1733941743","0.972"
"12-11-2024 18:30","1733941803","0.9725"
"12-11-2024 18:31","1733941862","0.9715"
"12-11-2024 18:32","1733941923","0.9715"
"12-11-2024 18:33","1733941983","0.9715"
"12-11-2024 18:34","1733942042","0.9695"
"12-11-2024 18:35","1733942103","0.9575"
"12-11-2024 18:36","1733942163","0.9655"
"12-11-2024 18:37","1733942223","0.9655"
"12-11-2024 18:38","1733942283","0.9655"
"12-11-2024 18:39","1733942342","0.965"
"12-11-2024 18:40","1733942403","0.966"
"12-11-2024 18:41","1733942463","0.9665"
"12-11-2024 18:42","1733942523","0.9665"
"12-11-2024 18:43","1733942583","0.9665"
"12-11-2024 18:44","1733942643","0.9665"
"12-11-2024 18:45","1733942703","0.9665"
"12-11-2024 18:46","1733942763","0.9655"
"12-11-2024 18:47","1733942823","0.9655"
"12-11-2024 18:48","1733942883","0.9545"
"12-11-2024 18:49","1733942943","0.9455"
"12-11-2024 18:50","1733943002","0.9445"
"12-11-2024 18:51","1733943063","0.95"
"12-11-2024 18:52","1733943123","0.951"
"12-11-2024 18:53","1733943183","0.951"
"12-11-2024 18:54","1733943243","0.951"
"12-11-2024 18:55","1733943303","0.951"
"12-11-2024 18:56","1733943363","0.9535"
"12-11-2024 18:57","1733943422","0.9525"
"12-11-2024 18:58","1733943483","0.953"
"12-11-2024 18:59","1733943543","0.953"
"12-11-2024 19:00","1733943603","0.955"
"12-11-2024 19:01","1733943663","0.9545"
"12-11-2024 19:02","1733943722","0.954"
"12-11-2024 19:03","1733943783","0.953"
"12-11-2024 19:04","1733943843","0.953"
"12-11-2024 19:05","1733943903","0.9535"
"12-11-2024 19:06","1733943963","0.9525"
"12-11-2024 19:07","1733944023","0.9525"
"12-11-2024 19:08","1733944083","0.9525"
"12-11-2024 19:09","1733944143","0.9525"
"12-11-2024 19:10","1733944203","0.9525"
"12-11-2024 19:11","1733944262","0.9525"
"12-11-2024 19:12","1733944323","0.9525"
"12-11-2024 19:13","1733944383","0.9525"
"12-11-2024 19:14","1733944467","0.944"
"12-11-2024 19:15","1733944503","0.9355"
"12-11-2024 19:16","1733944562","0.935"
"12-11-2024 19:17","1733944622","0.9355"
"12-11-2024 19:18","1733944683","0.9355"
"12-11-2024 19:19","1733944743","0.952"
"12-11-2024 19:20","1733944803","0.953"
"12-11-2024 19:21","1733944863","0.954"
"12-11-2024 19:22","1733944923","0.9555"
"12-11-2024 19:23","1733944983","0.957"
"12-11-2024 19:24","1733945043","0.959"
"12-11-2024 19:25","1733945103","0.959"
"12-11-2024 19:26","1733945163","0.94"
"12-11-2024 19:27","1733945223","0.929"
"12-11-2024 19:28","1733945283","0.9435"
"12-11-2024 19:29","1733945343","0.9375"
"12-11-2024 19:30","1733945403","0.9375"
"12-11-2024 19:31","1733945463","0.943"
"12-11-2024 19:32","1733945523","0.943"
"12-11-2024 19:33","1733945583","0.9435"
"12-11-2024 19:34","1733945643","0.935"
"12-11-2024 19:35","1733945702","0.9405"
"12-11-2024 19:36","1733945763","0.9405"
"12-11-2024 19:37","1733945822","0.941"
"12-11-2024 19:38","1733945883","0.941"
"12-11-2024 19:39","1733945943","0.941"
"12-11-2024 19:40","1733946003","0.941"
"12-11-2024 19:41","1733946063","0.9405"
"12-11-2024 19:42","1733946123","0.9405"
"12-11-2024 19:43","1733946183","0.9405"
"12-11-2024 19:44","1733946243","0.9405"
"12-11-2024 19:45","1733946303","0.9405"
"12-11-2024 19:46","1733946363","0.9405"
"12-11-2024 19:47","1733946423","0.9405"
"12-11-2024 19:48","1733946483","0.9405"
"12-11-2024 19:49","1733946543","0.9405"
"12-11-2024 19:50","1733946603","0.941"
"12-11-2024 19:51","1733946663","0.941"
"12-11-2024 19:52","1733946723","0.941"
"12-11-2024 19:53","1733946782","0.943"
"12-11-2024 19:54","1733946843","0.944"
"12-11-2024 19:55","1733946903","0.944"
"12-11-2024 19:56","1733946963","0.944"
"12-11-2024 19:57","1733947023","0.944"
"12-11-2024 19:58","1733947083","0.944"
"12-11-2024 19:59","1733947143","0.944"
"12-11-2024 20:00","1733947203","0.944"
"12-11-2024 20:01","1733947263","0.944"
"12-11-2024 20:02","1733947323","0.944"
"12-11-2024 20:03","1733947382","0.944"
"12-11-2024 20:04","1733947442","0.944"
"12-11-2024 20:05","1733947503","0.944"
"12-11-2024 20:06","1733947563","0.944"
"12-11-2024 20:07","1733947623","0.944"
"12-11-2024 20:08","1733947683","0.944"
"12-11-2024 20:09","1733947743","0.944"
"12-11-2024 20:10","1733947803","0.944"
"12-11-2024 20:11","1733947863","0.944"
"12-11-2024 20:12","1733947923","0.944"
"12-11-2024 20:13","1733947983","0.944"
"12-11-2024 20:14","1733948042","0.944"
"12-11-2024 20:15","1733948103","0.944"
"12-11-2024 20:16","1733948163","0.944"
"12-11-2024 20:17","1733948222","0.944"
"12-11-2024 20:18","1733948283","0.944"
"12-11-2024 20:19","1733948342","0.944"
"12-11-2024 20:20","1733948403","0.944"
"12-11-2024 20:21","1733948463","0.944"
"12-11-2024 20:22","1733948523","0.944"
"12-11-2024 20:23","1733948583","0.944"
"12-11-2024 20:24","1733948643","0.944"
"12-11-2024 20:25","1733948703","0.944"
"12-11-2024 20:26","1733948763","0.944"
"12-11-2024 20:27","1733948822","0.944"
"12-11-2024 20:28","1733948883","0.944"
"12-11-2024 20:29","1733948943","0.944"
"12-11-2024 20:30","1733949003","0.944"
"12-11-2024 20:31","1733949062","0.944"
"12-11-2024 20:32","1733949123","0.944"
"12-11-2024 20:33","1733949182","0.944"
"12-11-2024 20:34","1733949243","0.945"
"12-11-2024 20:35","1733949303","0.9455"
"12-11-2024 20:36","1733949363","0.9475"
"12-11-2024 20:37","1733949422","0.9475"
"12-11-2024 20:38","1733949483","0.9475"
"12-11-2024 20:39","1733949543","0.9475"
"12-11-2024 20:40","1733949603","0.9475"
"12-11-2024 20:41","1733949663","0.9475"
"12-11-2024 20:42","1733949723","0.9475"
"12-11-2024 20:43","1733949783","0.9475"
"12-11-2024 20:44","1733949843","0.9475"
"12-11-2024 20:45","1733949903","0.9475"
"12-11-2024 20:46","1733949962","0.9475"
"12-11-2024 20:47","1733950023","0.9475"
"12-11-2024 20:48","1733950083","0.9475"
"12-11-2024 20:49","1733950143","0.9475"
"12-11-2024 20:50","1733950203","0.9475"
"12-11-2024 20:51","1733950263","0.9475"
"12-11-2024 20:52","1733950323","0.9475"
"12-11-2024 20:53","1733950383","0.9475"
"12-11-2024 20:54","1733950443","0.9475"
"12-11-2024 20:55","1733950503","0.9475"
"12-11-2024 20:56","1733950563","0.9475"
"12-11-2024 20:57","1733950623","0.9475"
"12-11-2024 20:58","1733950682","0.9475"
"12-11-2024 20:59","1733950742","0.9475"
"12-11-2024 21:00","1733950803","0.9475"
"12-11-2024 21:01","1733950863","0.9475"
"12-11-2024 21:02","1733950923","0.9475"
"12-11-2024 21:03","1733950983","0.9475"
"12-11-2024 21:04","1733951042","0.9475"
"12-11-2024 21:05","1733951103","0.9475"
"12-11-2024 21:06","1733951163","0.9475"
"12-11-2024 21:07","1733951223","0.9475"
"12-11-2024 21:08","1733951283","0.9475"
"12-11-2024 21:09","1733951343","0.9475"
"12-11-2024 21:10","1733951403","0.9475"
"12-11-2024 21:11","1733951463","0.9475"
"12-11-2024 21:12","1733951523","0.9475"
"12-11-2024 21:13","1733951583","0.9475"
"12-11-2024 21:14","1733951643","0.9475"
"12-11-2024 21:15","1733951703","0.9475"
"12-11-2024 21:16","1733951762","0.9475"
"12-11-2024 21:17","1733951823","0.9475"
"12-11-2024 21:18","1733951883","0.9475"
"12-11-2024 21:19","1733951942","0.9475"
"12-11-2024 21:20","1733952003","0.9475"
"12-11-2024 21:21","1733952063","0.9475"
"12-11-2024 21:22","1733952123","0.9475"
"12-11-2024 21:23","1733952183","0.9475"
"12-11-2024 21:24","1733952242","0.9475"
"12-11-2024 21:25","1733952303","0.9475"
"12-11-2024 21:26","1733952363","0.9475"
"12-11-2024 21:27","1733952422","0.9485"
"12-11-2024 21:28","1733952482","0.9485"
"12-11-2024 21:29","1733952543","0.949"
"12-11-2024 21:30","1733952603","0.9495"
"12-11-2024 21:31","1733952663","0.9495"
"12-11-2024 21:32","1733952723","0.9495"
"12-11-2024 21:33","1733952783","0.9495"
"12-11-2024 21:34","1733952843","0.9495"
"12-11-2024 21:35","1733952903","0.9495"
"12-11-2024 21:36","1733952963","0.9495"
"12-11-2024 21:37","1733953023","0.9495"
"12-11-2024 21:38","1733953083","0.9495"
"12-11-2024 21:39","1733953143","0.9495"
"12-11-2024 21:40","1733953203","0.9495"
"12-11-2024 21:41","1733953262","0.9495"
"12-11-2024 21:42","1733953323","0.9495"
"12-11-2024 21:43","1733953383","0.9495"
"12-11-2024 21:44","1733953443","0.9495"
"12-11-2024 21:45","1733953502","0.9495"
"12-11-2024 21:46","1733953562","0.9495"
"12-11-2024 21:47","1733953622","0.9495"
"12-11-2024 21:48","1733953683","0.9495"
"12-11-2024 21:49","1733953743","0.9495"
"12-11-2024 21:50","1733953802","0.9495"
"12-11-2024 21:51","1733953863","0.9495"
"12-11-2024 21:52","1733953923","0.9495"
"12-11-2024 21:53","1733953982","0.9495"
"12-11-2024 21:54","1733954043","0.948"
"12-11-2024 21:55","1733954103","0.948"
"12-11-2024 21:56","1733954163","0.948"
"12-11-2024 21:57","1733954223","0.948"
"12-11-2024 21:58","1733954283","0.9485"
"12-11-2024 21:59","1733954343","0.9485"
"12-11-2024 22:00","1733954403","0.9485"
"12-11-2024 22:01","1733954463","0.9485"
"12-11-2024 22:02","1733954523","0.9485"
"12-11-2024 22:03","1733954583","0.9485"
"12-11-2024 22:04","1733954642","0.9485"
"12-11-2024 22:05","1733954703","0.9485"
"12-11-2024 22:06","1733954763","0.9485"
"12-11-2024 22:07","1733954823","0.9485"
"12-11-2024 22:08","1733954883","0.9485"
"12-11-2024 22:09","1733954943","0.9485"
"12-11-2024 22:10","1733955003","0.948"
"12-11-2024 22:11","1733955063","0.948"
"12-11-2024 22:12","1733955123","0.948"
"12-11-2024 22:13","1733955183","0.948"
"12-11-2024 22:14","1733955243","0.948"
"12-11-2024 22:15","1733955303","0.948"
"12-11-2024 22:16","1733955363","0.948"
"12-11-2024 22:17","1733955423","0.948"
"12-11-2024 22:18","1733955483","0.948"
"12-11-2024 22:19","1733955543","0.948"
"12-11-2024 22:20","1733955603","0.948"
"12-11-2024 22:21","1733955663","0.948"
"12-11-2024 22:22","1733955723","0.948"
"12-11-2024 22:23","1733955782","0.948"
"12-11-2024 22:24","1733955843","0.948"
"12-11-2024 22:25","1733955903","0.948"
"12-11-2024 22:26","1733955963","0.948"
"12-11-2024 22:27","1733956023","0.948"
"12-11-2024 22:28","1733956082","0.948"
"12-11-2024 22:29","1733956143","0.948"
"12-11-2024 22:30","1733956203","0.948"
"12-11-2024 22:31","1733956263","0.948"
"12-11-2024 22:32","1733956323","0.948"
"12-11-2024 22:33","1733956383","0.948"
"12-11-2024 22:34","1733956443","0.948"
"12-11-2024 22:35","1733956503","0.948"
"12-11-2024 22:36","1733956563","0.948"
"12-11-2024 22:37","1733956623","0.948"
"12-11-2024 22:38","1733956683","0.948"
"12-11-2024 22:39","1733956743","0.948"
"12-11-2024 22:40","1733956803","0.948"
"12-11-2024 22:41","1733956863","0.948"
"12-11-2024 22:42","1733956923","0.948"
"12-11-2024 22:43","1733956982","0.948"
"12-11-2024 22:44","1733957043","0.948"
"12-11-2024 22:45","1733957102","0.948"
"12-11-2024 22:46","1733957163","0.948"
"12-11-2024 22:47","1733957223","0.948"
"12-11-2024 22:48","1733957283","0.948"
"12-11-2024 22:49","1733957343","0.948"
"12-11-2024 22:50","1733957402","0.948"
"12-11-2024 22:51","1733957463","0.948"
"12-11-2024 22:52","1733957523","0.948"
"12-11-2024 22:53","1733957582","0.948"
"12-11-2024 22:54","1733957643","0.948"
"12-11-2024 22:55","1733957703","0.948"
"12-11-2024 22:56","1733957763","0.948"
"12-11-2024 22:57","1733957823","0.9525"
"12-11-2024 22:58","1733957883","0.952"
"12-11-2024 22:59","1733957943","0.9565"
"12-11-2024 23:00","1733958003","0.9565"
"12-11-2024 23:01","1733958063","0.9565"
"12-11-2024 23:02","1733958123","0.9565"
"12-11-2024 23:03","1733958183","0.9565"
"12-11-2024 23:04","1733958243","0.958"
"12-11-2024 23:05","1733958303","0.9585"
"12-11-2024 23:06","1733958363","0.959"
"12-11-2024 23:07","1733958423","0.9595"
"12-11-2024 23:08","1733958483","0.9605"
"12-11-2024 23:09","1733958543","0.9605"
"12-11-2024 23:10","1733958603","0.961"
"12-11-2024 23:11","1733958663","0.961"
"12-11-2024 23:12","1733958723","0.961"
"12-11-2024 23:13","1733958783","0.961"
"12-11-2024 23:14","1733958843","0.961"
"12-11-2024 23:15","1733958903","0.961"
"12-11-2024 23:16","1733958963","0.961"
"12-11-2024 23:17","1733959023","0.961"
"12-11-2024 23:18","1733959083","0.961"
"12-11-2024 23:19","1733959143","0.961"
"12-11-2024 23:20","1733959203","0.961"
"12-11-2024 23:21","1733959263","0.962"
"12-11-2024 23:22","1733959323","0.962"
"12-11-2024 23:23","1733959383","0.962"
"12-11-2024 23:24","1733959443","0.962"
"12-11-2024 23:25","1733959503","0.962"
"12-11-2024 23:26","1733959563","0.962"
"12-11-2024 23:27","1733959623","0.962"
"12-11-2024 23:28","1733959683","0.962"
"12-11-2024 23:29","1733959743","0.961"
"12-11-2024 23:30","1733959803","0.961"
"12-11-2024 23:31","1733959863","0.961"
"12-11-2024 23:32","1733959923","0.961"
"12-11-2024 23:33","1733959983","0.961"
"12-11-2024 23:34","1733960043","0.961"
"12-11-2024 23:35","1733960103","0.961"
"12-11-2024 23:36","1733960163","0.961"
"12-11-2024 23:37","1733960223","0.961"
"12-11-2024 23:38","1733960283","0.961"
"12-11-2024 23:39","1733960343","0.961"
"12-11-2024 23:40","1733960403","0.961"
"12-11-2024 23:41","1733960463","0.961"
"12-11-2024 23:42","1733960523","0.961"
"12-11-2024 23:43","1733960583","0.961"
"12-11-2024 23:44","1733960643","0.961"
"12-11-2024 23:45","1733960703","0.961"
"12-11-2024 23:46","1733960763","0.961"
"12-11-2024 23:47","1733960823","0.9615"
"12-11-2024 23:48","1733960883","0.9615"
"12-11-2024 23:49","1733960943","0.9615"
"12-11-2024 23:50","1733961003","0.9615"
"12-11-2024 23:51","1733961063","0.9615"
"12-11-2024 23:52","1733961123","0.9615"
"12-11-2024 23:53","1733961183","0.9615"
"12-11-2024 23:54","1733961243","0.9615"
"12-11-2024 23:55","1733961303","0.9615"
"12-11-2024 23:56","1733961362","0.9615"
"12-11-2024 23:57","1733961422","0.9615"
"12-11-2024 23:58","1733961483","0.9615"
"12-11-2024 23:59","1733961542","0.9615"
"12-12-2024 00:00","1733961603","0.9615"
"12-12-2024 00:01","1733961663","0.9615"
"12-12-2024 00:02","1733961723","0.9615"
"12-12-2024 00:03","1733961783","0.9615"
"12-12-2024 00:04","1733961843","0.9615"
"12-12-2024 00:05","1733961903","0.9615"
"12-12-2024 00:06","1733961963","0.9615"
"12-12-2024 00:07","1733962023","0.9615"
"12-12-2024 00:08","1733962083","0.9615"
"12-12-2024 00:09","1733962142","0.9615"
"12-12-2024 00:10","1733962203","0.9615"
"12-12-2024 00:11","1733962263","0.962"
"12-12-2024 00:12","1733962323","0.9615"
"12-12-2024 00:13","1733962383","0.9615"
"12-12-2024 00:14","1733962443","0.9615"
"12-12-2024 00:15","1733962503","0.9615"
"12-12-2024 00:16","1733962563","0.9615"
"12-12-2024 00:17","1733962623","0.9615"
"12-12-2024 00:18","1733962683","0.9615"
"12-12-2024 00:19","1733962742","0.9615"
"12-12-2024 00:20","1733962803","0.9615"
"12-12-2024 00:21","1733962863","0.9615"
"12-12-2024 00:22","1733962923","0.9615"
"12-12-2024 00:23","1733962983","0.9615"
"12-12-2024 00:24","1733963043","0.9615"
"12-12-2024 00:25","1733963103","0.9615"
"12-12-2024 00:26","1733963163","0.9615"
"12-12-2024 00:27","1733963223","0.9615"
"12-12-2024 00:28","1733963283","0.9615"
"12-12-2024 00:29","1733963343","0.9615"
"12-12-2024 00:30","1733963403","0.9615"
"12-12-2024 00:31","1733963463","0.9615"
"12-12-2024 00:32","1733963523","0.9615"
"12-12-2024 00:33","1733963583","0.9615"
"12-12-2024 00:34","1733963643","0.9615"
"12-12-2024 00:35","1733963703","0.9615"
"12-12-2024 00:36","1733963763","0.9615"
"12-12-2024 00:37","1733963823","0.9615"
"12-12-2024 00:38","1733963883","0.9615"
"12-12-2024 00:39","1733963943","0.9615"
"12-12-2024 00:40","1733964003","0.9615"
"12-12-2024 00:41","1733964063","0.9615"
"12-12-2024 00:42","1733964123","0.9615"
"12-12-2024 00:43","1733964183","0.9615"
"12-12-2024 00:44","1733964243","0.9615"
"12-12-2024 00:45","1733964303","0.9615"
"12-12-2024 00:46","1733964363","0.9615"
"12-12-2024 00:47","1733964423","0.9615"
"12-12-2024 00:48","1733964482","0.9615"
"12-12-2024 00:49","1733964543","0.9615"
"12-12-2024 00:50","1733964603","0.9615"
"12-12-2024 00:51","1733964663","0.9615"
"12-12-2024 00:52","1733964723","0.9615"
"12-12-2024 00:53","1733964783","0.9615"
"12-12-2024 00:54","1733964842","0.9615"
"12-12-2024 00:55","1733964903","0.9615"
"12-12-2024 00:56","1733964963","0.9615"
"12-12-2024 00:57","1733965023","0.9615"
"12-12-2024 00:58","1733965082","0.9615"
"12-12-2024 00:59","1733965143","0.9615"
"12-12-2024 01:00","1733965203","0.9615"
"12-12-2024 01:01","1733965263","0.9615"
"12-12-2024 01:02","1733965323","0.9615"
"12-12-2024 01:03","1733965383","0.9615"
"12-12-2024 01:04","1733965443","0.9615"
"12-12-2024 01:05","1733965503","0.9615"
"12-12-2024 01:06","1733965563","0.9615"
"12-12-2024 01:07","1733965623","0.9615"
"12-12-2024 01:08","1733965683","0.9615"
"12-12-2024 01:09","1733965742","0.9615"
"12-12-2024 01:10","1733965803","0.9615"
"12-12-2024 01:11","1733965862","0.9615"
"12-12-2024 01:12","1733965923","0.9615"
"12-12-2024 01:13","1733965983","0.9615"
"12-12-2024 01:14","1733966043","0.9615"
"12-12-2024 01:15","1733966103","0.9615"
"12-12-2024 01:16","1733966163","0.9615"
"12-12-2024 01:17","1733966223","0.9615"
"12-12-2024 01:18","1733966283","0.9615"
"12-12-2024 01:19","1733966343","0.9615"
"12-12-2024 01:20","1733966402","0.9615"
"12-12-2024 01:21","1733966463","0.9615"
"12-12-2024 01:22","1733966523","0.9615"
"12-12-2024 01:23","1733966582","0.9615"
"12-12-2024 01:24","1733966643","0.9615"
"12-12-2024 01:25","1733966703","0.9615"
"12-12-2024 01:26","1733966763","0.962"
"12-12-2024 01:27","1733966823","0.962"
"12-12-2024 01:28","1733966883","0.962"
"12-12-2024 01:29","1733966943","0.962"
"12-12-2024 01:30","1733967003","0.962"
"12-12-2024 01:31","1733967063","0.962"
"12-12-2024 01:32","1733967123","0.962"
"12-12-2024 01:33","1733967183","0.962"
"12-12-2024 01:34","1733967243","0.962"
"12-12-2024 01:35","1733967303","0.962"
"12-12-2024 01:36","1733967363","0.962"
"12-12-2024 01:37","1733967423","0.962"
"12-12-2024 01:38","1733967483","0.962"
"12-12-2024 01:39","1733967542","0.962"
"12-12-2024 01:40","1733967603","0.962"
"12-12-2024 01:41","1733967663","0.962"
"12-12-2024 01:42","1733967723","0.962"
"12-12-2024 01:43","1733967783","0.962"
"12-12-2024 01:44","1733967843","0.962"
"12-12-2024 01:45","1733967903","0.962"
"12-12-2024 01:46","1733967963","0.962"
"12-12-2024 01:47","1733968023","0.962"
"12-12-2024 01:48","1733968083","0.962"
"12-12-2024 01:49","1733968142","0.962"
"12-12-2024 01:50","1733968203","0.9615"
"12-12-2024 01:51","1733968263","0.9615"
"12-12-2024 01:52","1733968323","0.9615"
"12-12-2024 01:53","1733968383","0.9615"
"12-12-2024 01:54","1733968443","0.9615"
"12-12-2024 01:55","1733968503","0.9615"
"12-12-2024 01:56","1733968563","0.9615"
"12-12-2024 01:57","1733968623","0.9615"
"12-12-2024 01:58","1733968683","0.9615"
"12-12-2024 01:59","1733968743","0.9615"
"12-12-2024 02:00","1733968803","0.9615"
"12-12-2024 02:01","1733968863","0.9615"
"12-12-2024 02:02","1733968923","0.9615"
"12-12-2024 02:03","1733968983","0.9615"
"12-12-2024 02:04","1733969043","0.9615"
"12-12-2024 02:05","1733969103","0.9615"
"12-12-2024 02:06","1733969163","0.9615"
"12-12-2024 02:07","1733969223","0.9615"
"12-12-2024 02:08","1733969283","0.9615"
"12-12-2024 02:09","1733969343","0.9615"
"12-12-2024 02:10","1733969403","0.9615"
"12-12-2024 02:11","1733969462","0.9615"
"12-12-2024 02:12","1733969523","0.9615"
"12-12-2024 02:13","1733969582","0.9615"
"12-12-2024 02:14","1733969643","0.9615"
"12-12-2024 02:15","1733969703","0.9615"
"12-12-2024 02:16","1733969763","0.962"
"12-12-2024 02:17","1733969823","0.962"
"12-12-2024 02:18","1733969883","0.962"
"12-12-2024 02:19","1733969942","0.962"
"12-12-2024 02:20","1733970003","0.962"
"12-12-2024 02:21","1733970062","0.962"
"12-12-2024 02:22","1733970123","0.962"
"12-12-2024 02:23","1733970183","0.962"
"12-12-2024 02:24","1733970243","0.962"
"12-12-2024 02:25","1733970303","0.962"
"12-12-2024 02:26","1733970363","0.962"
"12-12-2024 02:27","1733970423","0.962"
"12-12-2024 02:28","1733970482","0.962"
"12-12-2024 02:29","1733970543","0.962"
"12-12-2024 02:30","1733970603","0.962"
"12-12-2024 02:31","1733970663","0.962"
"12-12-2024 02:32","1733970723","0.962"
"12-12-2024 02:33","1733970783","0.962"
"12-12-2024 02:34","1733970843","0.962"
"12-12-2024 02:35","1733970903","0.962"
"12-12-2024 02:36","1733970963","0.962"
"12-12-2024 02:37","1733971023","0.962"
"12-12-2024 02:38","1733971083","0.962"
"12-12-2024 02:39","1733971143","0.962"
"12-12-2024 02:40","1733971203","0.9615"
"12-12-2024 02:41","1733971263","0.9615"
"12-12-2024 02:42","1733971323","0.9615"
"12-12-2024 02:43","1733971383","0.9615"
"12-12-2024 02:44","1733971443","0.9615"
"12-12-2024 02:45","1733971503","0.9615"
"12-12-2024 02:46","1733971563","0.9615"
"12-12-2024 02:47","1733971623","0.9615"
"12-12-2024 02:48","1733971683","0.9615"
"12-12-2024 02:49","1733971743","0.9615"
"12-12-2024 02:50","1733971803","0.9615"
"12-12-2024 02:51","1733971863","0.9615"
"12-12-2024 02:52","1733971923","0.9615"
"12-12-2024 02:53","1733971983","0.9615"
"12-12-2024 02:54","1733972042","0.9615"
"12-12-2024 02:55","1733972103","0.9615"
"12-12-2024 02:56","1733972163","0.9615"
"12-12-2024 02:57","1733972223","0.9615"
"12-12-2024 02:58","1733972283","0.9615"
"12-12-2024 02:59","1733972343","0.9615"
"12-12-2024 03:00","1733972403","0.9615"
"12-12-2024 03:01","1733972463","0.9615"
"12-12-2024 03:02","1733972523","0.9615"
"12-12-2024 03:03","1733972583","0.9615"
"12-12-2024 03:04","1733972643","0.9615"
"12-12-2024 03:05","1733972703","0.9615"
"12-12-2024 03:06","1733972763","0.962"
"12-12-2024 03:07","1733972823","0.962"
"12-12-2024 03:08","1733972883","0.962"
"12-12-2024 03:09","1733972943","0.962"
"12-12-2024 03:10","1733973003","0.962"
"12-12-2024 03:11","1733973063","0.962"
"12-12-2024 03:12","1733973123","0.962"
"12-12-2024 03:13","1733973183","0.962"
"12-12-2024 03:14","1733973242","0.962"
"12-12-2024 03:15","1733973303","0.962"
"12-12-2024 03:16","1733973363","0.962"
"12-12-2024 03:17","1733973423","0.9625"
"12-12-2024 03:18","1733973483","0.9625"
"12-12-2024 03:19","1733973542","0.9625"
"12-12-2024 03:20","1733973603","0.9625"
"12-12-2024 03:21","1733973663","0.9625"
"12-12-2024 03:22","1733973723","0.9625"
"12-12-2024 03:23","1733973783","0.9625"
"12-12-2024 03:24","1733973843","0.9625"
"12-12-2024 03:25","1733973903","0.9625"
"12-12-2024 03:26","1733973963","0.9625"
"12-12-2024 03:27","1733974023","0.9625"
"12-12-2024 03:28","1733974083","0.9625"
"12-12-2024 03:29","1733974143","0.9625"
"12-12-2024 03:30","1733974203","0.962"
"12-12-2024 03:31","1733974263","0.962"
"12-12-2024 03:32","1733974323","0.962"
"12-12-2024 03:33","1733974383","0.962"
"12-12-2024 03:34","1733974443","0.962"
"12-12-2024 03:35","1733974503","0.962"
"12-12-2024 03:36","1733974563","0.962"
"12-12-2024 03:37","1733974623","0.962"
"12-12-2024 03:38","1733974683","0.962"
"12-12-2024 03:39","1733974743","0.962"
"12-12-2024 03:40","1733974803","0.962"
"12-12-2024 03:41","1733974863","0.962"
"12-12-2024 03:42","1733974923","0.962"
"12-12-2024 03:43","1733974983","0.961"
"12-12-2024 03:44","1733975043","0.961"
"12-12-2024 03:45","1733975103","0.961"
"12-12-2024 03:46","1733975163","0.9615"
"12-12-2024 03:47","1733975223","0.9615"
"12-12-2024 03:48","1733975283","0.9615"
"12-12-2024 03:49","1733975342","0.9615"
"12-12-2024 03:50","1733975403","0.9615"
"12-12-2024 03:51","1733975462","0.9615"
"12-12-2024 03:52","1733975523","0.9615"
"12-12-2024 03:53","1733975582","0.9615"
"12-12-2024 03:54","1733975643","0.9615"
"12-12-2024 03:55","1733975703","0.9615"
"12-12-2024 03:56","1733975763","0.9615"
"12-12-2024 03:57","1733975823","0.9615"
"12-12-2024 03:58","1733975883","0.9615"
"12-12-2024 03:59","1733975942","0.9615"
"12-12-2024 04:00","1733976003","0.9615"
"12-12-2024 04:01","1733976063","0.9615"
"12-12-2024 04:02","1733976123","0.9615"
"12-12-2024 04:03","1733976183","0.9615"
"12-12-2024 04:04","1733976243","0.9615"
"12-12-2024 04:05","1733976303","0.9615"
"12-12-2024 04:06","1733976363","0.9615"
"12-12-2024 04:07","1733976423","0.9615"
"12-12-2024 04:08","1733976483","0.9615"
"12-12-2024 04:09","1733976543","0.9615"
"12-12-2024 04:10","1733976603","0.9615"
"12-12-2024 04:11","1733976663","0.9615"
"12-12-2024 04:12","1733976723","0.9615"
"12-12-2024 04:13","1733976782","0.9615"
"12-12-2024 04:14","1733976843","0.9615"
"12-12-2024 04:15","1733976903","0.9615"
"12-12-2024 04:16","1733976963","0.9615"
"12-12-2024 04:17","1733977023","0.9615"
"12-12-2024 04:18","1733977083","0.9615"
"12-12-2024 04:19","1733977143","0.9615"
"12-12-2024 04:20","1733977203","0.9615"
"12-12-2024 04:21","1733977262","0.962"
"12-12-2024 04:22","1733977323","0.962"
"12-12-2024 04:23","1733977382","0.962"
"12-12-2024 04:24","1733977443","0.962"
"12-12-2024 04:25","1733977503","0.962"
"12-12-2024 04:26","1733977563","0.962"
"12-12-2024 04:27","1733977622","0.962"
"12-12-2024 04:28","1733977683","0.962"
"12-12-2024 04:29","1733977743","0.962"
"12-12-2024 04:30","1733977803","0.962"
"12-12-2024 04:31","1733977863","0.962"
"12-12-2024 04:32","1733977923","0.962"
"12-12-2024 04:33","1733977983","0.962"
"12-12-2024 04:34","1733978043","0.962"
"12-12-2024 04:35","1733978103","0.962"
"12-12-2024 04:36","1733978163","0.962"
"12-12-2024 04:37","1733978223","0.962"
"12-12-2024 04:38","1733978282","0.962"
"12-12-2024 04:39","1733978342","0.962"
"12-12-2024 04:40","1733978403","0.962"
"12-12-2024 04:41","1733978463","0.962"
"12-12-2024 04:42","1733978523","0.962"
"12-12-2024 04:43","1733978583","0.962"
"12-12-2024 04:44","1733978643","0.962"
"12-12-2024 04:45","1733978703","0.9615"
"12-12-2024 04:46","1733978763","0.962"
"12-12-2024 04:47","1733978823","0.962"
"12-12-2024 04:48","1733978883","0.962"
"12-12-2024 04:49","1733978943","0.962"
"12-12-2024 04:50","1733979003","0.962"
"12-12-2024 04:51","1733979063","0.962"
"12-12-2024 04:52","1733979123","0.962"
"12-12-2024 04:53","1733979183","0.962"
"12-12-2024 04:54","1733979243","0.962"
"12-12-2024 04:55","1733979303","0.962"
"12-12-2024 04:56","1733979363","0.962"
"12-12-2024 04:57","1733979423","0.962"
"12-12-2024 04:58","1733979483","0.962"
"12-12-2024 04:59","1733979543","0.962"
"12-12-2024 05:00","1733979603","0.962"
"12-12-2024 05:01","1733979663","0.962"
"12-12-2024 05:02","1733979723","0.962"
"12-12-2024 05:03","1733979783","0.962"
"12-12-2024 05:04","1733979843","0.962"
"12-12-2024 05:05","1733979902","0.962"
"12-12-2024 05:06","1733979962","0.962"
"12-12-2024 05:07","1733980023","0.962"
"12-12-2024 05:08","1733980082","0.962"
"12-12-2024 05:09","1733980143","0.962"
"12-12-2024 05:10","1733980203","0.9615"
"12-12-2024 05:11","1733980263","0.962"
"12-12-2024 05:12","1733980323","0.962"
"12-12-2024 05:13","1733980383","0.962"
"12-12-2024 05:14","1733980443","0.962"
"12-12-2024 05:15","1733980503","0.962"
"12-12-2024 05:16","1733980563","0.962"
"12-12-2024 05:17","1733980623","0.962"
"12-12-2024 05:18","1733980683","0.962"
"12-12-2024 05:19","1733980743","0.962"
"12-12-2024 05:20","1733980803","0.962"
"12-12-2024 05:21","1733980863","0.962"
"12-12-2024 05:22","1733980923","0.962"
"12-12-2024 05:23","1733980983","0.962"
"12-12-2024 05:24","1733981043","0.962"
"12-12-2024 05:25","1733981103","0.962"
"12-12-2024 05:26","1733981163","0.962"
"12-12-2024 05:27","1733981223","0.962"
"12-12-2024 05:28","1733981283","0.962"
"12-12-2024 05:29","1733981343","0.962"
"12-12-2024 05:30","1733981403","0.962"
"12-12-2024 05:31","1733981462","0.962"
"12-12-2024 05:32","1733981523","0.962"
"12-12-2024 05:33","1733981583","0.962"
"12-12-2024 05:34","1733981643","0.962"
"12-12-2024 05:35","1733981703","0.9615"
"12-12-2024 05:36","1733981763","0.9615"
"12-12-2024 05:37","1733981823","0.9615"
"12-12-2024 05:38","1733981883","0.9615"
"12-12-2024 05:39","1733981943","0.9615"
"12-12-2024 05:40","1733982003","0.9615"
"12-12-2024 05:41","1733982063","0.9615"
"12-12-2024 05:42","1733982123","0.9615"
"12-12-2024 05:43","1733982183","0.9615"
"12-12-2024 05:44","1733982243","0.9615"
"12-12-2024 05:45","1733982303","0.9615"
"12-12-2024 05:46","1733982362","0.9615"
"12-12-2024 05:47","1733982423","0.9615"
"12-12-2024 05:48","1733982483","0.9615"
"12-12-2024 05:49","1733982543","0.9615"
"12-12-2024 05:50","1733982603","0.9615"
"12-12-2024 05:51","1733982663","0.9615"
"12-12-2024 05:52","1733982723","0.9615"
"12-12-2024 05:53","1733982783","0.9615"
"12-12-2024 05:54","1733982843","0.9615"
"12-12-2024 05:55","1733982903","0.9615"
"12-12-2024 05:56","1733982963","0.9615"
"12-12-2024 05:57","1733983023","0.9615"
"12-12-2024 05:58","1733983082","0.9615"
"12-12-2024 05:59","1733983143","0.9615"
"12-12-2024 06:00","1733983203","0.9615"
"12-12-2024 06:01","1733983263","0.9615"
"12-12-2024 06:02","1733983323","0.9615"
"12-12-2024 06:03","1733983382","0.9615"
"12-12-2024 06:04","1733983443","0.9615"
"12-12-2024 06:05","1733983503","0.9615"
"12-12-2024 06:06","1733983563","0.9615"
"12-12-2024 06:07","1733983623","0.9615"
"12-12-2024 06:08","1733983683","0.9615"
"12-12-2024 06:09","1733983743","0.9615"
"12-12-2024 06:10","1733983803","0.9615"
"12-12-2024 06:11","1733983863","0.9615"
"12-12-2024 06:12","1733983923","0.9615"
"12-12-2024 06:13","1733983983","0.9615"
"12-12-2024 06:14","1733984043","0.9615"
"12-12-2024 06:15","1733984103","0.9615"
"12-12-2024 06:16","1733984163","0.9615"
"12-12-2024 06:17","1733984223","0.9615"
"12-12-2024 06:18","1733984283","0.9615"
"12-12-2024 06:19","1733984342","0.9615"
"12-12-2024 06:20","1733984403","0.9615"
"12-12-2024 06:21","1733984463","0.9615"
"12-12-2024 06:22","1733984523","0.9615"
"12-12-2024 06:23","1733984582","0.9615"
"12-12-2024 06:24","1733984643","0.9615"
"12-12-2024 06:25","1733984703","0.9615"
"12-12-2024 06:26","1733984763","0.961"
"12-12-2024 06:27","1733984823","0.961"
"12-12-2024 06:28","1733984883","0.961"
"12-12-2024 06:29","1733984943","0.961"
"12-12-2024 06:30","1733985003","0.961"
"12-12-2024 06:31","1733985063","0.961"
"12-12-2024 06:32","1733985123","0.961"
"12-12-2024 06:33","1733985182","0.961"
"12-12-2024 06:34","1733985243","0.961"
"12-12-2024 06:35","1733985303","0.961"
"12-12-2024 06:36","1733985363","0.961"
"12-12-2024 06:37","1733985423","0.961"
"12-12-2024 06:38","1733985483","0.961"
"12-12-2024 06:39","1733985543","0.961"
"12-12-2024 06:40","1733985603","0.961"
"12-12-2024 06:41","1733985663","0.961"
"12-12-2024 06:42","1733985723","0.961"
"12-12-2024 06:43","1733985783","0.961"
"12-12-2024 06:44","1733985843","0.961"
"12-12-2024 06:45","1733985903","0.961"
"12-12-2024 06:46","1733985962","0.961"
"12-12-2024 06:47","1733986023","0.961"
"12-12-2024 06:48","1733986083","0.961"
"12-12-2024 06:49","1733986143","0.961"
"12-12-2024 06:50","1733986203","0.9615"
"12-12-2024 06:51","1733986263","0.9615"
"12-12-2024 06:52","1733986323","0.962"
"12-12-2024 06:53","1733986383","0.962"
"12-12-2024 06:54","1733986443","0.962"
"12-12-2024 06:55","1733986503","0.962"
"12-12-2024 06:56","1733986563","0.962"
"12-12-2024 06:57","1733986623","0.962"
"12-12-2024 06:58","1733986683","0.962"
"12-12-2024 06:59","1733986743","0.962"
"12-12-2024 07:00","1733986803","0.962"
"12-12-2024 07:01","1733986863","0.962"
"12-12-2024 07:02","1733986923","0.9595"
"12-12-2024 07:03","1733986983","0.959"
"12-12-2024 07:04","1733987043","0.959"
"12-12-2024 07:05","1733987103","0.959"
"12-12-2024 07:06","1733987163","0.959"
"12-12-2024 07:07","1733987222","0.959"
"12-12-2024 07:08","1733987283","0.959"
"12-12-2024 07:09","1733987343","0.959"
"12-12-2024 07:10","1733987403","0.959"
"12-12-2024 07:11","1733987463","0.959"
"12-12-2024 07:12","1733987523","0.959"
"12-12-2024 07:13","1733987582","0.959"
"12-12-2024 07:14","1733987643","0.959"
"12-12-2024 07:15","1733987703","0.959"
"12-12-2024 07:16","1733987763","0.959"
"12-12-2024 07:17","1733987823","0.959"
"12-12-2024 07:18","1733987882","0.959"
"12-12-2024 07:19","1733987943","0.959"
"12-12-2024 07:20","1733988003","0.959"
"12-12-2024 07:21","1733988063","0.959"
"12-12-2024 07:22","1733988123","0.959"
"12-12-2024 07:23","1733988183","0.959"
"12-12-2024 07:24","1733988243","0.959"
"12-12-2024 07:25","1733988303","0.959"
"12-12-2024 07:26","1733988363","0.959"
"12-12-2024 07:27","1733988423","0.959"
"12-12-2024 07:28","1733988483","0.959"
"12-12-2024 07:29","1733988543","0.959"
"12-12-2024 07:30","1733988603","0.959"
"12-12-2024 07:31","1733988663","0.959"
"12-12-2024 07:32","1733988723","0.962"
"12-12-2024 07:33","1733988783","0.9735"
"12-12-2024 07:34","1733988843","0.983"
"12-12-2024 07:35","1733988902","0.983"
"12-12-2024 07:36","1733988963","0.983"
"12-12-2024 07:37","1733989023","0.983"
"12-12-2024 07:38","1733989083","0.983"
"12-12-2024 07:39","1733989143","0.983"
"12-12-2024 07:40","1733989203","0.983"
"12-12-2024 07:41","1733989262","0.983"
"12-12-2024 07:42","1733989322","0.983"
"12-12-2024 07:43","1733989383","0.983"
"12-12-2024 07:44","1733989443","0.983"
"12-12-2024 07:45","1733989503","0.983"
"12-12-2024 07:46","1733989563","0.983"
"12-12-2024 07:47","1733989623","0.9825"
"12-12-2024 07:48","1733989683","0.982"
"12-12-2024 07:49","1733989743","0.9775"
"12-12-2024 07:50","1733989803","0.9775"
"12-12-2024 07:51","1733989862","0.9755"
"12-12-2024 07:52","1733989923","0.973"
"12-12-2024 07:53","1733989982","0.973"
"12-12-2024 07:54","1733990043","0.9735"
"12-12-2024 07:55","1733990103","0.9735"
"12-12-2024 07:56","1733990163","0.9745"
"12-12-2024 07:57","1733990223","0.975"
"12-12-2024 07:58","1733990283","0.975"
"12-12-2024 07:59","1733990343","0.9755"
"12-12-2024 08:00","1733990403","0.9735"
"12-12-2024 08:01","1733990462","0.9735"
"12-12-2024 08:02","1733990523","0.9735"
"12-12-2024 08:03","1733990583","0.974"
"12-12-2024 08:04","1733990643","0.9745"
"12-12-2024 08:05","1733990703","0.9745"
"12-12-2024 08:06","1733990763","0.9745"
"12-12-2024 08:07","1733990823","0.9745"
"12-12-2024 08:08","1733990883","0.9745"
"12-12-2024 08:09","1733990943","0.9745"
"12-12-2024 08:10","1733991004","0.975"
"12-12-2024 08:11","1733991062","0.975"
"12-12-2024 08:12","1733991123","0.975"
"12-12-2024 08:13","1733991183","0.975"
"12-12-2024 08:14","1733991243","0.975"
"12-12-2024 08:15","1733991303","0.975"
"12-12-2024 08:16","1733991363","0.975"
"12-12-2024 08:17","1733991423","0.975"
"12-12-2024 08:18","1733991483","0.975"
"12-12-2024 08:19","1733991543","0.975"
"12-12-2024 08:20","1733991603","0.975"
"12-12-2024 08:21","1733991663","0.975"
"12-12-2024 08:22","1733991723","0.975"
"12-12-2024 08:23","1733991783","0.9755"
"12-12-2024 08:24","1733991843","0.9755"
"12-12-2024 08:25","1733991903","0.9755"
"12-12-2024 08:26","1733991963","0.9755"
"12-12-2024 08:27","1733992023","0.9755"
"12-12-2024 08:28","1733992083","0.9755"
"12-12-2024 08:29","1733992143","0.9755"
"12-12-2024 08:30","1733992203","0.9755"
"12-12-2024 08:31","1733992263","0.9755"
"12-12-2024 08:32","1733992323","0.9755"
"12-12-2024 08:33","1733992383","0.9755"
"12-12-2024 08:34","1733992443","0.9755"
"12-12-2024 08:35","1733992503","0.9755"
"12-12-2024 08:36","1733992563","0.9755"
"12-12-2024 08:37","1733992623","0.9755"
"12-12-2024 08:38","1733992683","0.9755"
"12-12-2024 08:39","1733992743","0.9755"
"12-12-2024 08:40","1733992803","0.9755"
"12-12-2024 08:41","1733992863","0.9755"
"12-12-2024 08:42","1733992923","0.9755"
"12-12-2024 08:43","1733992983","0.9755"
"12-12-2024 08:44","1733993043","0.9755"
"12-12-2024 08:45","1733993103","0.9755"
"12-12-2024 08:46","1733993163","0.9755"
"12-12-2024 08:47","1733993223","0.9755"
"12-12-2024 08:48","1733993283","0.976"
"12-12-2024 08:49","1733993343","0.976"
"12-12-2024 08:50","1733993403","0.976"
"12-12-2024 08:51","1733993462","0.976"
"12-12-2024 08:52","1733993523","0.976"
"12-12-2024 08:53","1733993582","0.976"
"12-12-2024 08:54","1733993643","0.976"
"12-12-2024 08:55","1733993703","0.976"
"12-12-2024 08:56","1733993763","0.976"
"12-12-2024 08:57","1733993822","0.976"
"12-12-2024 08:58","1733993883","0.976"
"12-12-2024 08:59","1733993943","0.976"
"12-12-2024 09:00","1733994003","0.976"
"12-12-2024 09:01","1733994063","0.976"
"12-12-2024 09:02","1733994123","0.976"
"12-12-2024 09:03","1733994183","0.976"
"12-12-2024 09:04","1733994243","0.976"
"12-12-2024 09:05","1733994303","0.976"
"12-12-2024 09:06","1733994363","0.9725"
"12-12-2024 09:07","1733994423","0.971"
"12-12-2024 09:08","1733994483","0.9705"
"12-12-2024 09:09","1733994543","0.9735"
"12-12-2024 09:10","1733994603","0.9725"
"12-12-2024 09:11","1733994663","0.9625"
"12-12-2024 09:12","1733994723","0.9705"
"12-12-2024 09:13","1733994783","0.9715"
"12-12-2024 09:14","1733994843","0.972"
"12-12-2024 09:15","1733994903","0.973"
"12-12-2024 09:16","1733994963","0.973"
"12-12-2024 09:17","1733995023","0.974"
"12-12-2024 09:18","1733995083","0.974"
"12-12-2024 09:19","1733995143","0.974"
"12-12-2024 09:20","1733995203","0.9745"
"12-12-2024 09:21","1733995263","0.9745"
"12-12-2024 09:22","1733995323","0.9745"
"12-12-2024 09:23","1733995383","0.9745"
"12-12-2024 09:24","1733995443","0.9745"
"12-12-2024 09:25","1733995503","0.9745"
"12-12-2024 09:26","1733995563","0.9745"
"12-12-2024 09:27","1733995622","0.9745"
"12-12-2024 09:28","1733995683","0.9745"
"12-12-2024 09:29","1733995742","0.9745"
"12-12-2024 09:30","1733995803","0.9745"
"12-12-2024 09:31","1733995863","0.9745"
"12-12-2024 09:32","1733995923","0.9745"
"12-12-2024 09:33","1733995983","0.9745"
"12-12-2024 09:34","1733996043","0.9745"
"12-12-2024 09:35","1733996103","0.9745"
"12-12-2024 09:36","1733996163","0.9745"
"12-12-2024 09:37","1733996223","0.9745"
"12-12-2024 09:38","1733996283","0.9745"
"12-12-2024 09:39","1733996343","0.971"
"12-12-2024 09:40","1733996403","0.9705"
"12-12-2024 09:41","1733996463","0.9705"
"12-12-2024 09:42","1733996523","0.9715"
"12-12-2024 09:43","1733996583","0.972"
"12-12-2024 09:44","1733996643","0.973"
"12-12-2024 09:45","1733996703","0.97"
"12-12-2024 09:46","1733996762","0.97"
"12-12-2024 09:47","1733996823","0.97"
"12-12-2024 09:48","1733996883","0.97"
"12-12-2024 09:49","1733996943","0.97"
"12-12-2024 09:50","1733997003","0.97"
"12-12-2024 09:51","1733997063","0.97"
"12-12-2024 09:52","1733997123","0.97"
"12-12-2024 09:53","1733997183","0.97"
"12-12-2024 09:54","1733997243","0.97"
"12-12-2024 09:55","1733997303","0.97"
"12-12-2024 09:56","1733997363","0.97"
"12-12-2024 09:57","1733997423","0.97"
"12-12-2024 09:58","1733997483","0.97"
"12-12-2024 09:59","1733997543","0.97"
"12-12-2024 10:00","1733997603","0.97"
"12-12-2024 10:01","1733997662","0.97"
"12-12-2024 10:02","1733997723","0.97"
"12-12-2024 10:03","1733997783","0.97"
"12-12-2024 10:04","1733997843","0.97"
"12-12-2024 10:05","1733997903","0.97"
"12-12-2024 10:06","1733997963","0.97"
"12-12-2024 10:07","1733998023","0.97"
"12-12-2024 10:08","1733998083","0.97"
"12-12-2024 10:09","1733998143","0.97"
"12-12-2024 10:10","1733998203","0.97"
"12-12-2024 10:11","1733998263","0.97"
"12-12-2024 10:12","1733998323","0.969"
"12-12-2024 10:13","1733998382","0.9695"
"12-12-2024 10:14","1733998443","0.969"
"12-12-2024 10:15","1733998503","0.969"
"12-12-2024 10:16","1733998563","0.9695"
"12-12-2024 10:17","1733998623","0.969"
"12-12-2024 10:18","1733998683","0.9695"
"12-12-2024 10:19","1733998743","0.969"
"12-12-2024 10:20","1733998803","0.9695"
"12-12-2024 10:21","1733998863","0.969"
"12-12-2024 10:22","1733998923","0.9695"
"12-12-2024 10:23","1733998983","0.969"
"12-12-2024 10:24","1733999043","0.9695"
"12-12-2024 10:25","1733999103","0.969"
"12-12-2024 10:26","1733999162","0.969"
"12-12-2024 10:27","1733999223","0.9695"
"12-12-2024 10:28","1733999283","0.969"
"12-12-2024 10:29","1733999343","0.9695"
"12-12-2024 10:30","1733999403","0.969"
"12-12-2024 10:31","1733999463","0.9695"
"12-12-2024 10:32","1733999523","0.9695"
"12-12-2024 10:33","1733999583","0.969"
"12-12-2024 10:34","1733999643","0.9695"
"12-12-2024 10:35","1733999703","0.969"
"12-12-2024 10:36","1733999763","0.9695"
"12-12-2024 10:37","1733999823","0.969"
"12-12-2024 10:38","1733999883","0.969"
"12-12-2024 10:39","1733999942","0.9695"
"12-12-2024 10:40","1734000003","0.969"
"12-12-2024 10:41","1734000063","0.9695"
"12-12-2024 10:42","1734000123","0.969"
"12-12-2024 10:43","1734000183","0.9695"
"12-12-2024 10:44","1734000243","0.969"
"12-12-2024 10:45","1734000303","0.9695"
"12-12-2024 10:46","1734000363","0.9695"
"12-12-2024 10:47","1734000422","0.969"
"12-12-2024 10:48","1734000483","0.9695"
"12-12-2024 10:49","1734000543","0.969"
"12-12-2024 10:50","1734000603","0.9695"
"12-12-2024 10:51","1734000663","0.969"
"12-12-2024 10:52","1734000723","0.9695"
"12-12-2024 10:53","1734000783","0.9695"
"12-12-2024 10:54","1734000843","0.9695"
"12-12-2024 10:55","1734000903","0.97"
"12-12-2024 10:56","1734000963","0.9695"
"12-12-2024 10:57","1734001023","0.97"
"12-12-2024 10:58","1734001083","0.9695"
"12-12-2024 10:59","1734001142","0.97"
"12-12-2024 11:00","1734001203","0.97"
"12-12-2024 11:01","1734001263","0.9695"
"12-12-2024 11:02","1734001323","0.97"
"12-12-2024 11:03","1734001383","0.9695"
"12-12-2024 11:04","1734001443","0.97"
"12-12-2024 11:05","1734001502","0.9695"
"12-12-2024 11:06","1734001563","0.97"
"12-12-2024 11:07","1734001623","0.97"
"12-12-2024 11:08","1734001683","0.9695"
"12-12-2024 11:09","1734001743","0.97"
"12-12-2024 11:10","1734001803","0.9695"
"12-12-2024 11:11","1734001863","0.9675"
"12-12-2024 11:12","1734001923","0.968"
"12-12-2024 11:13","1734001983","0.9675"
"12-12-2024 11:14","1734002043","0.9675"
"12-12-2024 11:15","1734002103","0.968"
"12-12-2024 11:16","1734002163","0.968"
"12-12-2024 11:17","1734002223","0.968"
"12-12-2024 11:18","1734002283","0.968"
"12-12-2024 11:19","1734002343","0.968"
"12-12-2024 11:20","1734002403","0.968"
"12-12-2024 11:21","1734002462","0.968"
"12-12-2024 11:22","1734002523","0.968"
"12-12-2024 11:23","1734002583","0.968"
"12-12-2024 11:24","1734002643","0.968"
"12-12-2024 11:25","1734002702","0.968"
"12-12-2024 11:26","1734002763","0.968"
"12-12-2024 11:27","1734002823","0.968"
"12-12-2024 11:28","1734002883","0.968"
"12-12-2024 11:29","1734002943","0.968"
"12-12-2024 11:30","1734003003","0.968"
"12-12-2024 11:31","1734003062","0.968"
"12-12-2024 11:32","1734003123","0.9675"
"12-12-2024 11:33","1734003183","0.9675"
"12-12-2024 11:34","1734003243","0.9675"
"12-12-2024 11:35","1734003303","0.9675"
"12-12-2024 11:36","1734003363","0.9675"
"12-12-2024 11:37","1734003423","0.9675"
"12-12-2024 11:38","1734003483","0.9675"
"12-12-2024 11:39","1734003543","0.9675"
"12-12-2024 11:40","1734003603","0.9675"
"12-12-2024 11:41","1734003663","0.9675"
"12-12-2024 11:42","1734003723","0.9675"
"12-12-2024 11:43","1734003783","0.9675"
"12-12-2024 11:44","1734003843","0.9675"
"12-12-2024 11:45","1734003903","0.9675"
"12-12-2024 11:46","1734003963","0.9675"
"12-12-2024 11:47","1734004023","0.9675"
"12-12-2024 11:48","1734004083","0.9675"
"12-12-2024 11:49","1734004143","0.9675"
"12-12-2024 11:50","1734004203","0.9675"
"12-12-2024 11:51","1734004263","0.9675"
"12-12-2024 11:52","1734004323","0.9675"
"12-12-2024 11:53","1734004383","0.9675"
"12-12-2024 11:54","1734004443","0.967"
"12-12-2024 11:55","1734004503","0.967"
"12-12-2024 11:56","1734004562","0.967"
"12-12-2024 11:57","1734004623","0.967"
"12-12-2024 11:58","1734004683","0.967"
"12-12-2024 11:59","1734004743","0.967"
"12-12-2024 12:00","1734004803","0.967"
"12-12-2024 12:01","1734004863","0.967"
"12-12-2024 12:02","1734004923","0.967"
"12-12-2024 12:03","1734004983","0.967"
"12-12-2024 12:04","1734005043","0.967"
"12-12-2024 12:05","1734005103","0.967"
"12-12-2024 12:06","1734005163","0.967"
"12-12-2024 12:07","1734005223","0.967"
"12-12-2024 12:08","1734005283","0.967"
"12-12-2024 12:09","1734005343","0.967"
"12-12-2024 12:10","1734005403","0.967"
"12-12-2024 12:11","1734005463","0.967"
"12-12-2024 12:12","1734005522","0.967"
"12-12-2024 12:13","1734005583","0.967"
"12-12-2024 12:14","1734005643","0.967"
"12-12-2024 12:15","1734005703","0.967"
"12-12-2024 12:16","1734005763","0.967"
"12-12-2024 12:17","1734005823","0.967"
"12-12-2024 12:18","1734005883","0.9675"
"12-12-2024 12:19","1734005943","0.9675"
"12-12-2024 12:20","1734006003","0.9675"
"12-12-2024 12:21","1734006063","0.9675"
"12-12-2024 12:22","1734006123","0.9675"
"12-12-2024 12:23","1734006183","0.9675"
"12-12-2024 12:24","1734006243","0.9675"
"12-12-2024 12:25","1734006303","0.9675"
"12-12-2024 12:26","1734006363","0.9675"
"12-12-2024 12:27","1734006423","0.9675"
"12-12-2024 12:28","1734006483","0.9675"
"12-12-2024 12:29","1734006543","0.9675"
"12-12-2024 12:30","1734006603","0.9675"
"12-12-2024 12:31","1734006662","0.9675"
"12-12-2024 12:32","1734006723","0.9675"
"12-12-2024 12:33","1734006782","0.9675"
"12-12-2024 12:34","1734006843","0.9675"
"12-12-2024 12:35","1734006903","0.9675"
"12-12-2024 12:36","1734006963","0.9675"
"12-12-2024 12:37","1734007022","0.9675"
"12-12-2024 12:38","1734007083","0.9675"
"12-12-2024 12:39","1734007143","0.9675"
"12-12-2024 12:40","1734007203","0.9675"
"12-12-2024 12:41","1734007263","0.9675"
"12-12-2024 12:42","1734007323","0.9675"
"12-12-2024 12:43","1734007383","0.9675"
"12-12-2024 12:44","1734007443","0.9675"
"12-12-2024 12:45","1734007503","0.9675"
"12-12-2024 12:46","1734007563","0.9675"
"12-12-2024 12:47","1734007623","0.9675"
"12-12-2024 12:48","1734007683","0.9675"
"12-12-2024 12:49","1734007743","0.9675"
"12-12-2024 12:50","1734007803","0.9675"
"12-12-2024 12:51","1734007863","0.9675"
"12-12-2024 12:52","1734007923","0.9675"
"12-12-2024 12:53","1734007983","0.9675"
"12-12-2024 12:54","1734008043","0.9675"
"12-12-2024 12:55","1734008103","0.9675"
"12-12-2024 12:56","1734008163","0.9675"
"12-12-2024 12:57","1734008223","0.9675"
"12-12-2024 12:58","1734008282","0.9675"
"12-12-2024 12:59","1734008343","0.9675"
"12-12-2024 13:00","1734008403","0.9675"
"12-12-2024 13:01","1734008462","0.9675"
"12-12-2024 13:02","1734008523","0.9675"
"12-12-2024 13:03","1734008583","0.9675"
"12-12-2024 13:04","1734008643","0.9675"
"12-12-2024 13:05","1734008703","0.9675"
"12-12-2024 13:06","1734008763","0.9675"
"12-12-2024 13:07","1734008823","0.9675"
"12-12-2024 13:08","1734008883","0.9675"
"12-12-2024 13:09","1734008943","0.9675"
"12-12-2024 13:10","1734009003","0.9675"
"12-12-2024 13:11","1734009063","0.9675"
"12-12-2024 13:12","1734009123","0.9675"
"12-12-2024 13:13","1734009183","0.9675"
"12-12-2024 13:14","1734009243","0.9675"
"12-12-2024 13:15","1734009303","0.9675"
"12-12-2024 13:16","1734009363","0.968"
"12-12-2024 13:17","1734009423","0.968"
"12-12-2024 13:18","1734009483","0.968"
"12-12-2024 13:19","1734009543","0.968"
"12-12-2024 13:20","1734009603","0.968"
"12-12-2024 13:21","1734009663","0.968"
"12-12-2024 13:22","1734009723","0.968"
"12-12-2024 13:23","1734009783","0.968"
"12-12-2024 13:24","1734009843","0.968"
"12-12-2024 13:25","1734009903","0.968"
"12-12-2024 13:26","1734009963","0.9685"
"12-12-2024 13:27","1734010023","0.9685"
"12-12-2024 13:28","1734010083","0.9685"
"12-12-2024 13:29","1734010143","0.9685"
"12-12-2024 13:30","1734010203","0.9685"
"12-12-2024 13:31","1734010263","0.9685"
"12-12-2024 13:32","1734010323","0.9685"
"12-12-2024 13:33","1734010383","0.9685"
"12-12-2024 13:34","1734010443","0.9685"
"12-12-2024 13:35","1734010503","0.9685"
"12-12-2024 13:36","1734010563","0.9685"
"12-12-2024 13:37","1734010622","0.969"
"12-12-2024 13:38","1734010683","0.969"
"12-12-2024 13:39","1734010742","0.969"
"12-12-2024 13:40","1734010803","0.969"
"12-12-2024 13:41","1734010863","0.969"
"12-12-2024 13:42","1734010923","0.969"
"12-12-2024 13:43","1734010982","0.969"
"12-12-2024 13:44","1734011043","0.969"
"12-12-2024 13:45","1734011103","0.969"
"12-12-2024 13:46","1734011163","0.969"
"12-12-2024 13:47","1734011223","0.969"
"12-12-2024 13:48","1734011283","0.969"
"12-12-2024 13:49","1734011343","0.969"
"12-12-2024 13:50","1734011403","0.9685"
"12-12-2024 13:51","1734011463","0.9685"
"12-12-2024 13:52","1734011523","0.9685"
"12-12-2024 13:53","1734011583","0.9685"
"12-12-2024 13:54","1734011643","0.9685"
"12-12-2024 13:55","1734011703","0.9685"
"12-12-2024 13:56","1734011763","0.969"
"12-12-2024 13:57","1734011823","0.969"
"12-12-2024 13:58","1734011883","0.969"
"12-12-2024 13:59","1734011943","0.969"
"12-12-2024 14:00","1734012003","0.969"
"12-12-2024 14:01","1734012063","0.969"
"12-12-2024 14:02","1734012123","0.969"
"12-12-2024 14:03","1734012183","0.969"
"12-12-2024 14:04","1734012243","0.969"
"12-12-2024 14:05","1734012303","0.969"
"12-12-2024 14:06","1734012363","0.969"
"12-12-2024 14:07","1734012423","0.969"
"12-12-2024 14:08","1734012483","0.969"
"12-12-2024 14:09","1734012543","0.969"
"12-12-2024 14:10","1734012603","0.969"
"12-12-2024 14:11","1734012662","0.969"
"12-12-2024 14:12","1734012723","0.969"
"12-12-2024 14:13","1734012782","0.969"
"12-12-2024 14:14","1734012843","0.969"
"12-12-2024 14:15","1734012903","0.969"
"12-12-2024 14:16","1734012963","0.969"
"12-12-2024 14:17","1734013023","0.969"
"12-12-2024 14:18","1734013083","0.969"
"12-12-2024 14:19","1734013142","0.9685"
"12-12-2024 14:20","1734013203","0.9685"
"12-12-2024 14:21","1734013263","0.9685"
"12-12-2024 14:22","1734013322","0.9685"
"12-12-2024 14:23","1734013383","0.9685"
"12-12-2024 14:24","1734013443","0.9685"
"12-12-2024 14:25","1734013503","0.9685"
"12-12-2024 14:26","1734013563","0.9685"
"12-12-2024 14:27","1734013623","0.9685"
"12-12-2024 14:28","1734013683","0.9685"
"12-12-2024 14:29","1734013743","0.9685"
"12-12-2024 14:30","1734013803","0.9685"
"12-12-2024 14:31","1734013863","0.9685"
"12-12-2024 14:32","1734013923","0.9685"
"12-12-2024 14:33","1734013983","0.9685"
"12-12-2024 14:34","1734014043","0.9685"
"12-12-2024 14:35","1734014103","0.9685"
"12-12-2024 14:36","1734014162","0.9685"
"12-12-2024 14:37","1734014223","0.9685"
"12-12-2024 14:38","1734014283","0.9685"
"12-12-2024 14:39","1734014343","0.969"
"12-12-2024 14:40","1734014403","0.969"
"12-12-2024 14:41","1734014463","0.969"
"12-12-2024 14:42","1734014523","0.969"
"12-12-2024 14:43","1734014583","0.969"
"12-12-2024 14:44","1734014643","0.969"
"12-12-2024 14:45","1734014703","0.969"
"12-12-2024 14:46","1734014763","0.969"
"12-12-2024 14:47","1734014823","0.969"
"12-12-2024 14:48","1734014883","0.969"
"12-12-2024 14:49","1734014943","0.969"
"12-12-2024 14:50","1734015003","0.969"
"12-12-2024 14:51","1734015062","0.969"
"12-12-2024 14:52","1734015123","0.965"
"12-12-2024 14:53","1734015183","0.961"
"12-12-2024 14:54","1734015243","0.961"
"12-12-2024 14:55","1734015303","0.961"
"12-12-2024 14:56","1734015363","0.961"
"12-12-2024 14:57","1734015423","0.961"
"12-12-2024 14:58","1734015483","0.961"
"12-12-2024 14:59","1734015543","0.961"
"12-12-2024 15:00","1734015603","0.9615"
"12-12-2024 15:01","1734015663","0.9615"
"12-12-2024 15:02","1734015723","0.961"
"12-12-2024 15:03","1734015783","0.964"
"12-12-2024 15:04","1734015842","0.964"
"12-12-2024 15:05","1734015903","0.964"
"12-12-2024 15:06","1734015963","0.964"
"12-12-2024 15:07","1734016023","0.966"
"12-12-2024 15:08","1734016083","0.966"
"12-12-2024 15:09","1734016143","0.966"
"12-12-2024 15:10","1734016203","0.966"
"12-12-2024 15:11","1734016263","0.966"
"12-12-2024 15:12","1734016323","0.966"
"12-12-2024 15:13","1734016382","0.966"
"12-12-2024 15:14","1734016443","0.966"
"12-12-2024 15:15","1734016503","0.966"
"12-12-2024 15:16","1734016563","0.966"
"12-12-2024 15:17","1734016623","0.966"
"12-12-2024 15:18","1734016683","0.966"
"12-12-2024 15:19","1734016743","0.966"
"12-12-2024 15:20","1734016803","0.9655"
"12-12-2024 15:21","1734016863","0.9655"
"12-12-2024 15:22","1734016923","0.9655"
"12-12-2024 15:23","1734016983","0.9655"
"12-12-2024 15:24","1734017043","0.9655"
"12-12-2024 15:25","1734017103","0.9655"
"12-12-2024 15:26","1734017163","0.9655"
"12-12-2024 15:27","1734017223","0.9655"
"12-12-2024 15:28","1734017283","0.9655"
"12-12-2024 15:29","1734017343","0.9655"
"12-12-2024 15:30","1734017403","0.9635"
"12-12-2024 15:31","1734017463","0.9635"
"12-12-2024 15:32","1734017523","0.9635"
"12-12-2024 15:33","1734017607","0.9635"
"12-12-2024 15:34","1734017643","0.9635"
"12-12-2024 15:35","1734017703","0.9635"
"12-12-2024 15:36","1734017763","0.9635"
"12-12-2024 15:37","1734017823","0.9635"
"12-12-2024 15:38","1734017883","0.9635"
"12-12-2024 15:39","1734017943","0.9635"
"12-12-2024 15:40","1734018003","0.966"
"12-12-2024 15:41","1734018063","0.966"
"12-12-2024 15:42","1734018123","0.966"
"12-12-2024 15:43","1734018183","0.966"
"12-12-2024 15:44","1734018243","0.966"
"12-12-2024 15:45","1734018303","0.966"
"12-12-2024 15:46","1734018363","0.9655"
"12-12-2024 15:47","1734018423","0.9655"
"12-12-2024 15:48","1734018483","0.9655"
"12-12-2024 15:49","1734018543","0.9655"
"12-12-2024 15:50","1734018603","0.966"
"12-12-2024 15:51","1734018663","0.966"
"12-12-2024 15:52","1734018723","0.966"
"12-12-2024 15:53","1734018783","0.966"
"12-12-2024 15:54","1734018843","0.966"
"12-12-2024 15:55","1734018903","0.963"
"12-12-2024 15:56","1734018963","0.963"
"12-12-2024 15:57","1734019022","0.963"
"12-12-2024 15:58","1734019083","0.963"
"12-12-2024 15:59","1734019143","0.963"
"12-12-2024 16:00","1734019203","0.963"
"12-12-2024 16:01","1734019263","0.963"
"12-12-2024 16:02","1734019323","0.963"
"12-12-2024 16:03","1734019383","0.963"
"12-12-2024 16:04","1734019443","0.963"
"12-12-2024 16:05","1734019503","0.963"
"12-12-2024 16:06","1734019563","0.963"
"12-12-2024 16:07","1734019623","0.963"
"12-12-2024 16:08","1734019682","0.963"
"12-12-2024 16:09","1734019743","0.963"
"12-12-2024 16:10","1734019803","0.9625"
"12-12-2024 16:11","1734019863","0.963"
"12-12-2024 16:12","1734019923","0.963"
"12-12-2024 16:13","1734019983","0.963"
"12-12-2024 16:14","1734020043","0.963"
"12-12-2024 16:15","1734020103","0.963"
"12-12-2024 16:16","1734020163","0.963"
"12-12-2024 16:17","1734020223","0.963"
"12-12-2024 16:18","1734020283","0.963"
"12-12-2024 16:19","1734020343","0.963"
"12-12-2024 16:20","1734020403","0.963"
"12-12-2024 16:21","1734020463","0.963"
"12-12-2024 16:22","1734020523","0.963"
"12-12-2024 16:23","1734020583","0.963"
"12-12-2024 16:24","1734020642","0.963"
"12-12-2024 16:25","1734020703","0.961"
"12-12-2024 16:26","1734020763","0.961"
"12-12-2024 16:27","1734020823","0.961"
"12-12-2024 16:28","1734020883","0.961"
"12-12-2024 16:29","1734020943","0.961"
"12-12-2024 16:30","1734021004","0.961"
"12-12-2024 16:31","1734021063","0.961"
"12-12-2024 16:32","1734021123","0.961"
"12-12-2024 16:33","1734021183","0.961"
"12-12-2024 16:34","1734021243","0.961"
"12-12-2024 16:35","1734021303","0.961"
"12-12-2024 16:36","1734021363","0.961"
"12-12-2024 16:37","1734021423","0.961"
"12-12-2024 16:38","1734021483","0.961"
"12-12-2024 16:39","1734021543","0.961"
"12-12-2024 16:40","1734021603","0.961"
"12-12-2024 16:41","1734021662","0.958"
"12-12-2024 16:42","1734021723","0.958"
"12-12-2024 16:43","1734021783","0.958"
"12-12-2024 16:44","1734021843","0.9555"
"12-12-2024 16:45","1734021903","0.9555"
"12-12-2024 16:46","1734021963","0.9555"
"12-12-2024 16:47","1734022023","0.9555"
"12-12-2024 16:48","1734022083","0.9555"
"12-12-2024 16:49","1734022143","0.9555"
"12-12-2024 16:50","1734022203","0.9555"
"12-12-2024 16:51","1734022263","0.9555"
"12-12-2024 16:52","1734022323","0.9555"
"12-12-2024 16:53","1734022382","0.9555"
"12-12-2024 16:54","1734022443","0.9555"
"12-12-2024 16:55","1734022503","0.9555"
"12-12-2024 16:56","1734022563","0.956"
"12-12-2024 16:57","1734022623","0.956"
"12-12-2024 16:58","1734022683","0.956"
"12-12-2024 16:59","1734022743","0.956"
"12-12-2024 17:00","1734022804","0.9575"
"12-12-2024 17:01","1734022863","0.9575"
"12-12-2024 17:02","1734022923","0.9575"
"12-12-2024 17:03","1734022982","0.9575"
"12-12-2024 17:04","1734023043","0.9575"
"12-12-2024 17:05","1734023103","0.9575"
"12-12-2024 17:06","1734023163","0.949"
"12-12-2024 17:07","1734023223","0.949"
"12-12-2024 17:08","1734023283","0.949"
"12-12-2024 17:09","1734023343","0.949"
"12-12-2024 17:10","1734023404","0.949"
"12-12-2024 17:11","1734023462","0.949"
"12-12-2024 17:12","1734023523","0.949"
"12-12-2024 17:13","1734023583","0.949"
"12-12-2024 17:14","1734023643","0.949"
"12-12-2024 17:15","1734023703","0.949"
"12-12-2024 17:16","1734023763","0.949"
"12-12-2024 17:17","1734023823","0.949"
"12-12-2024 17:18","1734023884","0.949"
"12-12-2024 17:19","1734023943","0.949"
"12-12-2024 17:20","1734024003","0.949"
"12-12-2024 17:21","1734024063","0.949"
"12-12-2024 17:22","1734024123","0.949"
"12-12-2024 17:23","1734024183","0.949"
"12-12-2024 17:24","1734024243","0.949"
"12-12-2024 17:25","1734024303","0.949"
"12-12-2024 17:26","1734024363","0.949"
"12-12-2024 17:27","1734024423","0.956"
"12-12-2024 17:28","1734024483","0.956"
"12-12-2024 17:29","1734024543","0.956"
"12-12-2024 17:30","1734024603","0.956"
"12-12-2024 17:31","1734024663","0.956"
"12-12-2024 17:32","1734024723","0.9575"
"12-12-2024 17:33","1734024783","0.9545"
"12-12-2024 17:34","1734024843","0.9565"
"12-12-2024 17:35","1734024903","0.956"
"12-12-2024 17:36","1734024963","0.956"
"12-12-2024 17:37","1734025022","0.9565"
"12-12-2024 17:38","1734025083","0.9565"
"12-12-2024 17:39","1734025143","0.9565"
"12-12-2024 17:40","1734025203","0.9565"
"12-12-2024 17:41","1734025263","0.957"
"12-12-2024 17:42","1734025323","0.957"
"12-12-2024 17:43","1734025383","0.957"
"12-12-2024 17:44","1734025443","0.958"
"12-12-2024 17:45","1734025503","0.958"
"12-12-2024 17:46","1734025563","0.958"
"12-12-2024 17:47","1734025623","0.958"
"12-12-2024 17:48","1734025683","0.958"
"12-12-2024 17:49","1734025743","0.9585"
"12-12-2024 17:50","1734025803","0.9585"
"12-12-2024 17:51","1734025863","0.9605"
"12-12-2024 17:52","1734025923","0.9605"
"12-12-2024 17:53","1734025983","0.96"
"12-12-2024 17:54","1734026043","0.96"
"12-12-2024 17:55","1734026103","0.96"
"12-12-2024 17:56","1734026163","0.959"
"12-12-2024 17:57","1734026223","0.959"
"12-12-2024 17:58","1734026283","0.959"
"12-12-2024 17:59","1734026343","0.9575"
"12-12-2024 18:00","1734026403","0.9575"
"12-12-2024 18:01","1734026463","0.9575"
"12-12-2024 18:02","1734026523","0.9575"
"12-12-2024 18:03","1734026583","0.959"
"12-12-2024 18:04","1734026643","0.959"
"12-12-2024 18:05","1734026703","0.959"
"12-12-2024 18:06","1734026763","0.959"
"12-12-2024 18:07","1734026823","0.959"
"12-12-2024 18:08","1734026883","0.959"
"12-12-2024 18:09","1734026943","0.959"
"12-12-2024 18:10","1734027003","0.9565"
"12-12-2024 18:11","1734027063","0.9565"
"12-12-2024 18:12","1734027123","0.9565"
"12-12-2024 18:13","1734027183","0.9565"
"12-12-2024 18:14","1734027242","0.9565"
"12-12-2024 18:15","1734027303","0.957"
"12-12-2024 18:16","1734027363","0.957"
"12-12-2024 18:17","1734027423","0.956"
"12-12-2024 18:18","1734027483","0.956"
"12-12-2024 18:19","1734027542","0.956"
"12-12-2024 18:20","1734027603","0.956"
"12-12-2024 18:21","1734027663","0.956"
"12-12-2024 18:22","1734027723","0.956"
"12-12-2024 18:23","1734027783","0.956"
"12-12-2024 18:24","1734027843","0.9475"
"12-12-2024 18:25","1734027903","0.9475"
"12-12-2024 18:26","1734027963","0.9475"
"12-12-2024 18:27","1734028023","0.9475"
"12-12-2024 18:28","1734028083","0.9475"
"12-12-2024 18:29","1734028143","0.9475"
"12-12-2024 18:30","1734028203","0.9475"
"12-12-2024 18:31","1734028262","0.9475"
"12-12-2024 18:32","1734028323","0.9465"
"12-12-2024 18:33","1734028383","0.9465"
"12-12-2024 18:34","1734028443","0.9555"
"12-12-2024 18:35","1734028503","0.9555"
"12-12-2024 18:36","1734028563","0.956"
"12-12-2024 18:37","1734028623","0.9585"
"12-12-2024 18:38","1734028683","0.9585"
"12-12-2024 18:39","1734028743","0.9585"
"12-12-2024 18:40","1734028803","0.9595"
"12-12-2024 18:41","1734028863","0.9595"
"12-12-2024 18:42","1734028922","0.9595"
"12-12-2024 18:43","1734028983","0.9595"
"12-12-2024 18:44","1734029043","0.9595"
"12-12-2024 18:45","1734029102","0.9595"
"12-12-2024 18:46","1734029163","0.9595"
"12-12-2024 18:47","1734029223","0.9595"
"12-12-2024 18:48","1734029283","0.9595"
"12-12-2024 18:49","1734029343","0.9595"
"12-12-2024 18:50","1734029403","0.961"
"12-12-2024 18:51","1734029463","0.961"
"12-12-2024 18:52","1734029523","0.9685"
"12-12-2024 18:53","1734029583","0.9685"
"12-12-2024 18:54","1734029643","0.9685"
"12-12-2024 18:55","1734029703","0.9685"
"12-12-2024 18:56","1734029763","0.9685"
"12-12-2024 18:57","1734029823","0.97"
"12-12-2024 18:58","1734029883","0.97"
"12-12-2024 18:59","1734029943","0.97"
"12-12-2024 19:00","1734030004","0.97"
"12-12-2024 19:01","1734030063","0.97"
"12-12-2024 19:02","1734030122","0.97"
"12-12-2024 19:03","1734030183","0.977"
"12-12-2024 19:04","1734030243","0.9755"
"12-12-2024 19:05","1734030303","0.975"
"12-12-2024 19:06","1734030363","0.975"
"12-12-2024 19:07","1734030423","0.978"
"12-12-2024 19:08","1734030483","0.9785"
"12-12-2024 19:09","1734030543","0.9785"
"12-12-2024 19:10","1734030603","0.975"
"12-12-2024 19:11","1734030663","0.975"
"12-12-2024 19:12","1734030723","0.975"
"12-12-2024 19:13","1734030782","0.975"
"12-12-2024 19:14","1734030843","0.9755"
"12-12-2024 19:15","1734030903","0.9755"
"12-12-2024 19:16","1734030963","0.9755"
"12-12-2024 19:17","1734031023","0.975"
"12-12-2024 19:18","1734031083","0.975"
"12-12-2024 19:19","1734031143","0.975"
"12-12-2024 19:20","1734031203","0.975"
"12-12-2024 19:21","1734031262","0.975"
"12-12-2024 19:22","1734031323","0.975"
"12-12-2024 19:23","1734031383","0.975"
"12-12-2024 19:24","1734031443","0.9765"
"12-12-2024 19:25","1734031503","0.9765"
"12-12-2024 19:26","1734031563","0.976"
"12-12-2024 19:27","1734031623","0.976"
"12-12-2024 19:28","1734031683","0.976"
"12-12-2024 19:29","1734031743","0.9775"
"12-12-2024 19:30","1734031803","0.9795"
"12-12-2024 19:31","1734031863","0.979"
"12-12-2024 19:32","1734031923","0.979"
"12-12-2024 19:33","1734031983","0.979"
"12-12-2024 19:34","1734032043","0.979"
"12-12-2024 19:35","1734032103","0.979"
"12-12-2024 19:36","1734032163","0.979"
"12-12-2024 19:37","1734032223","0.979"
"12-12-2024 19:38","1734032283","0.979"
"12-12-2024 19:39","1734032342","0.979"
"12-12-2024 19:40","1734032403","0.979"
"12-12-2024 19:41","1734032463","0.979"
"12-12-2024 19:42","1734032523","0.979"
"12-12-2024 19:43","1734032582","0.979"
"12-12-2024 19:44","1734032643","0.979"
"12-12-2024 19:45","1734032703","0.979"
"12-12-2024 19:46","1734032763","0.979"
"12-12-2024 19:47","1734032823","0.979"
"12-12-2024 19:48","1734032883","0.979"
"12-12-2024 19:49","1734032943","0.979"
"12-12-2024 19:50","1734033003","0.979"
"12-12-2024 19:51","1734033062","0.979"
"12-12-2024 19:52","1734033123","0.979"
"12-12-2024 19:53","1734033183","0.979"
"12-12-2024 19:54","1734033243","0.979"
"12-12-2024 19:55","1734033303","0.979"
"12-12-2024 19:56","1734033363","0.979"
"12-12-2024 19:57","1734033422","0.979"
"12-12-2024 19:58","1734033483","0.979"
"12-12-2024 19:59","1734033543","0.979"
"12-12-2024 20:00","1734033602","0.979"
"12-12-2024 20:01","1734033663","0.973"
"12-12-2024 20:02","1734033723","0.973"
"12-12-2024 20:03","1734033783","0.973"
"12-12-2024 20:04","1734033843","0.973"
"12-12-2024 20:05","1734033903","0.973"
"12-12-2024 20:06","1734033963","0.973"
"12-12-2024 20:07","1734034023","0.973"
"12-12-2024 20:08","1734034083","0.9735"
"12-12-2024 20:09","1734034143","0.9735"
"12-12-2024 20:10","1734034203","0.9735"
"12-12-2024 20:11","1734034263","0.9735"
"12-12-2024 20:12","1734034323","0.9675"
"12-12-2024 20:13","1734034383","0.9675"
"12-12-2024 20:14","1734034443","0.9675"
"12-12-2024 20:15","1734034503","0.9675"
"12-12-2024 20:16","1734034562","0.9675"
"12-12-2024 20:17","1734034623","0.9675"
"12-12-2024 20:18","1734034683","0.968"
"12-12-2024 20:19","1734034742","0.968"
"12-12-2024 20:20","1734034803","0.968"
"12-12-2024 20:21","1734034863","0.968"
"12-12-2024 20:22","1734034923","0.968"
"12-12-2024 20:23","1734034983","0.968"
"12-12-2024 20:24","1734035043","0.968"
"12-12-2024 20:25","1734035103","0.9675"
"12-12-2024 20:26","1734035162","0.9675"
"12-12-2024 20:27","1734035223","0.9675"
"12-12-2024 20:28","1734035283","0.9675"
"12-12-2024 20:29","1734035343","0.965"
"12-12-2024 20:30","1734035403","0.963"
"12-12-2024 20:31","1734035463","0.963"
"12-12-2024 20:32","1734035523","0.9645"
"12-12-2024 20:33","1734035583","0.9645"
"12-12-2024 20:34","1734035643","0.9645"
"12-12-2024 20:35","1734035703","0.9645"
"12-12-2024 20:36","1734035763","0.9655"
"12-12-2024 20:37","1734035823","0.9655"
"12-12-2024 20:38","1734035883","0.9655"
"12-12-2024 20:39","1734035943","0.9655"
"12-12-2024 20:40","1734036003","0.9655"
"12-12-2024 20:41","1734036062","0.9655"
"12-12-2024 20:42","1734036123","0.9655"
"12-12-2024 20:43","1734036182","0.9655"
"12-12-2024 20:44","1734036243","0.9655"
"12-12-2024 20:45","1734036303","0.9655"
"12-12-2024 20:46","1734036362","0.965"
"12-12-2024 20:47","1734036423","0.9645"
"12-12-2024 20:48","1734036483","0.966"
"12-12-2024 20:49","1734036543","0.966"
"12-12-2024 20:50","1734036603","0.9655"
"12-12-2024 20:51","1734036663","0.966"
"12-12-2024 20:52","1734036723","0.966"
"12-12-2024 20:53","1734036782","0.966"
"12-12-2024 20:54","1734036843","0.966"
"12-12-2024 20:55","1734036903","0.966"
"12-12-2024 20:56","1734036963","0.966"
"12-12-2024 20:57","1734037023","0.966"
"12-12-2024 20:58","1734037083","0.966"
"12-12-2024 20:59","1734037143","0.966"
"12-12-2024 21:00","1734037203","0.966"
"12-12-2024 21:01","1734037263","0.966"
"12-12-2024 21:02","1734037323","0.967"
"12-12-2024 21:03","1734037383","0.967"
"12-12-2024 21:04","1734037443","0.967"
"12-12-2024 21:05","1734037503","0.967"
"12-12-2024 21:06","1734037563","0.967"
"12-12-2024 21:07","1734037623","0.967"
"12-12-2024 21:08","1734037683","0.967"
"12-12-2024 21:09","1734037743","0.967"
"12-12-2024 21:10","1734037803","0.967"
"12-12-2024 21:11","1734037863","0.967"
"12-12-2024 21:12","1734037923","0.967"
"12-12-2024 21:13","1734037983","0.967"
"12-12-2024 21:14","1734038043","0.9675"
"12-12-2024 21:15","1734038103","0.9675"
"12-12-2024 21:16","1734038163","0.9675"
"12-12-2024 21:17","1734038223","0.9675"
"12-12-2024 21:18","1734038283","0.9675"
"12-12-2024 21:19","1734038343","0.9675"
"12-12-2024 21:20","1734038403","0.9675"
"12-12-2024 21:21","1734038463","0.968"
"12-12-2024 21:22","1734038523","0.968"
"12-12-2024 21:23","1734038583","0.968"
"12-12-2024 21:24","1734038643","0.968"
"12-12-2024 21:25","1734038703","0.968"
"12-12-2024 21:26","1734038763","0.968"
"12-12-2024 21:27","1734038823","0.968"
"12-12-2024 21:28","1734038883","0.968"
"12-12-2024 21:29","1734038943","0.968"
"12-12-2024 21:30","1734039003","0.968"
"12-12-2024 21:31","1734039063","0.968"
"12-12-2024 21:32","1734039123","0.968"
"12-12-2024 21:33","1734039183","0.968"
"12-12-2024 21:34","1734039243","0.968"
"12-12-2024 21:35","1734039303","0.968"
"12-12-2024 21:36","1734039363","0.968"
"12-12-2024 21:37","1734039422","0.968"
"12-12-2024 21:38","1734039483","0.968"
"12-12-2024 21:39","1734039543","0.968"
"12-12-2024 21:40","1734039603","0.968"
"12-12-2024 21:41","1734039663","0.968"
"12-12-2024 21:42","1734039723","0.968"
"12-12-2024 21:43","1734039783","0.968"
"12-12-2024 21:44","1734039842","0.968"
"12-12-2024 21:45","1734039903","0.968"
"12-12-2024 21:46","1734039963","0.968"
"12-12-2024 21:47","1734040023","0.968"
"12-12-2024 21:48","1734040083","0.968"
"12-12-2024 21:49","1734040143","0.968"
"12-12-2024 21:50","1734040203","0.968"
"12-12-2024 21:51","1734040263","0.968"
"12-12-2024 21:52","1734040323","0.968"
"12-12-2024 21:53","1734040383","0.968"
"12-12-2024 21:54","1734040443","0.968"
"12-12-2024 21:55","1734040503","0.968"
"12-12-2024 21:56","1734040563","0.968"
"12-12-2024 21:57","1734040623","0.968"
"12-12-2024 21:58","1734040683","0.968"
"12-12-2024 21:59","1734040743","0.968"
"12-12-2024 22:00","1734040803","0.968"
"12-12-2024 22:01","1734040863","0.968"
"12-12-2024 22:02","1734040923","0.968"
"12-12-2024 22:03","1734040983","0.968"
"12-12-2024 22:04","1734041043","0.968"
"12-12-2024 22:05","1734041103","0.968"
"12-12-2024 22:06","1734041163","0.968"
"12-12-2024 22:07","1734041223","0.968"
"12-12-2024 22:08","1734041283","0.968"
"12-12-2024 22:09","1734041343","0.968"
"12-12-2024 22:10","1734041403","0.968"
"12-12-2024 22:11","1734041463","0.968"
"12-12-2024 22:12","1734041523","0.968"
"12-12-2024 22:13","1734041583","0.968"
"12-12-2024 22:14","1734041643","0.968"
"12-12-2024 22:15","1734041703","0.968"
"12-12-2024 22:16","1734041763","0.968"
"12-12-2024 22:17","1734041823","0.968"
"12-12-2024 22:18","1734041883","0.968"
"12-12-2024 22:19","1734041943","0.968"
"12-12-2024 22:20","1734042003","0.968"
"12-12-2024 22:21","1734042063","0.968"
"12-12-2024 22:22","1734042123","0.968"
"12-12-2024 22:23","1734042182","0.968"
"12-12-2024 22:24","1734042243","0.9655"
"12-12-2024 22:25","1734042303","0.966"
"12-12-2024 22:26","1734042363","0.966"
"12-12-2024 22:27","1734042423","0.966"
"12-12-2024 22:28","1734042483","0.966"
"12-12-2024 22:29","1734042543","0.966"
"12-12-2024 22:30","1734042603","0.966"
"12-12-2024 22:31","1734042663","0.966"
"12-12-2024 22:32","1734042723","0.9665"
"12-12-2024 22:33","1734042782","0.9665"
"12-12-2024 22:34","1734042843","0.9665"
"12-12-2024 22:35","1734042903","0.9665"
"12-12-2024 22:36","1734042963","0.9665"
"12-12-2024 22:37","1734043023","0.9665"
"12-12-2024 22:38","1734043083","0.9665"
"12-12-2024 22:39","1734043143","0.9665"
"12-12-2024 22:40","1734043203","0.9665"
"12-12-2024 22:41","1734043263","0.9665"
"12-12-2024 22:42","1734043323","0.9665"
"12-12-2024 22:43","1734043382","0.9665"
"12-12-2024 22:44","1734043442","0.9665"
"12-12-2024 22:45","1734043503","0.9665"
"12-12-2024 22:46","1734043563","0.9665"
"12-12-2024 22:47","1734043623","0.9665"
"12-12-2024 22:48","1734043683","0.9665"
"12-12-2024 22:49","1734043742","0.9665"
"12-12-2024 22:50","1734043803","0.9665"
"12-12-2024 22:51","1734043863","0.9665"
"12-12-2024 22:52","1734043923","0.9665"
"12-12-2024 22:53","1734043982","0.9665"
"12-12-2024 22:54","1734044043","0.9665"
"12-12-2024 22:55","1734044103","0.9665"
"12-12-2024 22:56","1734044163","0.9665"
"12-12-2024 22:57","1734044223","0.9665"
"12-12-2024 22:58","1734044283","0.9665"
"12-12-2024 22:59","1734044343","0.9665"
"12-12-2024 23:00","1734044403","0.9665"
"12-12-2024 23:01","1734044463","0.9665"
"12-12-2024 23:02","1734044523","0.9665"
"12-12-2024 23:03","1734044582","0.9665"
"12-12-2024 23:04","1734044643","0.9665"
"12-12-2024 23:05","1734044703","0.9665"
"12-12-2024 23:06","1734044763","0.9665"
"12-12-2024 23:07","1734044823","0.9665"
"12-12-2024 23:08","1734044883","0.9665"
"12-12-2024 23:09","1734044943","0.9665"
"12-12-2024 23:10","1734045003","0.9665"
"12-12-2024 23:11","1734045063","0.9665"
"12-12-2024 23:12","1734045123","0.9665"
"12-12-2024 23:13","1734045182","0.9665"
"12-12-2024 23:14","1734045243","0.9665"
"12-12-2024 23:15","1734045303","0.9665"
"12-12-2024 23:16","1734045363","0.9665"
"12-12-2024 23:17","1734045423","0.9665"
"12-12-2024 23:18","1734045482","0.9665"
"12-12-2024 23:19","1734045543","0.966"
"12-12-2024 23:20","1734045603","0.9755"
"12-12-2024 23:21","1734045663","0.9755"
"12-12-2024 23:22","1734045723","0.9755"
"12-12-2024 23:23","1734045783","0.976"
"12-12-2024 23:24","1734045843","0.976"
"12-12-2024 23:25","1734045903","0.976"
"12-12-2024 23:26","1734045963","0.976"
"12-12-2024 23:27","1734046023","0.976"
"12-12-2024 23:28","1734046083","0.976"
"12-12-2024 23:29","1734046143","0.9755"
"12-12-2024 23:30","1734046203","0.9755"
"12-12-2024 23:31","1734046263","0.9755"
"12-12-2024 23:32","1734046323","0.9755"
"12-12-2024 23:33","1734046382","0.9755"
"12-12-2024 23:34","1734046443","0.9755"
"12-12-2024 23:35","1734046503","0.975"
"12-12-2024 23:36","1734046563","0.9735"
"12-12-2024 23:37","1734046623","0.9735"
"12-12-2024 23:38","1734046682","0.9735"
"12-12-2024 23:39","1734046743","0.975"
"12-12-2024 23:40","1734046803","0.975"
"12-12-2024 23:41","1734046863","0.975"
"12-12-2024 23:42","1734046923","0.975"
"12-12-2024 23:43","1734046983","0.975"
"12-12-2024 23:44","1734047043","0.9755"
"12-12-2024 23:45","1734047103","0.9755"
"12-12-2024 23:46","1734047162","0.9755"
"12-12-2024 23:47","1734047223","0.9755"
"12-12-2024 23:48","1734047283","0.9755"
"12-12-2024 23:49","1734047343","0.9755"
"12-12-2024 23:50","1734047402","0.9755"
"12-12-2024 23:51","1734047463","0.9755"
"12-12-2024 23:52","1734047523","0.9755"
"12-12-2024 23:53","1734047583","0.9755"
"12-12-2024 23:54","1734047643","0.9755"
"12-12-2024 23:55","1734047702","0.9755"
"12-12-2024 23:56","1734047762","0.9755"
"12-12-2024 23:57","1734047822","0.9755"
"12-12-2024 23:58","1734047883","0.9755"
"12-12-2024 23:59","1734047943","0.9755"
"12-13-2024 00:00","1734048003","0.9755"
"12-13-2024 00:01","1734048062","0.976"
"12-13-2024 00:02","1734048123","0.976"
"12-13-2024 00:03","1734048183","0.976"
"12-13-2024 00:04","1734048243","0.976"
"12-13-2024 00:05","1734048302","0.976"
"12-13-2024 00:06","1734048363","0.976"
"12-13-2024 00:07","1734048422","0.976"
"12-13-2024 00:08","1734048483","0.976"
"12-13-2024 00:09","1734048543","0.976"
"12-13-2024 00:10","1734048603","0.976"
"12-13-2024 00:11","1734048663","0.976"
"12-13-2024 00:12","1734048723","0.976"
"12-13-2024 00:13","1734048783","0.976"
"12-13-2024 00:14","1734048843","0.976"
"12-13-2024 00:15","1734048903","0.976"
"12-13-2024 00:16","1734048963","0.976"
"12-13-2024 00:17","1734049023","0.976"
"12-13-2024 00:18","1734049083","0.976"
"12-13-2024 00:19","1734049142","0.976"
"12-13-2024 00:20","1734049202","0.976"
"12-13-2024 00:21","1734049262","0.976"
"12-13-2024 00:22","1734049323","0.976"
"12-13-2024 00:23","1734049383","0.976"
"12-13-2024 00:24","1734049443","0.976"
"12-13-2024 00:25","1734049503","0.976"
"12-13-2024 00:26","1734049563","0.976"
"12-13-2024 00:27","1734049623","0.976"
"12-13-2024 00:28","1734049683","0.976"
"12-13-2024 00:29","1734049743","0.976"
"12-13-2024 00:30","1734049803","0.976"
"12-13-2024 00:31","1734049862","0.976"
"12-13-2024 00:32","1734049923","0.976"
"12-13-2024 00:33","1734049983","0.9755"
"12-13-2024 00:34","1734050043","0.976"
"12-13-2024 00:35","1734050103","0.976"
"12-13-2024 00:36","1734050163","0.976"
"12-13-2024 00:37","1734050223","0.976"
"12-13-2024 00:38","1734050283","0.976"
"12-13-2024 00:39","1734050343","0.976"
"12-13-2024 00:40","1734050403","0.976"
"12-13-2024 00:41","1734050463","0.976"
"12-13-2024 00:42","1734050523","0.976"
"12-13-2024 00:43","1734050583","0.976"
"12-13-2024 00:44","1734050643","0.976"
"12-13-2024 00:45","1734050703","0.976"
"12-13-2024 00:46","1734050763","0.976"
"12-13-2024 00:47","1734050823","0.976"
"12-13-2024 00:48","1734050883","0.976"
"12-13-2024 00:49","1734050943","0.976"
"12-13-2024 00:50","1734051003","0.976"
"12-13-2024 00:51","1734051063","0.976"
"12-13-2024 00:52","1734051123","0.976"
"12-13-2024 00:53","1734051183","0.976"
"12-13-2024 00:54","1734051243","0.976"
"12-13-2024 00:55","1734051303","0.976"
"12-13-2024 00:56","1734051363","0.976"
"12-13-2024 00:57","1734051423","0.976"
"12-13-2024 00:58","1734051483","0.976"
"12-13-2024 00:59","1734051543","0.976"
"12-13-2024 01:00","1734051603","0.976"
"12-13-2024 01:01","1734051663","0.976"
"12-13-2024 01:02","1734051723","0.976"
"12-13-2024 01:03","1734051783","0.976"
"12-13-2024 01:04","1734051843","0.976"
"12-13-2024 01:05","1734051902","0.976"
"12-13-2024 01:06","1734051963","0.976"
"12-13-2024 01:07","1734052023","0.976"
"12-13-2024 01:08","1734052083","0.976"
"12-13-2024 01:09","1734052142","0.976"
"12-13-2024 01:10","1734052202","0.976"
"12-13-2024 01:11","1734052263","0.976"
"12-13-2024 01:12","1734052322","0.976"
"12-13-2024 01:13","1734052382","0.976"
"12-13-2024 01:14","1734052443","0.976"
"12-13-2024 01:15","1734052503","0.976"
"12-13-2024 01:16","1734052563","0.976"
"12-13-2024 01:17","1734052623","0.976"
"12-13-2024 01:18","1734052683","0.976"
"12-13-2024 01:19","1734052743","0.976"
"12-13-2024 01:20","1734052803","0.976"
"12-13-2024 01:21","1734052863","0.976"
"12-13-2024 01:22","1734052923","0.976"
"12-13-2024 01:23","1734052983","0.976"
"12-13-2024 01:24","1734053043","0.976"
"12-13-2024 01:25","1734053102","0.976"
"12-13-2024 01:26","1734053163","0.976"
"12-13-2024 01:27","1734053222","0.976"
"12-13-2024 01:28","1734053283","0.976"
"12-13-2024 01:29","1734053343","0.976"
"12-13-2024 01:30","1734053403","0.976"
"12-13-2024 01:31","1734053462","0.976"
"12-13-2024 01:32","1734053523","0.976"
"12-13-2024 01:33","1734053583","0.976"
"12-13-2024 01:34","1734053643","0.976"
"12-13-2024 01:35","1734053703","0.976"
"12-13-2024 01:36","1734053762","0.976"
"12-13-2024 01:37","1734053823","0.976"
"12-13-2024 01:38","1734053882","0.976"
"12-13-2024 01:39","1734053942","0.976"
"12-13-2024 01:40","1734054003","0.976"
"12-13-2024 01:41","1734054063","0.976"
"12-13-2024 01:42","1734054123","0.976"
"12-13-2024 01:43","1734054182","0.976"
"12-13-2024 01:44","1734054243","0.976"
"12-13-2024 01:45","1734054303","0.976"
"12-13-2024 01:46","1734054363","0.976"
"12-13-2024 01:47","1734054423","0.976"
"12-13-2024 01:48","1734054483","0.976"
"12-13-2024 01:49","1734054543","0.976"
"12-13-2024 01:50","1734054603","0.976"
"12-13-2024 01:51","1734054662","0.976"
"12-13-2024 01:52","1734054723","0.976"
"12-13-2024 01:53","1734054783","0.976"
"12-13-2024 01:54","1734054843","0.976"
"12-13-2024 01:55","1734054903","0.9815"
"12-13-2024 01:56","1734054962","0.9815"
"12-13-2024 01:57","1734055023","0.9815"
"12-13-2024 01:58","1734055083","0.9815"
"12-13-2024 01:59","1734055143","0.979"
"12-13-2024 02:00","1734055204","0.9795"
"12-13-2024 02:01","1734055263","0.98"
"12-13-2024 02:02","1734055322","0.98"
"12-13-2024 02:03","1734055382","0.9805"
"12-13-2024 02:04","1734055443","0.9805"
"12-13-2024 02:05","1734055503","0.9805"
"12-13-2024 02:06","1734055563","0.9805"
"12-13-2024 02:07","1734055623","0.9805"
"12-13-2024 02:08","1734055682","0.98"
"12-13-2024 02:09","1734055743","0.98"
"12-13-2024 02:10","1734055803","0.98"
"12-13-2024 02:11","1734055863","0.98"
"12-13-2024 02:12","1734055923","0.98"
"12-13-2024 02:13","1734055982","0.98"
"12-13-2024 02:14","1734056043","0.98"
"12-13-2024 02:15","1734056103","0.98"
"12-13-2024 02:16","1734056163","0.9795"
"12-13-2024 02:17","1734056223","0.9795"
"12-13-2024 02:18","1734056283","0.9795"
"12-13-2024 02:19","1734056343","0.9795"
"12-13-2024 02:20","1734056403","0.9795"
"12-13-2024 02:21","1734056463","0.9795"
"12-13-2024 02:22","1734056523","0.9795"
"12-13-2024 02:23","1734056583","0.9795"
"12-13-2024 02:24","1734056643","0.9795"
"12-13-2024 02:25","1734056703","0.9795"
"12-13-2024 02:26","1734056763","0.9795"
"12-13-2024 02:27","1734056823","0.9795"
"12-13-2024 02:28","1734056883","0.9795"
"12-13-2024 02:29","1734056943","0.9795"
"12-13-2024 02:30","1734057003","0.979"
"12-13-2024 02:31","1734057063","0.979"
"12-13-2024 02:32","1734057123","0.979"
"12-13-2024 02:33","1734057182","0.979"
"12-13-2024 02:34","1734057243","0.979"
"12-13-2024 02:35","1734057302","0.979"
"12-13-2024 02:36","1734057363","0.979"
"12-13-2024 02:37","1734057423","0.979"
"12-13-2024 02:38","1734057483","0.979"
"12-13-2024 02:39","1734057543","0.979"
"12-13-2024 02:40","1734057603","0.979"
"12-13-2024 02:41","1734057663","0.979"
"12-13-2024 02:42","1734057723","0.979"
"12-13-2024 02:43","1734057783","0.979"
"12-13-2024 02:44","1734057843","0.979"
"12-13-2024 02:45","1734057903","0.979"
"12-13-2024 02:46","1734057963","0.979"
"12-13-2024 02:47","1734058022","0.979"
"12-13-2024 02:48","1734058083","0.979"
"12-13-2024 02:49","1734058142","0.979"
"12-13-2024 02:50","1734058203","0.979"
"12-13-2024 02:51","1734058263","0.979"
"12-13-2024 02:52","1734058323","0.979"
"12-13-2024 02:53","1734058382","0.979"
"12-13-2024 02:54","1734058443","0.979"
"12-13-2024 02:55","1734058503","0.979"
"12-13-2024 02:56","1734058563","0.979"
"12-13-2024 02:57","1734058623","0.979"
"12-13-2024 02:58","1734058683","0.979"
"12-13-2024 02:59","1734058743","0.979"
"12-13-2024 03:00","1734058803","0.979"
"12-13-2024 03:01","1734058863","0.979"
"12-13-2024 03:02","1734058923","0.979"
"12-13-2024 03:03","1734058983","0.979"
"12-13-2024 03:04","1734059043","0.979"
"12-13-2024 03:05","1734059103","0.979"
"12-13-2024 03:06","1734059163","0.979"
"12-13-2024 03:07","1734059222","0.979"
"12-13-2024 03:08","1734059283","0.979"
"12-13-2024 03:09","1734059343","0.979"
"12-13-2024 03:10","1734059403","0.979"
"12-13-2024 03:11","1734059462","0.979"
"12-13-2024 03:12","1734059523","0.979"
"12-13-2024 03:13","1734059582","0.979"
"12-13-2024 03:14","1734059643","0.979"
"12-13-2024 03:15","1734059703","0.979"
"12-13-2024 03:16","1734059763","0.979"
"12-13-2024 03:17","1734059823","0.979"
"12-13-2024 03:18","1734059883","0.979"
"12-13-2024 03:19","1734059943","0.979"
"12-13-2024 03:20","1734060003","0.979"
"12-13-2024 03:21","1734060063","0.979"
"12-13-2024 03:22","1734060123","0.979"
"12-13-2024 03:23","1734060183","0.979"
"12-13-2024 03:24","1734060243","0.979"
"12-13-2024 03:25","1734060303","0.98"
"12-13-2024 03:26","1734060363","0.98"
"12-13-2024 03:27","1734060423","0.98"
"12-13-2024 03:28","1734060483","0.98"
"12-13-2024 03:29","1734060542","0.98"
"12-13-2024 03:30","1734060603","0.9805"
"12-13-2024 03:31","1734060662","0.9805"
"12-13-2024 03:32","1734060723","0.9805"
"12-13-2024 03:33","1734060783","0.9805"
"12-13-2024 03:34","1734060843","0.9805"
"12-13-2024 03:35","1734060903","0.9805"
"12-13-2024 03:36","1734060963","0.9805"
"12-13-2024 03:37","1734061022","0.9805"
"12-13-2024 03:38","1734061083","0.98"
"12-13-2024 03:39","1734061143","0.98"
"12-13-2024 03:40","1734061203","0.98"
"12-13-2024 03:41","1734061262","0.98"
"12-13-2024 03:42","1734061323","0.98"
"12-13-2024 03:43","1734061383","0.98"
"12-13-2024 03:44","1734061443","0.98"
"12-13-2024 03:45","1734061502","0.98"
"12-13-2024 03:46","1734061563","0.98"
"12-13-2024 03:47","1734061623","0.98"
"12-13-2024 03:48","1734061683","0.98"
"12-13-2024 03:49","1734061743","0.98"
"12-13-2024 03:50","1734061803","0.98"
"12-13-2024 03:51","1734061862","0.9795"
"12-13-2024 03:52","1734061923","0.9795"
"12-13-2024 03:53","1734061983","0.9795"
"12-13-2024 03:54","1734062043","0.9795"
"12-13-2024 03:55","1734062103","0.9795"
"12-13-2024 03:56","1734062163","0.9795"
"12-13-2024 03:57","1734062222","0.9795"
"12-13-2024 03:58","1734062283","0.9795"
"12-13-2024 03:59","1734062342","0.9795"
"12-13-2024 04:00","1734062403","0.9795"
"12-13-2024 04:01","1734062463","0.9795"
"12-13-2024 04:02","1734062523","0.9795"
"12-13-2024 04:03","1734062582","0.9795"
"12-13-2024 04:04","1734062643","0.979"
"12-13-2024 04:05","1734062702","0.979"
"12-13-2024 04:06","1734062763","0.979"
"12-13-2024 04:07","1734062823","0.979"
"12-13-2024 04:08","1734062883","0.979"
"12-13-2024 04:09","1734062943","0.979"
"12-13-2024 04:10","1734063003","0.979"
"12-13-2024 04:11","1734063062","0.979"
"12-13-2024 04:12","1734063123","0.979"
"12-13-2024 04:13","1734063183","0.979"
"12-13-2024 04:14","1734063243","0.979"
"12-13-2024 04:15","1734063303","0.979"
"12-13-2024 04:16","1734063363","0.9785"
"12-13-2024 04:17","1734063423","0.9785"
"12-13-2024 04:18","1734063483","0.9785"
"12-13-2024 04:19","1734063543","0.9785"
"12-13-2024 04:20","1734063603","0.9785"
"12-13-2024 04:21","1734063663","0.9785"
"12-13-2024 04:22","1734063722","0.9785"
"12-13-2024 04:23","1734063783","0.9785"
"12-13-2024 04:24","1734063843","0.9785"
"12-13-2024 04:25","1734063903","0.9785"
"12-13-2024 04:26","1734063963","0.9785"
"12-13-2024 04:27","1734064022","0.9785"
"12-13-2024 04:28","1734064083","0.978"
"12-13-2024 04:29","1734064143","0.978"
"12-13-2024 04:30","1734064202","0.978"
"12-13-2024 04:31","1734064263","0.978"
"12-13-2024 04:32","1734064323","0.978"
"12-13-2024 04:33","1734064383","0.978"
"12-13-2024 04:34","1734064443","0.978"
"12-13-2024 04:35","1734064503","0.978"
"12-13-2024 04:36","1734064563","0.978"
"12-13-2024 04:37","1734064622","0.978"
"12-13-2024 04:38","1734064683","0.9785"
"12-13-2024 04:39","1734064742","0.978"
"12-13-2024 04:40","1734064803","0.978"
"12-13-2024 04:41","1734064863","0.978"
"12-13-2024 04:42","1734064923","0.978"
"12-13-2024 04:43","1734064983","0.978"
"12-13-2024 04:44","1734065043","0.978"
"12-13-2024 04:45","1734065103","0.978"
"12-13-2024 04:46","1734065163","0.978"
"12-13-2024 04:47","1734065223","0.978"
"12-13-2024 04:48","1734065283","0.978"
"12-13-2024 04:49","1734065343","0.978"
"12-13-2024 04:50","1734065403","0.9775"
"12-13-2024 04:51","1734065463","0.9815"
"12-13-2024 04:52","1734065522","0.982"
"12-13-2024 04:53","1734065582","0.982"
"12-13-2024 04:54","1734065643","0.982"
"12-13-2024 04:55","1734065703","0.982"
"12-13-2024 04:56","1734065763","0.982"
"12-13-2024 04:57","1734065823","0.982"
"12-13-2024 04:58","1734065883","0.982"
"12-13-2024 04:59","1734065943","0.982"
"12-13-2024 05:00","1734066003","0.982"
"12-13-2024 05:01","1734066063","0.982"
"12-13-2024 05:02","1734066123","0.982"
"12-13-2024 05:03","1734066183","0.982"
"12-13-2024 05:04","1734066243","0.982"
"12-13-2024 05:05","1734066303","0.982"
"12-13-2024 05:06","1734066363","0.982"
"12-13-2024 05:07","1734066423","0.9815"
"12-13-2024 05:08","1734066483","0.9825"
"12-13-2024 05:09","1734066543","0.9835"
"12-13-2024 05:10","1734066603","0.9835"
"12-13-2024 05:11","1734066663","0.9835"
"12-13-2024 05:12","1734066723","0.9835"
"12-13-2024 05:13","1734066783","0.9835"
"12-13-2024 05:14","1734066843","0.9835"
"12-13-2024 05:15","1734066902","0.9835"
"12-13-2024 05:16","1734066963","0.9835"
"12-13-2024 05:17","1734067023","0.9835"
"12-13-2024 05:18","1734067083","0.9835"
"12-13-2024 05:19","1734067143","0.985"
"12-13-2024 05:20","1734067203","0.985"
"12-13-2024 05:21","1734067263","0.985"
"12-13-2024 05:22","1734067323","0.985"
"12-13-2024 05:23","1734067383","0.985"
"12-13-2024 05:24","1734067442","0.985"
"12-13-2024 05:25","1734067503","0.985"
"12-13-2024 05:26","1734067563","0.985"
"12-13-2024 05:27","1734067623","0.985"
"12-13-2024 05:28","1734067683","0.985"
"12-13-2024 05:29","1734067742","0.985"
"12-13-2024 05:30","1734067803","0.985"
"12-13-2024 05:31","1734067863","0.985"
"12-13-2024 05:32","1734067923","0.9845"
"12-13-2024 05:33","1734067983","0.9845"
"12-13-2024 05:34","1734068043","0.9845"
"12-13-2024 05:35","1734068102","0.9845"
"12-13-2024 05:36","1734068163","0.9845"
"12-13-2024 05:37","1734068222","0.9845"
"12-13-2024 05:38","1734068283","0.9845"
"12-13-2024 05:39","1734068343","0.9845"
"12-13-2024 05:40","1734068403","0.9845"
"12-13-2024 05:41","1734068463","0.9845"
"12-13-2024 05:42","1734068523","0.9845"
"12-13-2024 05:43","1734068583","0.9845"
"12-13-2024 05:44","1734068643","0.9845"
"12-13-2024 05:45","1734068703","0.9845"
"12-13-2024 05:46","1734068763","0.9845"
"12-13-2024 05:47","1734068823","0.9845"
"12-13-2024 05:48","1734068883","0.9845"
"12-13-2024 05:49","1734068943","0.9845"
"12-13-2024 05:50","1734069003","0.9845"
"12-13-2024 05:51","1734069063","0.9845"
"12-13-2024 05:52","1734069123","0.9845"
"12-13-2024 05:53","1734069183","0.9845"
"12-13-2024 05:54","1734069243","0.9845"
"12-13-2024 05:55","1734069303","0.9845"
"12-13-2024 05:56","1734069363","0.985"
"12-13-2024 05:57","1734069423","0.985"
"12-13-2024 05:58","1734069482","0.985"
"12-13-2024 05:59","1734069543","0.985"
"12-13-2024 06:00","1734069603","0.985"
"12-13-2024 06:01","1734069663","0.985"
"12-13-2024 06:02","1734069723","0.985"
"12-13-2024 06:03","1734069782","0.985"
"12-13-2024 06:04","1734069843","0.985"
"12-13-2024 06:05","1734069903","0.985"
"12-13-2024 06:06","1734069962","0.985"
"12-13-2024 06:07","1734070023","0.985"
"12-13-2024 06:08","1734070083","0.985"
"12-13-2024 06:09","1734070142","0.985"
"12-13-2024 06:10","1734070203","0.985"
"12-13-2024 06:11","1734070263","0.985"
"12-13-2024 06:12","1734070323","0.985"
"12-13-2024 06:13","1734070383","0.985"
"12-13-2024 06:14","1734070443","0.985"
"12-13-2024 06:15","1734070503","0.985"
"12-13-2024 06:16","1734070563","0.985"
"12-13-2024 06:17","1734070622","0.985"
"12-13-2024 06:18","1734070683","0.985"
"12-13-2024 06:19","1734070742","0.985"
"12-13-2024 06:20","1734070803","0.985"
"12-13-2024 06:21","1734070862","0.985"
"12-13-2024 06:22","1734070923","0.985"
"12-13-2024 06:23","1734070983","0.9845"
"12-13-2024 06:24","1734071043","0.985"
"12-13-2024 06:25","1734071102","0.985"
"12-13-2024 06:26","1734071163","0.985"
"12-13-2024 06:27","1734071223","0.985"
"12-13-2024 06:28","1734071283","0.985"
"12-13-2024 06:29","1734071342","0.985"
"12-13-2024 06:30","1734071403","0.985"
"12-13-2024 06:31","1734071463","0.985"
"12-13-2024 06:32","1734071523","0.985"
"12-13-2024 06:33","1734071583","0.985"
"12-13-2024 06:34","1734071643","0.985"
"12-13-2024 06:35","1734071703","0.985"
"12-13-2024 06:36","1734071762","0.985"
"12-13-2024 06:37","1734071822","0.985"
"12-13-2024 06:38","1734071883","0.985"
"12-13-2024 06:39","1734071943","0.985"
"12-13-2024 06:40","1734072003","0.9855"
"12-13-2024 06:41","1734072062","0.9855"
"12-13-2024 06:42","1734072122","0.9855"
"12-13-2024 06:43","1734072182","0.9855"
"12-13-2024 06:44","1734072243","0.9855"
"12-13-2024 06:45","1734072303","0.9855"
"12-13-2024 06:46","1734072362","0.9855"
"12-13-2024 06:47","1734072423","0.9855"
"12-13-2024 06:48","1734072483","0.9855"
"12-13-2024 06:49","1734072542","0.9855"
"12-13-2024 06:50","1734072603","0.9855"
"12-13-2024 06:51","1734072662","0.9855"
"12-13-2024 06:52","1734072723","0.986"
"12-13-2024 06:53","1734072783","0.986"
"12-13-2024 06:54","1734072842","0.986"
"12-13-2024 06:55","1734072903","0.986"
"12-13-2024 06:56","1734072963","0.986"
"12-13-2024 06:57","1734073023","0.986"
"12-13-2024 06:58","1734073082","0.986"
"12-13-2024 06:59","1734073143","0.986"
"12-13-2024 07:00","1734073203","0.986"
"12-13-2024 07:01","1734073262","0.985"
"12-13-2024 07:02","1734073323","0.985"
"12-13-2024 07:03","1734073383","0.985"
"12-13-2024 07:04","1734073443","0.985"
"12-13-2024 07:05","1734073503","0.985"
"12-13-2024 07:06","1734073563","0.985"
"12-13-2024 07:07","1734073623","0.985"
"12-13-2024 07:08","1734073683","0.985"
"12-13-2024 07:09","1734073742","0.985"
"12-13-2024 07:10","1734073803","0.985"
"12-13-2024 07:11","1734073862","0.985"
"12-13-2024 07:12","1734073923","0.985"
"12-13-2024 07:13","1734073983","0.985"
"12-13-2024 07:14","1734074043","0.985"
"12-13-2024 07:15","1734074103","0.986"
"12-13-2024 07:16","1734074163","0.986"
"12-13-2024 07:17","1734074223","0.986"
"12-13-2024 07:18","1734074283","0.986"
"12-13-2024 07:19","1734074343","0.986"
"12-13-2024 07:20","1734074403","0.986"
"12-13-2024 07:21","1734074463","0.986"
"12-13-2024 07:22","1734074523","0.986"
"12-13-2024 07:23","1734074583","0.986"
"12-13-2024 07:24","1734074643","0.985"
"12-13-2024 07:25","1734074703","0.985"
"12-13-2024 07:26","1734074763","0.985"
"12-13-2024 07:27","1734074822","0.985"
"12-13-2024 07:28","1734074883","0.985"
"12-13-2024 07:29","1734074942","0.985"
"12-13-2024 07:30","1734075003","0.985"
"12-13-2024 07:31","1734075063","0.985"
"12-13-2024 07:32","1734075123","0.9855"
"12-13-2024 07:33","1734075183","0.986"
"12-13-2024 07:34","1734075242","0.986"
"12-13-2024 07:35","1734075302","0.986"
"12-13-2024 07:36","1734075362","0.986"
"12-13-2024 07:37","1734075422","0.986"
"12-13-2024 07:38","1734075483","0.986"
"12-13-2024 07:39","1734075543","0.986"
"12-13-2024 07:40","1734075602","0.986"
"12-13-2024 07:41","1734075662","0.986"
"12-13-2024 07:42","1734075722","0.986"
"12-13-2024 07:43","1734075783","0.986"
"12-13-2024 07:44","1734075842","0.986"
"12-13-2024 07:45","1734075903","0.986"
"12-13-2024 07:46","1734075963","0.986"
"12-13-2024 07:47","1734076022","0.986"
"12-13-2024 07:48","1734076083","0.9855"
"12-13-2024 07:49","1734076143","0.9855"
"12-13-2024 07:50","1734076203","0.9855"
"12-13-2024 07:51","1734076263","0.9855"
"12-13-2024 07:52","1734076323","0.9865"
"12-13-2024 07:53","1734076383","0.9865"
"12-13-2024 07:54","1734076443","0.9865"
"12-13-2024 07:55","1734076503","0.9865"
"12-13-2024 07:56","1734076563","0.9865"
"12-13-2024 07:57","1734076622","0.9865"
"12-13-2024 07:58","1734076683","0.9865"
"12-13-2024 07:59","1734076743","0.9865"
"12-13-2024 08:00","1734076803","0.9865"
"12-13-2024 08:01","1734076862","0.9865"
"12-13-2024 08:02","1734076923","0.9865"
"12-13-2024 08:03","1734076983","0.9865"
"12-13-2024 08:04","1734077043","0.9865"
"12-13-2024 08:05","1734077103","0.9865"
"12-13-2024 08:06","1734077163","0.9865"
"12-13-2024 08:07","1734077223","0.9865"
"12-13-2024 08:08","1734077283","0.9865"
"12-13-2024 08:09","1734077343","0.9865"
"12-13-2024 08:10","1734077403","0.9865"
"12-13-2024 08:11","1734077462","0.9865"
"12-13-2024 08:12","1734077523","0.987"
"12-13-2024 08:13","1734077582","0.988"
"12-13-2024 08:14","1734077643","0.988"
"12-13-2024 08:15","1734077703","0.988"
"12-13-2024 08:16","1734077763","0.988"
"12-13-2024 08:17","1734077822","0.988"
"12-13-2024 08:18","1734077883","0.988"
"12-13-2024 08:19","1734077942","0.988"
"12-13-2024 08:20","1734078003","0.988"
"12-13-2024 08:21","1734078063","0.988"
"12-13-2024 08:22","1734078122","0.988"
"12-13-2024 08:23","1734078182","0.988"
"12-13-2024 08:24","1734078243","0.988"
"12-13-2024 08:25","1734078303","0.988"
"12-13-2024 08:26","1734078363","0.988"
"12-13-2024 08:27","1734078423","0.988"
"12-13-2024 08:28","1734078483","0.988"
"12-13-2024 08:29","1734078543","0.988"
"12-13-2024 08:30","1734078603","0.988"
"12-13-2024 08:31","1734078663","0.988"
"12-13-2024 08:32","1734078723","0.988"
"12-13-2024 08:33","1734078783","0.9885"
"12-13-2024 08:34","1734078843","0.9885"
"12-13-2024 08:35","1734078903","0.9885"
"12-13-2024 08:36","1734078962","0.9885"
"12-13-2024 08:37","1734079023","0.9885"
"12-13-2024 08:38","1734079083","0.9885"
"12-13-2024 08:39","1734079143","0.989"
"12-13-2024 08:40","1734079203","0.989"
"12-13-2024 08:41","1734079262","0.989"
"12-13-2024 08:42","1734079323","0.989"
"12-13-2024 08:43","1734079383","0.9895"
"12-13-2024 08:44","1734079443","0.9895"
"12-13-2024 08:45","1734079503","0.9895"
"12-13-2024 08:46","1734079563","0.9895"
"12-13-2024 08:47","1734079622","0.9895"
"12-13-2024 08:48","1734079683","0.9895"
"12-13-2024 08:49","1734079742","0.9925"
"12-13-2024 08:50","1734079803","0.9925"
"12-13-2024 08:51","1734079863","0.9925"
"12-13-2024 08:52","1734079923","0.9925"
"12-13-2024 08:53","1734079982","0.9925"
"12-13-2024 08:54","1734080042","0.9925"
"12-13-2024 08:55","1734080103","0.9925"
"12-13-2024 08:56","1734080163","0.9925"
"12-13-2024 08:57","1734080223","0.9925"
"12-13-2024 08:58","1734080283","0.9925"
"12-13-2024 08:59","1734080343","0.9925"
"12-13-2024 09:00","1734080403","0.9925"
"12-13-2024 09:01","1734080463","0.9925"
"12-13-2024 09:02","1734080523","0.9925"
"12-13-2024 09:03","1734080583","0.9925"
"12-13-2024 09:04","1734080643","0.9925"
"12-13-2024 09:05","1734080703","0.9925"
"12-13-2024 09:06","1734080763","0.9925"
"12-13-2024 09:07","1734080823","0.9925"
"12-13-2024 09:08","1734080883","0.9925"
"12-13-2024 09:09","1734080943","0.9925"
"12-13-2024 09:10","1734081003","0.993"
"12-13-2024 09:11","1734081062","0.993"
"12-13-2024 09:12","1734081123","0.993"
"12-13-2024 09:13","1734081183","0.993"
"12-13-2024 09:14","1734081243","0.993"
"12-13-2024 09:15","1734081303","0.9935"
"12-13-2024 09:16","1734081363","0.9935"
"12-13-2024 09:17","1734081422","0.9935"
"12-13-2024 09:18","1734081483","0.9935"
"12-13-2024 09:19","1734081542","0.9935"
"12-13-2024 09:20","1734081603","0.9935"
"12-13-2024 09:21","1734081663","0.9935"
"12-13-2024 09:22","1734081722","0.9935"
"12-13-2024 09:23","1734081782","0.9935"
"12-13-2024 09:24","1734081843","0.9935"
"12-13-2024 09:25","1734081903","0.9935"
"12-13-2024 09:26","1734081963","0.993"
"12-13-2024 09:27","1734082023","0.993"
"12-13-2024 09:28","1734082082","0.993"
"12-13-2024 09:29","1734082143","0.993"
"12-13-2024 09:30","1734082203","0.993"
"12-13-2024 09:31","1734082263","0.993"
"12-13-2024 09:32","1734082323","0.9925"
"12-13-2024 09:33","1734082382","0.9925"
"12-13-2024 09:34","1734082443","0.9925"
"12-13-2024 09:35","1734082503","0.9925"
"12-13-2024 09:36","1734082562","0.9925"
"12-13-2024 09:37","1734082623","0.9925"
"12-13-2024 09:38","1734082683","0.9925"
"12-13-2024 09:39","1734082743","0.9905"
"12-13-2024 09:40","1734082803","0.9905"
"12-13-2024 09:41","1734082863","0.9905"
"12-13-2024 09:42","1734082922","0.9905"
"12-13-2024 09:43","1734082983","0.9905"
"12-13-2024 09:44","1734083042","0.9905"
"12-13-2024 09:45","1734083103","0.99"
"12-13-2024 09:46","1734083163","0.99"
"12-13-2024 09:47","1734083223","0.99"
"12-13-2024 09:48","1734083283","0.991"
"12-13-2024 09:49","1734083342","0.991"
"12-13-2024 09:50","1734083402","0.9905"
"12-13-2024 09:51","1734083463","0.9905"
"12-13-2024 09:52","1734083523","0.9905"
"12-13-2024 09:53","1734083583","0.984"
"12-13-2024 09:54","1734083643","0.987"
"12-13-2024 09:55","1734083703","0.9855"
"12-13-2024 09:56","1734083763","0.9845"
"12-13-2024 09:57","1734083822","0.984"
"12-13-2024 09:58","1734083883","0.973"
"12-13-2024 09:59","1734083943","0.973"
"12-13-2024 10:00","1734084003","0.9655"
"12-13-2024 10:01","1734084062","0.965"
"12-13-2024 10:02","1734084123","0.969"
"12-13-2024 10:03","1734084183","0.969"
"12-13-2024 10:04","1734084243","0.969"
"12-13-2024 10:05","1734084303","0.969"
"12-13-2024 10:06","1734084363","0.969"
"12-13-2024 10:07","1734084423","0.969"
"12-13-2024 10:08","1734084483","0.9695"
"12-13-2024 10:09","1734084543","0.9695"
"12-13-2024 10:10","1734084603","0.9695"
"12-13-2024 10:11","1734084663","0.9695"
"12-13-2024 10:12","1734084723","0.9695"
"12-13-2024 10:13","1734084783","0.9695"
"12-13-2024 10:14","1734084843","0.9695"
"12-13-2024 10:15","1734084903","0.969"
"12-13-2024 10:16","1734084963","0.969"
"12-13-2024 10:17","1734085023","0.969"
"12-13-2024 10:18","1734085083","0.9695"
"12-13-2024 10:19","1734085143","0.9695"
"12-13-2024 10:20","1734085203","0.9695"
"12-13-2024 10:21","1734085262","0.9695"
"12-13-2024 10:22","1734085323","0.9695"
"12-13-2024 10:23","1734085383","0.9695"
"12-13-2024 10:24","1734085443","0.9695"
"12-13-2024 10:25","1734085502","0.969"
"12-13-2024 10:26","1734085563","0.969"
"12-13-2024 10:27","1734085622","0.969"
"12-13-2024 10:28","1734085683","0.9695"
"12-13-2024 10:29","1734085743","0.9695"
"12-13-2024 10:30","1734085803","0.9695"
"12-13-2024 10:31","1734085863","0.9695"
"12-13-2024 10:32","1734085923","0.9695"
"12-13-2024 10:33","1734085983","0.9695"
"12-13-2024 10:34","1734086043","0.9695"
"12-13-2024 10:35","1734086103","0.9695"
"12-13-2024 10:36","1734086163","0.9705"
"12-13-2024 10:37","1734086223","0.969"
"12-13-2024 10:38","1734086283","0.969"
"12-13-2024 10:39","1734086343","0.969"
"12-13-2024 10:40","1734086402","0.9685"
"12-13-2024 10:41","1734086462","0.9685"
"12-13-2024 10:42","1734086522","0.9685"
"12-13-2024 10:43","1734086583","0.9685"
"12-13-2024 10:44","1734086643","0.9685"
"12-13-2024 10:45","1734086703","0.9685"
"12-13-2024 10:46","1734086762","0.9685"
"12-13-2024 10:47","1734086823","0.9685"
"12-13-2024 10:48","1734086883","0.968"
"12-13-2024 10:49","1734086943","0.968"
"12-13-2024 10:50","1734087003","0.978"
"12-13-2024 10:51","1734087063","0.99"
"12-13-2024 10:52","1734087123","0.9895"
"12-13-2024 10:53","1734087183","0.989"
"12-13-2024 10:54","1734087243","0.9885"
"12-13-2024 10:55","1734087303","0.977"
"12-13-2024 10:56","1734087363","0.976"
"12-13-2024 10:57","1734087423","0.976"
"12-13-2024 10:58","1734087483","0.9755"
"12-13-2024 10:59","1734087543","0.9755"
"12-13-2024 11:00","1734087603","0.9755"
"12-13-2024 11:01","1734087663","0.9755"
"12-13-2024 11:02","1734087723","0.9755"
"12-13-2024 11:03","1734087783","0.972"
"12-13-2024 11:04","1734087843","0.972"
"12-13-2024 11:05","1734087903","0.972"
"12-13-2024 11:06","1734087963","0.972"
"12-13-2024 11:07","1734088022","0.9715"
"12-13-2024 11:08","1734088082","0.9715"
"12-13-2024 11:09","1734088142","0.9715"
"12-13-2024 11:10","1734088203","0.9715"
"12-13-2024 11:11","1734088263","0.9715"
"12-13-2024 11:12","1734088323","0.9715"
"12-13-2024 11:13","1734088382","0.9715"
"12-13-2024 11:14","1734088442","0.9715"
"12-13-2024 11:15","1734088503","0.9715"
"12-13-2024 11:16","1734088562","0.9715"
"12-13-2024 11:17","1734088623","0.9715"
"12-13-2024 11:18","1734088683","0.9715"
"12-13-2024 11:19","1734088743","0.9715"
"12-13-2024 11:20","1734088802","0.9715"
"12-13-2024 11:21","1734088863","0.9715"
"12-13-2024 11:22","1734088922","0.9715"
"12-13-2024 11:23","1734088983","0.9715"
"12-13-2024 11:24","1734089043","0.9715"
"12-13-2024 11:25","1734089103","0.972"
"12-13-2024 11:26","1734089163","0.972"
"12-13-2024 11:27","1734089222","0.9715"
"12-13-2024 11:28","1734089283","0.9715"
"12-13-2024 11:29","1734089343","0.9715"
"12-13-2024 11:30","1734089403","0.972"
"12-13-2024 11:31","1734089463","0.972"
"12-13-2024 11:32","1734089523","0.972"
"12-13-2024 11:33","1734089582","0.972"
"12-13-2024 11:34","1734089643","0.979"
"12-13-2024 11:35","1734089703","0.979"
"12-13-2024 11:36","1734089763","0.979"
"12-13-2024 11:37","1734089823","0.9785"
"12-13-2024 11:38","1734089883","0.979"
"12-13-2024 11:39","1734089943","0.979"
"12-13-2024 11:40","1734090003","0.979"
"12-13-2024 11:41","1734090063","0.979"
"12-13-2024 11:42","1734090123","0.9785"
"12-13-2024 11:43","1734090183","0.9785"
"12-13-2024 11:44","1734090243","0.9785"
"12-13-2024 11:45","1734090303","0.9785"
"12-13-2024 11:46","1734090363","0.982"
"12-13-2024 11:47","1734090422","0.979"
"12-13-2024 11:48","1734090483","0.984"
"12-13-2024 11:49","1734090543","0.9845"
"12-13-2024 11:50","1734090603","0.9845"
"12-13-2024 11:51","1734090663","0.996"
"12-13-2024 11:52","1734090723","0.989"
"12-13-2024 11:53","1734090782","0.9905"
"12-13-2024 11:54","1734090842","0.9915"
"12-13-2024 11:55","1734090902","0.9915"
"12-13-2024 11:56","1734090963","0.9915"
"12-13-2024 11:57","1734091023","0.9915"
"12-13-2024 11:58","1734091083","0.9895"
"12-13-2024 11:59","1734091143","0.99"
"12-13-2024 12:00","1734091203","0.9905"
"12-13-2024 12:01","1734091263","0.9905"
"12-13-2024 12:02","1734091323","0.997"
"12-13-2024 12:03","1734091382","0.997"
"12-13-2024 12:04","1734091443","0.997"
"12-13-2024 12:05","1734091503","0.997"
"12-13-2024 12:06","1734091562","0.9925"
"12-13-2024 12:07","1734091622","0.992"
"12-13-2024 12:08","1734091683","0.9925"
"12-13-2024 12:09","1734091743","0.993"
"12-13-2024 12:10","1734091803","0.993"
"12-13-2024 12:11","1734091863","0.993"
"12-13-2024 12:12","1734091923","0.994"
"12-13-2024 12:13","1734091983","0.9945"
"12-13-2024 12:14","1734092043","0.995"
"12-13-2024 12:15","1734092102","0.995"
"12-13-2024 12:16","1734092163","0.995"
"12-13-2024 12:17","1734092223","0.9995"
"12-13-2024 12:18","1734092283","0.9995"
"12-13-2024 12:19","1734092342","0.9995"
"12-13-2024 12:20","1734092403","0.9995"
"12-13-2024 12:21","1734092462","0.9995"
"12-13-2024 12:22","1734092523","0.9995"
"12-13-2024 12:23","1734092582","0.9995"
"12-13-2024 12:24","1734092643","0.9995"
"12-13-2024 12:25","1734092703","0.9995"
"12-13-2024 12:26","1734092763","0.9995"
"12-13-2024 12:27","1734092822","0.9995"
"12-13-2024 12:28","1734092882","0.9995"
"12-13-2024 12:29","1734092943","0.9995"
"12-13-2024 12:30","1734093003","0.9995"
"12-13-2024 12:31","1734093062","0.9995"
"12-13-2024 12:32","1734093122","0.996"
"12-13-2024 12:33","1734093183","0.996"
"12-13-2024 12:34","1734093243","0.996"
"12-13-2024 12:35","1734093303","0.996"
"12-13-2024 12:36","1734093363","0.996"
"12-13-2024 12:37","1734093422","0.996"
"12-13-2024 12:38","1734093483","0.996"
"12-13-2024 12:39","1734093543","0.996"
"12-13-2024 12:40","1734093603","0.996"
"12-13-2024 12:41","1734093662","0.9965"
"12-13-2024 12:42","1734093723","0.9975"
"12-13-2024 12:43","1734093782","0.9985"
"12-13-2024 12:44","1734093843","0.9985"
"12-13-2024 12:45","1734093903","0.9985"
"12-13-2024 12:46","1734093963","0.9985"
"12-13-2024 12:47","1734094023","0.9985"
"12-13-2024 12:48","1734094082","0.9985"
"12-13-2024 12:49","1734094142","0.9985"
"12-13-2024 12:50","1734094203","0.9985"
"12-13-2024 12:51","1734094262","0.9985"
"12-13-2024 12:52","1734094322","0.9985"
"12-13-2024 12:53","1734094383","0.9985"
"12-13-2024 12:54","1734094443","0.9985"
"12-13-2024 12:55","1734094503","0.9985"
"12-13-2024 12:56","1734094563","0.9985"
"12-13-2024 12:57","1734094623","0.9985"
"12-13-2024 12:58","1734094683","0.9985"
"12-13-2024 12:59","1734094743","0.9985"
"12-13-2024 13:00","1734094802","0.9985"
"12-13-2024 13:01","1734094863","0.9985"
"12-13-2024 13:02","1734094923","0.9985"
"12-13-2024 13:03","1734094983","0.9985"
"12-13-2024 13:04","1734095043","0.9985"
"12-13-2024 13:05","1734095103","0.9985"
"12-13-2024 13:06","1734095162","0.9985"
"12-13-2024 13:07","1734095223","0.9985"
"12-13-2024 13:08","1734095283","0.9985"
"12-13-2024 13:09","1734095343","0.9985"
"12-13-2024 13:10","1734095403","0.9985"
"12-13-2024 13:11","1734095463","0.9985"
"12-13-2024 13:12","1734095523","0.9985"
"12-13-2024 13:13","1734095583","0.9985"
"12-13-2024 13:14","1734095643","0.9985"
"12-13-2024 13:15","1734095702","0.9985"
"12-13-2024 13:16","1734095763","0.9985"
"12-13-2024 13:17","1734095823","0.9985"
"12-13-2024 13:18","1734095883","0.9985"
"12-13-2024 13:19","1734095943","0.9985"
"12-13-2024 13:20","1734096003","0.9985"
"12-13-2024 13:21","1734096063","0.9985"
"12-13-2024 13:22","1734096123","0.9985"
"12-13-2024 13:23","1734096183","0.9985"
"12-13-2024 13:24","1734096243","0.9985"
"12-13-2024 13:25","1734096303","0.9985"
"12-13-2024 13:26","1734096363","0.9985"
"12-13-2024 13:27","1734096422","0.9985"
"12-13-2024 13:28","1734096483","0.9985"
"12-13-2024 13:29","1734096543","0.9985"
"12-13-2024 13:30","1734096603","0.9985"
"12-13-2024 13:31","1734096663","0.9985"
"12-13-2024 13:32","1734096722","0.9985"
"12-13-2024 13:33","1734096782","0.9985"
"12-13-2024 13:34","1734096843","0.9985"
"12-13-2024 13:35","1734096903","0.9985"
"12-13-2024 13:36","1734096963","0.9985"
"12-13-2024 13:37","1734097023","0.9985"
"12-13-2024 13:38","1734097083","0.9985"
"12-13-2024 13:39","1734097142","0.9985"
"12-13-2024 13:40","1734097203","0.9985"
"12-13-2024 13:41","1734097262","0.9985"
"12-13-2024 13:42","1734097323","0.9985"
"12-13-2024 13:43","1734097383","0.9985"
"12-13-2024 13:44","1734097443","0.9985"
"12-13-2024 13:45","1734097503","0.9985"
"12-13-2024 13:46","1734097562","0.9985"
"12-13-2024 13:47","1734097623","0.9985"
"12-13-2024 13:48","1734097683","0.9985"
"12-13-2024 13:49","1734097743","0.9985"
"12-13-2024 13:50","1734097803","0.9985"
"12-13-2024 13:51","1734097863","0.999"
"12-13-2024 13:52","1734097923","0.999"
"12-13-2024 13:53","1734097983","0.999"
"12-13-2024 13:54","1734098043","0.999"
"12-13-2024 13:55","1734098103","0.999"
"12-13-2024 13:56","1734098163","0.999"
"12-13-2024 13:57","1734098223","0.999"
"12-13-2024 13:58","1734098283","0.999"
"12-13-2024 13:59","1734098343","0.999"
"12-13-2024 14:00","1734098403","0.999"
"12-13-2024 14:01","1734098462","0.999"
"12-13-2024 14:02","1734098522","0.999"
"12-13-2024 14:03","1734098582","0.999"
"12-13-2024 14:04","1734098643","0.999"
"12-13-2024 14:05","1734098703","0.999"
"12-13-2024 14:06","1734098762","0.999"
"12-13-2024 14:07","1734098823","0.999"
"12-13-2024 14:08","1734098883","0.999"
"12-13-2024 14:09","1734098942","0.999"
"12-13-2024 14:10","1734099003","0.999"
"12-13-2024 14:11","1734099062","0.999"
"12-13-2024 14:12","1734099123","0.999"
"12-13-2024 14:13","1734099183","0.9995"
"12-13-2024 14:14","1734099243","0.9995"
"12-13-2024 14:15","1734099303","0.9995"
"12-13-2024 14:16","1734099363","0.9995"
"12-13-2024 14:17","1734099423","0.9995"
"12-13-2024 14:18","1734099483","0.9995"
"12-13-2024 14:19","1734099542","0.9995"
"12-13-2024 14:20","1734099603","0.9995"
"12-13-2024 14:21","1734099663","0.9995"
"12-13-2024 14:22","1734099723","0.9995"
"12-13-2024 14:23","1734099783","0.9995"
"12-13-2024 14:24","1734099843","0.9995"