"Date (UTC)","Timestamp (UTC)","Michelle Obama","Ron DeSantis","Kamala Harris","Donald Trump","Joe Biden","Nikki Haley","Vivek Ramaswamy","Gavin Newsom","Robert F. Kennedy Jr.","Chris Christie","Hillary Clinton","Bernie Sanders","AOC","Elizabeth Warren","Kanye West","Other Democrat Politician","Other Republican Politician"
"09-11-2024 23:00","1726095601","0.0045","0.0005","0.732","0.255","0.0005","0.0005","0.0005","0.0005","0.0015","0.0005","0.0015","0.0005","0.0005","0.0005","0.0005","0.0035","0.0025"
"09-12-2024 00:00","1726099202","0.0045","0.0005","0.732","0.255","0.0005","0.0005","0.0005","0.0005","0.0015","0.0005","0.0015","0.0005","0.0005","0.0005","0.0005","0.0035","0.0025"
"09-12-2024 01:00","1726102801","0.0045","0.0005","0.7295","0.255","0.0005","0.0005","0.0005","0.0005","0.0015","0.0005","0.0015","0.0005","0.0005","0.0005","0.0005","0.0035","0.0025"
"09-12-2024 02:00","1726106402","0.0045","0.0005","0.7325","0.255","0.0005","0.0005","0.0005","0.0005","0.0015","0.0005","0.0015","0.0005","0.0005","0.0005","0.0005","0.0035","0.0025"
"09-12-2024 03:00","1726110002","0.0045","0.0005","0.736","0.255","0.0005","0.0005","0.0005","0.0005","0.0015","0.0005","0.0015","0.0005","0.0005","0.0005","0.0005","0.0035","0.0025"
"09-12-2024 04:00","1726113602","0.0045","0.0005","0.7395","0.255","0.0005","0.0005","0.0005","0.0005","0.0015","0.0005","0.0015","0.0005","0.0005","0.0005","0.0005","0.0035","0.0025"
"09-12-2024 05:00","1726117202","0.005","0.0005","0.7375","0.255","0.0005","0.0005","0.0005","0.0005","0.0015","0.0005","0.0015","0.0005","0.0005","0.0005","0.0005","0.0035","0.0025"
"09-12-2024 06:00","1726120803","0.005","0.0005","0.736","0.255","0.0005","0.0005","0.0005","0.0005","0.0015","0.0005","0.0015","0.0005","0.0005","0.0005","0.0005","0.0035","0.0025"
"09-12-2024 07:00","1726124402","0.0055","0.0005","0.7335","0.255","0.0005","0.0005","0.0005","0.0005","0.0015","0.0005","0.0015","0.0005","0.0005","0.0005","0.0005","0.004","0.0025"
"09-12-2024 08:00","1726128001","0.0055","0.0005","0.739","0.255","0.0005","0.0005","0.0005","0.0005","0.0015","0.0005","0.0015","0.0005","0.0005","0.0005","0.0005","0.004","0.0025"
"09-12-2024 09:00","1726131602","0.0055","0.0005","0.734","0.255","0.0005","0.0005","0.0005","0.0005","0.0015","0.0005","0.0025","0.0005","0.0005","0.0005","0.0005","0.004","0.0025"
"09-12-2024 10:00","1726135202","0.0055","0.0005","0.733","0.255","0.0005","0.0005","0.0005","0.0005","0.0015","0.0005","0.0025","0.0005","0.0005","0.0005","0.0005","0.004","0.0025"
"09-12-2024 11:00","1726138802","0.0055","0.0005","0.733","0.255","0.0005","0.0005","0.0005","0.0005","0.0015","0.0005","0.0025","0.0005","0.0005","0.0005","0.0005","0.0045","0.0025"
"09-12-2024 12:00","1726142402","0.0055","0.0005","0.7355","0.255","0.0005","0.0005","0.0005","0.0005","0.0015","0.0005","0.0015","0.0005","0.0005","0.0005","0.0005","0.0045","0.0025"
"09-12-2024 13:00","1726146002","0.0055","0.0005","0.7375","0.255","0.0005","0.0005","0.0005","0.0005","0.0015","0.0005","0.0015","0.0005","0.0005","0.0005","0.0005","0.0045","0.0025"
"09-12-2024 14:00","1726149601","0.0055","0.0005","0.7375","0.255","0.0005","0.0005","0.0005","0.0005","0.0015","0.0005","0.0015","0.0005","0.0005","0.0005","0.0005","0.004","0.0025"
"09-12-2024 15:00","1726153202","0.005","0.0005","0.737","0.255","0.0005","0.0005","0.0005","0.0005","0.0015","0.0005","0.0015","0.0005","0.0005","0.0005","0.0005","0.004","0.0025"
"09-12-2024 16:00","1726156802","0.0055","0.0005","0.735","0.255","0.0005","0.0005","0.0005","0.0005","0.0015","0.0005","0.0015","0.0005","0.0005","0.0005","0.0005","0.004","0.0025"
"09-12-2024 17:00","1726160402","0.0055","0.0005","0.737","0.255","0.0005","0.0005","0.0005","0.0005","0.0015","0.0005","0.0015","0.0005","0.0005","0.0005","0.0005","0.004","0.0025"
"09-12-2024 18:00","1726164001","0.0055","0.0005","0.7385","0.245","0.0005","0.0005","0.0005","0.0005","0.0015","0.0005","0.0015","0.0005","0.0005","0.0005","0.0005","0.004","0.0025"
"09-12-2024 19:00","1726167602","0.0055","0.0005","0.7405","0.25","0.0005","0.0005","0.0005","0.0005","0.0015","0.0005","0.0015","0.0005","0.0005","0.0005","0.0005","0.004","0.0025"
"09-12-2024 20:00","1726171202","0.0055","0.0005","0.743","0.245","0.0005","0.0005","0.0005","0.0005","0.0015","0.0005","0.0015","0.0005","0.0005","0.0005","0.0005","0.004","0.0025"
"09-12-2024 21:00","1726174802","0.0055","0.0005","0.7435","0.245","0.0005","0.0005","0.0005","0.0005","0.0015","0.0005","0.0015","0.0005","0.0005","0.0005","0.0005","0.004","0.0025"
"09-12-2024 22:00","1726178402","0.0055","0.0005","0.744","0.245","0.0005","0.0005","0.0005","0.0005","0.0015","0.0005","0.0015","0.0005","0.0005","0.0005","0.0005","0.004","0.0025"
"09-12-2024 23:00","1726182002","0.0055","0.0005","0.7445","0.245","0.0005","0.0005","0.0005","0.0005","0.0015","0.0005","0.0015","0.0005","0.0005","0.0005","0.0005","0.004","0.0025"
"09-13-2024 00:00","1726185602","0.0045","0.0005","0.745","0.245","0.0005","0.0005","0.0005","0.0005","0.0015","0.0005","0.0015","0.0005","0.0005","0.0005","0.0005","0.0035","0.0025"
"09-13-2024 01:00","1726189202","0.0045","0.0005","0.7445","0.24","0.0005","0.0005","0.0005","0.0005","0.0015","0.0005","0.0015","0.0005","0.0005","0.0005","0.0005","0.0035","0.0025"
"09-13-2024 02:00","1726192802","0.0045","0.0005","0.7465","0.245","0.0005","0.0005","0.0005","0.0005","0.0015","0.0005","0.0015","0.0005","0.0005","0.0005","0.0005","0.0035","0.0025"
"09-13-2024 03:00","1726196402","0.0045","0.0005","0.7475","0.245","0.0005","0.0005","0.0005","0.0005","0.0015","0.0005","0.0015","0.0005","0.0005","0.0005","0.0005","0.004","0.0025"
"09-13-2024 04:00","1726200001","0.0045","0.0005","0.7475","0.245","0.0005","0.0005","0.0005","0.0005","0.0015","0.0005","0.0015","0.0005","0.0005","0.0005","0.0005","0.004","0.0025"
"09-13-2024 05:00","1726203602","0.0045","0.0005","0.747","0.245","0.0005","0.0005","0.0005","0.0005","0.0015","0.0005","0.0015","0.0005","0.0005","0.0005","0.0005","0.0045","0.0025"
"09-13-2024 06:00","1726207201","0.0045","0.0005","0.747","0.245","0.0005","0.0005","0.0005","0.0005","0.0015","0.0005","0.0015","0.0005","0.0005","0.0005","0.0005","0.0035","0.0025"
"09-13-2024 07:00","1726210801","0.0045","0.0005","0.749","0.245","0.0005","0.0005","0.0005","0.0005","0.0015","0.0005","0.0015","0.0005","0.0005","0.0005","0.0005","0.004","0.0025"
"09-13-2024 08:00","1726214402","0.0045","0.0005","0.749","0.245","0.0005","0.0005","0.0005","0.0005","0.0015","0.0005","0.0015","0.0005","0.0005","0.0005","0.0005","0.0035","0.0025"
"09-13-2024 09:00","1726218002","0.005","0.0005","0.7515","0.235","0.0005","0.0005","0.0005","0.0005","0.0015","0.0005","0.0025","0.0005","0.0005","0.0005","0.0005","0.005","0.0025"
"09-13-2024 10:00","1726221602","0.0045","0.0005","0.753","0.235","0.0005","0.0005","0.0005","0.0005","0.0015","0.0005","0.0025","0.0005","0.0005","0.0005","0.0005","0.005","0.0025"
"09-13-2024 11:00","1726225202","0.0045","0.0005","0.7525","0.235","0.0005","0.0005","0.0005","0.0005","0.0015","0.0005","0.0025","0.0005","0.0005","0.0005","0.0005","0.0045","0.0025"
"09-13-2024 12:00","1726228802","0.0045","0.0005","0.753","0.235","0.0005","0.0005","0.0005","0.0005","0.0015","0.0005","0.0025","0.0005","0.0005","0.0005","0.0005","0.0045","0.0025"
"09-13-2024 13:00","1726232402","0.0045","0.0005","0.752","0.235","0.0005","0.0005","0.0005","0.0005","0.0015","0.0005","0.0025","0.0005","0.0005","0.0005","0.0005","0.0045","0.0025"
"09-13-2024 14:00","1726236002","0.0045","0.0005","0.7515","0.235","0.0005","0.0005","0.0005","0.0005","0.0015","0.0005","0.0025","0.0005","0.0005","0.0005","0.0005","0.0045","0.0025"
"09-13-2024 15:00","1726239602","0.0045","0.0005","0.751","0.235","0.0005","0.0005","0.0005","0.0005","0.0015","0.0005","0.0025","0.0005","0.0005","0.0005","0.0005","0.0045","0.0025"
"09-13-2024 16:00","1726243201","0.0045","0.0005","0.7515","0.235","0.0005","0.0005","0.0005","0.0005","0.0015","0.0005","0.0015","0.0005","0.0005","0.0005","0.0005","0.005","0.0025"
"09-13-2024 17:00","1726246802","0.0045","0.0005","0.7525","0.235","0.0005","0.0005","0.0005","0.0005","0.0015","0.0005","0.002","0.0005","0.0005","0.0005","0.0005","0.0045","0.0025"
"09-13-2024 18:00","1726250402","0.0045","0.0005","0.7525","0.235","0.0005","0.0005","0.0005","0.0005","0.0015","0.0005","0.002","0.0005","0.0005","0.0005","0.0005","0.0045","0.0025"
"09-13-2024 19:00","1726254002","0.0045","0.0005","0.7525","0.235","0.0005","0.0005","0.0005","0.0005","0.0015","0.0005","0.0025","0.0005","0.0005","0.0005","0.0005","0.0045","0.0025"
"09-13-2024 20:00","1726257602","0.0045","0.0005","0.7515","0.235","0.0005","0.0005","0.0005","0.0005","0.0015","0.0005","0.0025","0.0005","0.0005","0.0005","0.0005","0.0045","0.0025"
"09-13-2024 21:00","1726261202","0.0045","0.0005","0.753","0.235","0.0005","0.0005","0.0005","0.0005","0.0015","0.0005","0.0015","0.0005","0.0005","0.0005","0.0005","0.0045","0.0025"
"09-13-2024 22:00","1726264853","0.0045","0.0005","0.7525","0.235","0.0005","0.0005","0.0005","0.0005","0.0015","0.0005","0.0015","0.0005","0.0005","0.0005","0.0005","0.0035","0.0025"
"09-13-2024 23:00","1726268402","0.0045","0.0005","0.752","0.235","0.0005","0.0005","0.0005","0.0005","0.0015","0.0005","0.0015","0.0005","0.0005","0.0005","0.0005","0.0035","0.0025"
"09-14-2024 00:00","1726272002","0.0045","0.0005","0.7515","0.235","0.0005","0.0005","0.0005","0.0005","0.0015","0.0005","0.0015","0.0005","0.0005","0.0005","0.0005","0.0035","0.0025"
"09-14-2024 01:00","1726275602","0.0045","0.0005","0.7515","0.235","0.0005","0.0005","0.0005","0.0005","0.0015","0.0005","0.0015","0.0005","0.0005","0.0005","0.0005","0.0035","0.0025"
"09-14-2024 02:00","1726279202","0.0045","0.0005","0.7515","0.235","0.0005","0.0005","0.0005","0.0005","0.0015","0.0005","0.0015","0.0005","0.0005","0.0005","0.0005","0.0035","0.0025"
"09-14-2024 03:00","1726282801","0.0045","0.0005","0.7525","0.235","0.0005","0.0005","0.0005","0.0005","0.0015","0.0005","0.0015","0.0005","0.0005","0.0005","0.0005","0.0035","0.0025"
"09-14-2024 04:00","1726286402","0.0045","0.0005","0.752","0.235","0.0005","0.0005","0.0005","0.0005","0.0015","0.0005","0.0015","0.0005","0.0005","0.0005","0.0005","0.0035","0.0025"
"09-14-2024 05:00","1726290002","0.0045","0.0005","0.7525","0.235","0.0005","0.0005","0.0005","0.0005","0.0015","0.0005","0.0015","0.0005","0.0005","0.0005","0.0005","0.0045","0.0025"
"09-14-2024 06:00","1726293602","0.0045","0.0005","0.753","0.235","0.0005","0.0005","0.0005","0.0005","0.0015","0.0005","0.0015","0.0005","0.0005","0.0005","0.0005","0.0045","0.0025"
"09-14-2024 07:00","1726297202","0.0045","0.0005","0.753","0.235","0.0005","0.0005","0.0005","0.0005","0.0015","0.0005","0.0015","0.0005","0.0005","0.0005","0.0005","0.004","0.0025"
"09-14-2024 08:00","1726300802","0.0045","0.0005","0.753","0.235","0.0005","0.0005","0.0005","0.0005","0.0015","0.0005","0.0015","0.0005","0.0005","0.0005","0.0005","0.0045","0.0025"
"09-14-2024 09:00","1726304402","0.0045","0.0005","0.7525","0.235","0.0005","0.0005","0.0005","0.0005","0.0015","0.0005","0.0015","0.0005","0.0005","0.0005","0.0005","0.0045","0.0025"
"09-14-2024 10:00","1726308002","0.0045","0.0005","0.752","0.235","0.0005","0.0005","0.0005","0.0005","0.0015","0.0005","0.0025","0.0005","0.0005","0.0005","0.0005","0.0045","0.0025"
"09-14-2024 11:00","1726311602","0.0045","0.0005","0.7525","0.235","0.0005","0.0005","0.0005","0.0005","0.0015","0.0005","0.0025","0.0005","0.0005","0.0005","0.0005","0.0045","0.0025"
"09-14-2024 12:00","1726315202","0.0045","0.0005","0.754","0.235","0.0005","0.0005","0.0005","0.0005","0.0015","0.0005","0.0025","0.0005","0.0005","0.0005","0.0005","0.0045","0.0025"
"09-14-2024 13:00","1726318802","0.0045","0.0005","0.754","0.235","0.0005","0.0005","0.0005","0.0005","0.0015","0.0005","0.0025","0.0005","0.0005","0.0005","0.0005","0.0045","0.0025"
"09-14-2024 14:00","1726322402","0.0045","0.0005","0.756","0.235","0.0005","0.0005","0.0005","0.0005","0.0015","0.0005","0.0025","0.0005","0.0005","0.0005","0.0005","0.0045","0.0025"
"09-14-2024 15:00","1726326002","0.0045","0.0005","0.7555","0.235","0.0005","0.0005","0.0005","0.0005","0.0015","0.0005","0.0025","0.0005","0.0005","0.0005","0.0005","0.0045","0.0025"
"09-14-2024 16:00","1726329602","0.0045","0.0005","0.755","0.235","0.0005","0.0005","0.0005","0.0005","0.0015","0.0005","0.0015","0.0005","0.0005","0.0005","0.0005","0.0045","0.0025"
"09-14-2024 17:00","1726333202","0.0045","0.0005","0.755","0.235","0.0005","0.0005","0.0005","0.0005","0.0015","0.0005","0.0015","0.0005","0.0005","0.0005","0.0005","0.0045","0.0025"
"09-14-2024 18:00","1726336802","0.0045","0.0005","0.7555","0.235","0.0005","0.0005","0.0005","0.0005","0.0015","0.0005","0.0025","0.0005","0.0005","0.0005","0.0005","0.0045","0.0025"
"09-14-2024 19:00","1726340402","0.0045","0.0005","0.755","0.235","0.0005","0.0005","0.0005","0.0005","0.0015","0.0005","0.0025","0.0005","0.0005","0.0005","0.0005","0.0045","0.0025"
"09-14-2024 20:00","1726344002","0.0055","0.0005","0.754","0.235","0.0005","0.0005","0.0005","0.0005","0.0015","0.0005","0.0025","0.0005","0.0005","0.0005","0.0005","0.0045","0.0025"
"09-14-2024 21:00","1726347602","0.0045","0.0005","0.753","0.235","0.0005","0.0005","0.0005","0.0005","0.0015","0.0005","0.0025","0.0005","0.0005","0.0005","0.0005","0.0045","0.0025"
"09-14-2024 22:00","1726351201","0.0045","0.0005","0.7545","0.235","0.0005","0.0005","0.0005","0.0005","0.0015","0.0005","0.0025","0.0005","0.0005","0.0005","0.0005","0.0045","0.0025"
"09-14-2024 23:00","1726354802","0.0045","0.0005","0.7555","0.23","0.0005","0.0005","0.0005","0.0005","0.0015","0.0005","0.0025","0.0005","0.0005","0.0005","0.0005","0.0045","0.0025"
"09-15-2024 00:00","1726358402","0.0045","0.0005","0.7565","0.225","0.0005","0.0005","0.0005","0.0005","0.0015","0.0005","0.0025","0.0005","0.0005","0.0005","0.0005","0.0045","0.0025"
"09-15-2024 01:00","1726362002","0.0045","0.0005","0.758","0.225","0.0005","0.0005","0.0005","0.0005","0.0015","0.0005","0.0025","0.0005","0.0005","0.0005","0.0005","0.0055","0.0025"
"09-15-2024 02:00","1726365602","0.0045","0.0005","0.755","0.235","0.0005","0.0005","0.0005","0.0005","0.0015","0.0005","0.0025","0.0005","0.0005","0.0005","0.0005","0.005","0.0025"
"09-15-2024 03:00","1726369202","0.0045","0.0005","0.7575","0.235","0.0005","0.0005","0.0005","0.0005","0.0015","0.0005","0.0025","0.0005","0.0005","0.0005","0.0005","0.005","0.0025"
"09-15-2024 04:00","1726372802","0.0045","0.0005","0.7575","0.235","0.0005","0.0005","0.0005","0.0005","0.0015","0.0005","0.0025","0.0005","0.0005","0.0005","0.0005","0.005","0.0025"
"09-15-2024 05:00","1726376402","0.0045","0.0005","0.757","0.235","0.0005","0.0005","0.0005","0.0005","0.0015","0.0005","0.0025","0.0005","0.0005","0.0005","0.0005","0.005","0.0025"
"09-15-2024 06:00","1726380002","0.0045","0.0005","0.7585","0.235","0.0005","0.0005","0.0005","0.0005","0.0015","0.0005","0.002","0.0005","0.0005","0.0005","0.0005","0.0045","0.0025"
"09-15-2024 07:00","1726383602","0.0045","0.0005","0.7595","0.225","0.0005","0.0005","0.0005","0.0005","0.0015","0.0005","0.0015","0.0005","0.0005","0.0005","0.0005","0.0035","0.0025"
"09-15-2024 08:00","1726387202","0.0045","0.0005","0.7625","0.225","0.0005","0.0005","0.0005","0.0005","0.0015","0.0005","0.0015","0.0005","0.0005","0.0005","0.0005","0.0035","0.0025"
"09-15-2024 09:00","1726390802","0.0045","0.0005","0.7595","0.235","0.0005","0.0005","0.0005","0.0005","0.0015","0.0005","0.0015","0.0005","0.0005","0.0005","0.0005","0.0035","0.0025"
"09-15-2024 10:00","1726394402","0.0045","0.0005","0.759","0.235","0.0005","0.0005","0.0005","0.0005","0.0015","0.0005","0.0015","0.0005","0.0005","0.0005","0.0005","0.0035","0.0025"
"09-15-2024 11:00","1726398002","0.0045","0.0005","0.7595","0.235","0.0005","0.0005","0.0005","0.0005","0.0015","0.0005","0.0015","0.0005","0.0005","0.0005","0.0005","0.0035","0.0025"
"09-15-2024 12:00","1726401602","0.0045","0.0005","0.76","0.235","0.0005","0.0005","0.0005","0.0005","0.0015","0.0005","0.0015","0.0005","0.0005","0.0005","0.0005","0.0035","0.0025"
"09-15-2024 13:00","1726405202","0.0045","0.0005","0.7595","0.235","0.0005","0.0005","0.0005","0.0005","0.0015","0.0005","0.0015","0.0005","0.0005","0.0005","0.0005","0.0035","0.0025"
"09-15-2024 14:00","1726408802","0.0045","0.0005","0.758","0.235","0.0005","0.0005","0.0005","0.0005","0.0015","0.0005","0.0015","0.0005","0.0005","0.0005","0.0005","0.004","0.0025"
"09-15-2024 15:00","1726412402","0.0045","0.0005","0.7525","0.235","0.0005","0.0005","0.0005","0.0005","0.0015","0.0005","0.0015","0.0005","0.0005","0.0005","0.0005","0.0045","0.0025"
"09-15-2024 16:00","1726416002","0.0045","0.0005","0.754","0.235","0.0005","0.0005","0.0005","0.0005","0.0015","0.0005","0.0015","0.0005","0.0005","0.0005","0.0005","0.0045","0.0025"
"09-15-2024 17:00","1726419602","0.0045","0.0005","0.753","0.235","0.0005","0.0005","0.0005","0.0005","0.0015","0.0005","0.0015","0.0005","0.0005","0.0005","0.0005","0.0045","0.0025"
"09-15-2024 18:00","1726423202","0.0045","0.0005","0.756","0.235","0.0005","0.0005","0.0005","0.0005","0.0015","0.0005","0.0015","0.0005","0.0005","0.0005","0.0005","0.0035","0.0025"
"09-15-2024 19:00","1726426802","0.0045","0.0005","0.757","0.235","0.0005","0.0005","0.0005","0.0005","0.0015","0.0005","0.0015","0.0005","0.0005","0.0005","0.0005","0.0035","0.0025"
"09-15-2024 20:00","1726430402","0.0045","0.0005","0.753","0.235","0.0005","0.0005","0.0005","0.0005","0.0015","0.0005","0.0015","0.0005","0.0005","0.0005","0.0005","0.0035","0.0025"
"09-15-2024 21:00","1726434002","0.0045","0.0005","0.7525","0.235","0.0005","0.0005","0.0005","0.0005","0.0015","0.0005","0.0015","0.0005","0.0005","0.0005","0.0005","0.0035","0.0025"
"09-15-2024 22:00","1726437602","0.0045","0.0005","0.751","0.235","0.0005","0.0005","0.0005","0.0005","0.0015","0.0005","0.0015","0.0005","0.0005","0.0005","0.0005","0.0035","0.0025"
"09-15-2024 23:00","1726441202","0.0035","0.0005","0.75","0.24","0.0005","0.0005","0.0005","0.0005","0.0015","0.0005","0.0015","0.0005","0.0005","0.0005","0.0005","0.0035","0.0025"
"09-16-2024 00:00","1726444802","0.0035","0.0005","0.7505","0.245","0.0005","0.0005","0.0005","0.0005","0.0015","0.0005","0.0015","0.0005","0.0005","0.0005","0.0005","0.0035","0.0025"
"09-16-2024 01:00","1726448402","0.0035","0.0005","0.7515","0.24","0.0005","0.0005","0.0005","0.0005","0.0015","0.0005","0.0015","0.0005","0.0005","0.0005","0.0005","0.0035","0.0025"
"09-16-2024 02:00","1726452002","0.0035","0.0005","0.752","0.24","0.0005","0.0005","0.0005","0.0005","0.0015","0.0005","0.0015","0.0005","0.0005","0.0005","0.0005","0.0035","0.0025"
"09-16-2024 03:00","1726455602","0.0035","0.0005","0.7515","0.24","0.0005","0.0005","0.0005","0.0005","0.0015","0.0005","0.0015","0.0005","0.0005","0.0005","0.0005","0.0035","0.0025"
"09-16-2024 04:00","1726459202","0.0035","0.0005","0.7495","0.24","0.0005","0.0005","0.0005","0.0005","0.0015","0.0005","0.0015","0.0005","0.0005","0.0005","0.0005","0.0035","0.0025"
"09-16-2024 05:00","1726462802","0.0035","0.0005","0.7555","0.235","0.0005","0.0005","0.0005","0.0005","0.0015","0.0005","0.0015","0.0005","0.0005","0.0005","0.0005","0.0035","0.0025"
"09-16-2024 06:00","1726466402","0.0035","0.0005","0.758","0.235","0.0005","0.0005","0.0005","0.0005","0.0015","0.0005","0.0015","0.0005","0.0005","0.0005","0.0005","0.0035","0.0025"
"09-16-2024 07:00","1726470002","0.004","0.0005","0.7585","0.235","0.0005","0.0005","0.0005","0.0005","0.0015","0.0005","0.0015","0.0005","0.0005","0.0005","0.0005","0.0035","0.0025"
"09-16-2024 08:00","1726473602","0.0045","0.0005","0.753","0.235","0.0005","0.0005","0.0005","0.0005","0.0015","0.0005","0.0015","0.0005","0.0005","0.0005","0.0005","0.0035","0.0025"
"09-16-2024 09:00","1726477202","0.0045","0.0005","0.755","0.235","0.0005","0.0005","0.0005","0.0005","0.0015","0.0005","0.0015","0.0005","0.0005","0.0005","0.0005","0.0035","0.0025"
"09-16-2024 10:00","1726480802","0.0045","0.0005","0.754","0.235","0.0005","0.0005","0.0005","0.0005","0.0015","0.0005","0.0015","0.0005","0.0005","0.0005","0.0005","0.0035","0.0025"
"09-16-2024 11:00","1726484402","0.0045","0.0005","0.7525","0.235","0.0005","0.0005","0.0005","0.0005","0.0015","0.0005","0.0015","0.0005","0.0005","0.0005","0.0005","0.0035","0.0025"
"09-16-2024 12:00","1726488002","0.0045","0.0005","0.748","0.235","0.0005","0.0005","0.0005","0.0005","0.0015","0.0005","0.0015","0.0005","0.0005","0.0005","0.0005","0.0035","0.0025"
"09-16-2024 13:00","1726491602","0.0045","0.0005","0.7475","0.235","0.0005","0.0005","0.0005","0.0005","0.0015","0.0005","0.0015","0.0005","0.0005","0.0005","0.0005","0.0035","0.0025"
"09-16-2024 14:00","1726495202","0.0045","0.0005","0.7465","0.235","0.0005","0.0005","0.0005","0.0005","0.0015","0.0005","0.0015","0.0005","0.0005","0.0005","0.0005","0.0035","0.0025"
"09-16-2024 15:00","1726498802","0.005","0.0005","0.7515","0.235","0.0005","0.0005","0.0005","0.0005","0.0015","0.0005","0.0015","0.0005","0.0005","0.0005","0.0005","0.0035","0.003"
"09-16-2024 16:00","1726502402","0.0045","0.0005","0.752","0.235","0.0005","0.0005","0.0005","0.0005","0.0015","0.0005","0.0015","0.0005","0.0005","0.0005","0.0005","0.0035","0.0025"
"09-16-2024 17:00","1726506002","0.0045","0.0005","0.754","0.235","0.0005","0.0005","0.0005","0.0005","0.0015","0.0005","0.0015","0.0005","0.0005","0.0005","0.0005","0.0035","0.0025"
"09-16-2024 18:00","1726509602","0.0045","0.0005","0.747","0.235","0.0005","0.0005","0.0005","0.0005","0.0015","0.0005","0.0015","0.0005","0.0005","0.0005","0.0005","0.0035","0.0025"
"09-16-2024 19:00","1726513201","0.0045","0.0005","0.7485","0.235","0.0005","0.0005","0.0005","0.0005","0.0015","0.0005","0.0015","0.0005","0.0005","0.0005","0.0005","0.0035","0.0025"
"09-16-2024 20:00","1726516801","0.0045","0.0005","0.747","0.235","0.0005","0.0005","0.0005","0.0005","0.0015","0.0005","0.0015","0.0005","0.0005","0.0005","0.0005","0.0035","0.0025"
"09-16-2024 21:00","1726520402","0.0045","0.0005","0.7505","0.235","0.0005","0.0005","0.0005","0.0005","0.0015","0.0005","0.0015","0.0005","0.0005","0.0005","0.0005","0.0035","0.0025"
"09-16-2024 22:00","1726524002","0.0045","0.0005","0.7505","0.235","0.0005","0.0005","0.0005","0.0005","0.0015","0.0005","0.0015","0.0005","0.0005","0.0005","0.0005","0.0035","0.0025"
"09-16-2024 23:00","1726527602","0.0045","0.0005","0.7505","0.235","0.0005","0.0005","0.0005","0.0005","0.0015","0.0005","0.0015","0.0005","0.0005","0.0005","0.0005","0.0035","0.0025"
"09-17-2024 00:00","1726531202","0.0045","0.0005","0.7505","0.235","0.0005","0.0005","0.0005","0.0005","0.0015","0.0005","0.0015","0.0005","0.0005","0.0005","0.0005","0.0035","0.0025"
"09-17-2024 01:00","1726534801","0.0045","0.0005","0.7495","0.235","0.0005","0.0005","0.0005","0.0005","0.0015","0.0005","0.0015","0.0005","0.0005","0.0005","0.0005","0.0035","0.0025"
"09-17-2024 02:00","1726538402","0.0045","0.0005","0.7495","0.235","0.0005","0.0005","0.0005","0.0005","0.0015","0.0005","0.0015","0.0005","0.0005","0.0005","0.0005","0.0035","0.0025"
"09-17-2024 03:00","1726542002","0.0045","0.0005","0.75","0.235","0.0005","0.0005","0.0005","0.0005","0.0015","0.0005","0.0015","0.0005","0.0005","0.0005","0.0005","0.0035","0.0025"
"09-17-2024 04:00","1726545602","0.0045","0.0005","0.7495","0.235","0.0005","0.0005","0.0005","0.0005","0.0015","0.0005","0.0015","0.0005","0.0005","0.0005","0.0005","0.0035","0.0025"
"09-17-2024 05:00","1726549202","0.0045","0.0005","0.7495","0.235","0.0005","0.0005","0.0005","0.0005","0.0015","0.0005","0.0015","0.0005","0.0005","0.0005","0.0005","0.0035","0.0025"
"09-17-2024 06:00","1726552802","0.0045","0.0005","0.751","0.235","0.0005","0.0005","0.0005","0.0005","0.0015","0.0005","0.0015","0.0005","0.0005","0.0005","0.0005","0.0035","0.0025"
"09-17-2024 07:00","1726556402","0.0045","0.0005","0.7555","0.235","0.0005","0.0005","0.0005","0.0005","0.0015","0.0005","0.0015","0.0005","0.0005","0.0005","0.0005","0.0035","0.0025"
"09-17-2024 08:00","1726560002","0.0045","0.0005","0.753","0.235","0.0005","0.0005","0.0005","0.0005","0.0015","0.0005","0.0015","0.0005","0.0005","0.0005","0.0005","0.0035","0.0025"
"09-17-2024 09:00","1726563602","0.0045","0.0005","0.7515","0.235","0.0005","0.0005","0.0005","0.0005","0.0015","0.0005","0.0015","0.0005","0.0005","0.0005","0.0005","0.0035","0.0025"
"09-17-2024 10:00","1726567202","0.0045","0.0005","0.7515","0.235","0.0005","0.0005","0.0005","0.0005","0.0015","0.0005","0.0015","0.0005","0.0005","0.0005","0.0005","0.0035","0.0025"
"09-17-2024 11:00","1726570802","0.0045","0.0005","0.753","0.235","0.0005","0.0005","0.0005","0.0005","0.0015","0.0005","0.0015","0.0005","0.0005","0.0005","0.0005","0.0035","0.0025"
"09-17-2024 12:00","1726574402","0.0045","0.0005","0.7545","0.235","0.0005","0.0005","0.0005","0.0005","0.0015","0.0005","0.0015","0.0005","0.0005","0.0005","0.0005","0.0035","0.0025"
"09-17-2024 13:00","1726578002","0.0045","0.0005","0.753","0.235","0.0005","0.0005","0.0005","0.0005","0.0015","0.0005","0.0015","0.0005","0.0005","0.0005","0.0005","0.0035","0.0025"
"09-17-2024 14:00","1726581602","0.0045","0.0005","0.7495","0.235","0.0005","0.0005","0.0005","0.0005","0.0015","0.0005","0.0015","0.0005","0.0005","0.0005","0.0005","0.0035","0.0025"
"09-17-2024 15:00","1726585202","0.0045","0.0005","0.749","0.235","0.0005","0.0005","0.0005","0.0005","0.0015","0.0005","0.0015","0.0005","0.0005","0.0005","0.0005","0.0035","0.0025"
"09-17-2024 16:00","1726588803","0.0045","0.0005","0.749","0.235","0.0005","0.0005","0.0005","0.0005","0.0015","0.0005","0.0015","0.0005","0.0005","0.0005","0.0005","0.0035","0.0025"
"09-17-2024 17:00","1726592402","0.0045","0.0005","0.7515","0.225","0.0005","0.0005","0.0005","0.0005","0.0015","0.0005","0.0015","0.0005","0.0005","0.0005","0.0005","0.0035","0.0025"
"09-17-2024 18:00","1726596002","0.004","0.0005","0.755","0.225","0.0005","0.0005","0.0005","0.0005","0.0015","0.0005","0.0015","0.0005","0.0005","0.0005","0.0005","0.0035","0.0025"
"09-17-2024 19:00","1726599603","0.004","0.0005","0.756","0.23","0.0005","0.0005","0.0005","0.0005","0.0015","0.0005","0.0015","0.0005","0.0005","0.0005","0.0005","0.0035","0.0025"
"09-17-2024 20:00","1726603202","0.0035","0.0005","0.7585","0.225","0.0005","0.0005","0.0005","0.0005","0.0015","0.0005","0.0015","0.0005","0.0005","0.0005","0.0005","0.0035","0.0025"
"09-17-2024 21:00","1726606802","0.0035","0.0005","0.766","0.225","0.0005","0.0005","0.0005","0.0005","0.0015","0.0005","0.0015","0.0005","0.0005","0.0005","0.0005","0.0035","0.0025"
"09-17-2024 22:00","1726610402","0.0035","0.0005","0.766","0.225","0.0005","0.0005","0.0005","0.0005","0.0015","0.0005","0.0015","0.0005","0.0005","0.0005","0.0005","0.004","0.0025"
"09-17-2024 23:00","1726614002","0.004","0.0005","0.766","0.225","0.0005","0.0005","0.0005","0.0005","0.0015","0.0005","0.0015","0.0005","0.0005","0.0005","0.0005","0.0035","0.0025"
"09-18-2024 00:00","1726617602","0.004","0.0005","0.7695","0.225","0.0005","0.0005","0.0005","0.0005","0.0015","0.0005","0.0015","0.0005","0.0005","0.0005","0.0005","0.0035","0.0025"
"09-18-2024 01:00","1726621202","0.004","0.0005","0.7695","0.225","0.0005","0.0005","0.0005","0.0005","0.0015","0.0005","0.0015","0.0005","0.0005","0.0005","0.0005","0.0035","0.0025"
"09-18-2024 02:00","1726624802","0.004","0.0005","0.7675","0.225","0.0005","0.0005","0.0005","0.0005","0.0015","0.0005","0.0015","0.0005","0.0005","0.0005","0.0005","0.0035","0.0025"
"09-18-2024 03:00","1726628402","0.004","0.0005","0.767","0.225","0.0005","0.0005","0.0005","0.0005","0.0015","0.0005","0.0015","0.0005","0.0005","0.0005","0.0005","0.0035","0.0025"
"09-18-2024 04:00","1726632002","0.004","0.0005","0.7665","0.225","0.0005","0.0005","0.0005","0.0005","0.0015","0.0005","0.0015","0.0005","0.0005","0.0005","0.0005","0.0035","0.0025"
"09-18-2024 05:00","1726635602","0.004","0.0005","0.7655","0.225","0.0005","0.0005","0.0005","0.0005","0.0015","0.0005","0.0015","0.0005","0.0005","0.0005","0.0005","0.0035","0.0025"
"09-18-2024 06:00","1726639202","0.004","0.0005","0.767","0.225","0.0005","0.0005","0.0005","0.0005","0.0015","0.0005","0.0015","0.0005","0.0005","0.0005","0.0005","0.0035","0.0025"
"09-18-2024 07:00","1726642802","0.004","0.0005","0.7665","0.225","0.0005","0.0005","0.0005","0.0005","0.0015","0.0005","0.0015","0.0005","0.0005","0.0005","0.0005","0.0035","0.0025"
"09-18-2024 08:00","1726646402","0.0045","0.0005","0.7665","0.225","0.0005","0.0005","0.0005","0.0005","0.0015","0.0005","0.0015","0.0005","0.0005","0.0005","0.0005","0.0035","0.0025"
"09-18-2024 09:00","1726650002","0.0045","0.0005","0.767","0.225","0.0005","0.0005","0.0005","0.0005","0.0015","0.0005","0.0015","0.0005","0.0005","0.0005","0.0005","0.0035","0.0025"
"09-18-2024 10:00","1726653602","0.0045","0.0005","0.766","0.225","0.0005","0.0005","0.0005","0.0005","0.0015","0.0005","0.0015","0.0005","0.0005","0.0005","0.0005","0.0035","0.0025"
"09-18-2024 11:00","1726657202","0.0045","0.0005","0.7655","0.225","0.0005","0.0005","0.0005","0.0005","0.0015","0.0005","0.0015","0.0005","0.0005","0.0005","0.0005","0.0035","0.0025"
"09-18-2024 12:00","1726660802","0.0045","0.0005","0.768","0.225","0.0005","0.0005","0.0005","0.0005","0.0015","0.0005","0.0015","0.0005","0.0005","0.0005","0.0005","0.0035","0.0025"
"09-18-2024 13:00","1726664402","0.0045","0.0005","0.7685","0.225","0.0005","0.0005","0.0005","0.0005","0.0015","0.0005","0.0015","0.0005","0.0005","0.0005","0.0005","0.0035","0.0025"
"09-18-2024 14:00","1726668002","0.0045","0.0005","0.7685","0.225","0.0005","0.0005","0.0005","0.0005","0.0015","0.0005","0.0015","0.0005","0.0005","0.0005","0.0005","0.0035","0.0025"
"09-18-2024 15:00","1726671602","0.0045","0.0005","0.7655","0.225","0.0005","0.0005","0.0005","0.0005","0.0015","0.0005","0.0015","0.0005","0.0005","0.0005","0.0005","0.0035","0.0025"
"09-18-2024 16:00","1726675202","0.0045","0.0005","0.7665","0.225","0.0005","0.0005","0.0005","0.0005","0.0015","0.0005","0.0015","0.0005","0.0005","0.0005","0.0005","0.0035","0.0025"
"09-18-2024 17:00","1726678802","0.0045","0.0005","0.767","0.225","0.0005","0.0005","0.0005","0.0005","0.0015","0.0005","0.0015","0.0005","0.0005","0.0005","0.0005","0.0035","0.0025"
"09-18-2024 18:00","1726682402","0.0045","0.0005","0.765","0.215","0.0005","0.0005","0.0005","0.0005","0.0015","0.0005","0.0015","0.0005","0.0005","0.0005","0.0005","0.0035","0.0025"
"09-18-2024 19:00","1726686002","0.0045","0.0005","0.7645","0.215","0.0005","0.0005","0.0005","0.0005","0.0015","0.0005","0.0015","0.0005","0.0005","0.0005","0.0005","0.0035","0.0025"
"09-18-2024 20:00","1726689602","0.0045","0.0005","0.7665","0.215","0.0005","0.0005","0.0005","0.0005","0.0015","0.0005","0.0015","0.0005","0.0005","0.0005","0.0005","0.0035","0.0025"
"09-18-2024 21:00","1726693202","0.0045","0.0005","0.766","0.215","0.0005","0.0005","0.0005","0.0005","0.0015","0.0005","0.0015","0.0005","0.0005","0.0005","0.0005","0.0035","0.0025"
"09-18-2024 22:00","1726696802","0.0045","0.0005","0.768","0.215","0.0005","0.0005","0.0005","0.0005","0.0015","0.0005","0.0015","0.0005","0.0005","0.0005","0.0005","0.0035","0.0025"
"09-18-2024 23:00","1726700402","0.0045","0.0005","0.7685","0.215","0.0005","0.0005","0.0005","0.0005","0.0015","0.0005","0.0015","0.0005","0.0005","0.0005","0.0005","0.0035","0.0025"
"09-19-2024 00:00","1726704001","0.0045","0.0005","0.7695","0.215","0.0005","0.0005","0.0005","0.0005","0.0015","0.0005","0.0015","0.0005","0.0005","0.0005","0.0005","0.0035","0.0025"
"09-19-2024 01:00","1726707602","0.0045","0.0005","0.768","0.215","0.0005","0.0005","0.0005","0.0005","0.0015","0.0005","0.0015","0.0005","0.0005","0.0005","0.0005","0.0035","0.0025"
"09-19-2024 02:00","1726711202","0.0045","0.0005","0.7695","0.215","0.0005","0.0005","0.0005","0.0005","0.0015","0.0005","0.0015","0.0005","0.0005","0.0005","0.0005","0.0035","0.0025"
"09-19-2024 03:00","1726714802","0.0045","0.0005","0.7695","0.215","0.0005","0.0005","0.0005","0.0005","0.0015","0.0005","0.0015","0.0005","0.0005","0.0005","0.0005","0.0035","0.0025"
"09-19-2024 04:00","1726718402","0.0045","0.0005","0.7695","0.215","0.0005","0.0005","0.0005","0.0005","0.0015","0.0005","0.0015","0.0005","0.0005","0.0005","0.0005","0.0035","0.0025"
"09-19-2024 05:00","1726722002","0.0045","0.0005","0.7695","0.215","0.0005","0.0005","0.0005","0.0005","0.0015","0.0005","0.0015","0.0005","0.0005","0.0005","0.0005","0.0035","0.0035"
"09-19-2024 06:00","1726725602","0.0045","0.0005","0.7695","0.215","0.0005","0.0005","0.0005","0.0005","0.0015","0.0005","0.0015","0.0005","0.0005","0.0005","0.0005","0.0035","0.0035"
"09-19-2024 07:00","1726729202","0.0045","0.0005","0.7695","0.215","0.0005","0.0005","0.0005","0.0005","0.0015","0.0005","0.0015","0.0005","0.0005","0.0005","0.0005","0.0035","0.0035"
"09-19-2024 08:00","1726732802","0.0045","0.0005","0.7695","0.215","0.0005","0.0005","0.0005","0.0005","0.0015","0.0005","0.0015","0.0005","0.0005","0.0005","0.0005","0.0035","0.0035"
"09-19-2024 09:00","1726736403","0.0045","0.0005","0.769","0.215","0.0005","0.0005","0.0005","0.0005","0.0015","0.0005","0.0015","0.0005","0.0005","0.0005","0.0005","0.0035","0.0035"
"09-19-2024 10:00","1726740002","0.0045","0.0005","0.769","0.215","0.0005","0.0005","0.0005","0.0005","0.0015","0.0005","0.0015","0.0005","0.0005","0.0005","0.0005","0.0035","0.0035"
"09-19-2024 11:00","1726743602","0.0045","0.0005","0.769","0.215","0.0005","0.0005","0.0005","0.0005","0.0015","0.0005","0.0015","0.0005","0.0005","0.0005","0.0005","0.0035","0.0035"
"09-19-2024 12:00","1726747202","0.0045","0.0005","0.769","0.215","0.0005","0.0005","0.0005","0.0005","0.0015","0.0005","0.0015","0.0005","0.0005","0.0005","0.0005","0.0035","0.0035"
"09-19-2024 13:00","1726750802","0.0045","0.0005","0.7675","0.215","0.0005","0.0005","0.0005","0.0005","0.0015","0.0005","0.0015","0.0005","0.0005","0.0005","0.0005","0.0035","0.0035"
"09-19-2024 14:00","1726754403","0.0045","0.0005","0.768","0.215","0.0005","0.0005","0.0005","0.0005","0.0015","0.0005","0.0015","0.0005","0.0005","0.0005","0.0005","0.0035","0.0035"
"09-19-2024 15:00","1726758002","0.0045","0.0005","0.7685","0.215","0.0005","0.0005","0.0005","0.0005","0.0015","0.0005","0.0015","0.0005","0.0005","0.0005","0.0005","0.0035","0.0035"
"09-19-2024 16:00","1726761602","0.0045","0.0005","0.768","0.215","0.0005","0.0005","0.0005","0.0005","0.0015","0.0005","0.0015","0.0005","0.0005","0.0005","0.0005","0.0035","0.0035"
"09-19-2024 17:00","1726765202","0.0045","0.0005","0.7675","0.215","0.0005","0.0005","0.0005","0.0005","0.0015","0.0005","0.0015","0.0005","0.0005","0.0005","0.0005","0.0035","0.0035"
"09-19-2024 18:00","1726768802","0.0045","0.0005","0.767","0.215","0.0005","0.0005","0.0005","0.0005","0.0015","0.0005","0.0015","0.0005","0.0005","0.0005","0.0005","0.0035","0.0035"
"09-19-2024 19:00","1726772402","0.0045","0.0005","0.768","0.215","0.0005","0.0005","0.0005","0.0005","0.0015","0.0005","0.0015","0.0005","0.0005","0.0005","0.0005","0.0035","0.0035"
"09-19-2024 20:00","1726776002","0.0045","0.0005","0.769","0.215","0.0005","0.0005","0.0005","0.0005","0.0015","0.0005","0.0015","0.0005","0.0005","0.0005","0.0005","0.0035","0.0035"
"09-19-2024 21:00","1726779602","0.0045","0.0005","0.769","0.215","0.0005","0.0005","0.0005","0.0005","0.0015","0.0005","0.0015","0.0005","0.0005","0.0005","0.0005","0.0035","0.0035"
"09-19-2024 22:00","1726783202","0.0045","0.0005","0.769","0.215","0.0005","0.0005","0.0005","0.0005","0.0015","0.0005","0.0015","0.0005","0.0005","0.0005","0.0005","0.0035","0.0035"
"09-19-2024 23:00","1726786803","0.0045","0.0005","0.7685","0.215","0.0005","0.0005","0.0005","0.0005","0.0015","0.0005","0.0015","0.0005","0.0005","0.0005","0.0005","0.0035","0.0035"
"09-20-2024 00:00","1726790402","0.0045","0.0005","0.769","0.215","0.0005","0.0005","0.0005","0.0005","0.0015","0.0005","0.0015","0.0005","0.0005","0.0005","0.0005","0.0035","0.0035"
"09-20-2024 01:00","1726794002","0.0045","0.0005","0.7695","0.215","0.0005","0.0005","0.0005","0.0005","0.0015","0.0005","0.0015","0.0005","0.0005","0.0005","0.0005","0.0035","0.0035"
"09-20-2024 02:00","1726797602","0.0045","0.0005","0.7695","0.215","0.0005","0.0005","0.0005","0.0005","0.0015","0.0005","0.0015","0.0005","0.0005","0.0005","0.0005","0.0035","0.0035"
"09-20-2024 03:00","1726801203","0.0045","0.0005","0.768","0.215","0.0005","0.0005","0.0005","0.0005","0.0015","0.0005","0.0015","0.0005","0.0005","0.0005","0.0005","0.0035","0.0035"
"09-20-2024 04:00","1726804802","0.0045","0.0005","0.7685","0.215","0.0005","0.0005","0.0005","0.0005","0.0015","0.0005","0.0015","0.0005","0.0005","0.0005","0.0005","0.0035","0.0035"
"09-20-2024 05:00","1726808402","0.0045","0.0005","0.7665","0.225","0.0005","0.0005","0.0005","0.0005","0.0015","0.0005","0.0015","0.0005","0.0005","0.0005","0.0005","0.0035","0.0035"
"09-20-2024 06:00","1726812002","0.0045","0.0005","0.7665","0.225","0.0005","0.0005","0.0005","0.0005","0.0015","0.0005","0.0015","0.0005","0.0005","0.0005","0.0005","0.0035","0.0035"
"09-20-2024 07:00","1726815603","0.0045","0.0005","0.767","0.225","0.0005","0.0005","0.0005","0.0005","0.0015","0.0005","0.0015","0.0005","0.0005","0.0005","0.0005","0.0035","0.0035"
"09-20-2024 08:00","1726819202","0.0045","0.0005","0.768","0.225","0.0005","0.0005","0.0005","0.0005","0.0015","0.0005","0.0015","0.0005","0.0005","0.0005","0.0005","0.0035","0.0035"
"09-20-2024 09:00","1726822803","0.0045","0.0005","0.7685","0.225","0.0005","0.0005","0.0005","0.0005","0.0015","0.0005","0.0015","0.0005","0.0005","0.0005","0.0005","0.0035","0.0035"
"09-20-2024 10:00","1726826402","0.0045","0.0005","0.769","0.225","0.0005","0.0005","0.0005","0.0005","0.0015","0.0005","0.0015","0.0005","0.0005","0.0005","0.0005","0.0035","0.0035"
"09-20-2024 11:00","1726830002","0.0045","0.0005","0.768","0.225","0.0005","0.0005","0.0005","0.0005","0.0015","0.0005","0.0015","0.0005","0.0005","0.0005","0.0005","0.0035","0.0035"
"09-20-2024 12:00","1726833602","0.0045","0.0005","0.768","0.225","0.0005","0.0005","0.0005","0.0005","0.0015","0.0005","0.0015","0.0005","0.0005","0.0005","0.0005","0.0035","0.0035"
"09-20-2024 13:00","1726837202","0.0045","0.0005","0.7685","0.225","0.0005","0.0005","0.0005","0.0005","0.0015","0.0005","0.0015","0.0005","0.0005","0.0005","0.0005","0.0035","0.0035"
"09-20-2024 14:00","1726840802","0.0045","0.0005","0.7685","0.225","0.0005","0.0005","0.0005","0.0005","0.0015","0.0005","0.0015","0.0005","0.0005","0.0005","0.0005","0.0035","0.0035"
"09-20-2024 15:00","1726844402","0.0045","0.0005","0.7675","0.225","0.0005","0.0005","0.0005","0.0005","0.0015","0.0005","0.0015","0.0005","0.0005","0.0005","0.0005","0.004","0.0035"
"09-20-2024 16:00","1726848002","0.0045","0.0005","0.768","0.225","0.0005","0.0005","0.0005","0.0005","0.0015","0.0005","0.0015","0.0005","0.0005","0.0005","0.0005","0.0035","0.0035"
"09-20-2024 17:00","1726851602","0.0045","0.0005","0.767","0.225","0.0005","0.0005","0.0005","0.0005","0.0015","0.0005","0.0015","0.0005","0.0005","0.0005","0.0005","0.004","0.0035"
"09-20-2024 18:00","1726855202","0.0045","0.0005","0.7655","0.225","0.0005","0.0005","0.0005","0.0005","0.0015","0.0005","0.0015","0.0005","0.0005","0.0005","0.0005","0.0035","0.0035"
"09-20-2024 19:00","1726858802","0.0045","0.0005","0.7665","0.225","0.0005","0.0005","0.0005","0.0005","0.0015","0.0005","0.0015","0.0005","0.0005","0.0005","0.0005","0.0035","0.0035"
"09-20-2024 20:00","1726862402","0.0045","0.0005","0.766","0.225","0.0005","0.0005","0.0005","0.0005","0.0015","0.0005","0.0015","0.0005","0.0005","0.0005","0.0005","0.0035","0.0035"
"09-20-2024 21:00","1726866002","0.0045","0.0005","0.766","0.225","0.0005","0.0005","0.0005","0.0005","0.0015","0.0005","0.0015","0.0005","0.0005","0.0005","0.0005","0.0045","0.0035"
"09-20-2024 22:00","1726869602","0.0045","0.0005","0.7655","0.225","0.0005","0.0005","0.0005","0.0005","0.0015","0.0005","0.0015","0.0005","0.0005","0.0005","0.0005","0.0035","0.0035"
"09-20-2024 23:00","1726873202","0.0045","0.0005","0.7665","0.225","0.0005","0.0005","0.0005","0.0005","0.0015","0.0005","0.0015","0.0005","0.0005","0.0005","0.0005","0.004","0.0035"
"09-21-2024 00:00","1726876802","0.0045","0.0005","0.767","0.225","0.0005","0.0005","0.0005","0.0005","0.0015","0.0005","0.0015","0.0005","0.0005","0.0005","0.0005","0.004","0.0035"
"09-21-2024 01:00","1726880402","0.0045","0.0005","0.7675","0.225","0.0005","0.0005","0.0005","0.0005","0.0015","0.0005","0.0015","0.0005","0.0005","0.0005","0.0005","0.004","0.0035"
"09-21-2024 02:00","1726884002","0.0045","0.0005","0.768","0.225","0.0005","0.0005","0.0005","0.0005","0.0015","0.0005","0.0015","0.0005","0.0005","0.0005","0.0005","0.004","0.0035"
"09-21-2024 03:00","1726887602","0.0045","0.0005","0.7675","0.225","0.0005","0.0005","0.0005","0.0005","0.0015","0.0005","0.0015","0.0005","0.0005","0.0005","0.0005","0.0045","0.0035"
"09-21-2024 04:00","1726891202","0.0045","0.0005","0.769","0.225","0.0005","0.0005","0.0005","0.0005","0.0015","0.0005","0.0015","0.0005","0.0005","0.0005","0.0005","0.0045","0.0035"
"09-21-2024 05:00","1726894802","0.0045","0.0005","0.7675","0.225","0.0005","0.0005","0.0005","0.0005","0.0015","0.0005","0.0015","0.0005","0.0005","0.0005","0.0005","0.0045","0.0035"
"09-21-2024 06:00","1726898402","0.0045","0.0005","0.7685","0.225","0.0005","0.0005","0.0005","0.0005","0.0015","0.0005","0.0015","0.0005","0.0005","0.0005","0.0005","0.0045","0.0035"
"09-21-2024 07:00","1726902002","0.0045","0.0005","0.7675","0.225","0.0005","0.0005","0.0005","0.0005","0.0015","0.0005","0.0015","0.0005","0.0005","0.0005","0.0005","0.0045","0.0035"
"09-21-2024 08:00","1726905602","0.0045","0.0005","0.7675","0.225","0.0005","0.0005","0.0005","0.0005","0.0015","0.0005","0.002","0.0005","0.0005","0.0005","0.0005","0.0045","0.0035"
"09-21-2024 09:00","1726909202","0.0045","0.0005","0.769","0.225","0.0005","0.0005","0.0005","0.0005","0.0015","0.0005","0.002","0.0005","0.0005","0.0005","0.0005","0.0045","0.0035"
"09-21-2024 10:00","1726912802","0.0045","0.0005","0.7685","0.225","0.0005","0.0005","0.0005","0.0005","0.0015","0.0005","0.002","0.0005","0.0005","0.0005","0.0005","0.0045","0.0035"
"09-21-2024 11:00","1726916402","0.0045","0.0005","0.7685","0.225","0.0005","0.0005","0.0005","0.0005","0.0015","0.0005","0.002","0.0005","0.0005","0.0005","0.0005","0.0045","0.0035"
"09-21-2024 12:00","1726920002","0.0045","0.0005","0.7675","0.225","0.0005","0.0005","0.0005","0.0005","0.0015","0.0005","0.002","0.0005","0.0005","0.0005","0.0005","0.0045","0.0035"
"09-21-2024 13:00","1726923602","0.0045","0.0005","0.768","0.225","0.0005","0.0005","0.0005","0.0005","0.0015","0.0005","0.002","0.0005","0.0005","0.0005","0.0005","0.0045","0.0035"
"09-21-2024 14:00","1726927202","0.0045","0.0005","0.768","0.225","0.0005","0.0005","0.0005","0.0005","0.0015","0.0005","0.002","0.0005","0.0005","0.0005","0.0005","0.0045","0.0035"
"09-21-2024 15:00","1726930802","0.0045","0.0005","0.7675","0.225","0.0005","0.0005","0.0005","0.0005","0.0015","0.0005","0.002","0.0005","0.0005","0.0005","0.0005","0.0045","0.0035"
"09-21-2024 16:00","1726934402","0.0045","0.0005","0.768","0.215","0.0005","0.0005","0.0005","0.0005","0.0015","0.0005","0.002","0.0005","0.0005","0.0005","0.0005","0.0045","0.0035"
"09-21-2024 17:00","1726938002","0.0045","0.0005","0.7685","0.215","0.0005","0.0005","0.0005","0.0005","0.0015","0.0005","0.0025","0.0005","0.0005","0.0005","0.0005","0.0045","0.0035"
"09-21-2024 18:00","1726941602","0.0045","0.0005","0.7695","0.215","0.0005","0.0005","0.0005","0.0005","0.0015","0.0005","0.0025","0.0005","0.0005","0.0005","0.0005","0.0045","0.0035"
"09-21-2024 19:00","1726945202","0.0045","0.0005","0.768","0.215","0.0005","0.0005","0.0005","0.0005","0.0015","0.0005","0.0025","0.0005","0.0005","0.0005","0.0005","0.0045","0.0035"
"09-21-2024 20:00","1726948802","0.0045","0.0005","0.767","0.225","0.0005","0.0005","0.0005","0.0005","0.0015","0.0005","0.002","0.0005","0.0005","0.0005","0.0005","0.0045","0.0035"
"09-21-2024 21:00","1726952402","0.0045","0.0005","0.768","0.225","0.0005","0.0005","0.0005","0.0005","0.0015","0.0005","0.002","0.0005","0.0005","0.0005","0.0005","0.0045","0.0035"
"09-21-2024 22:00","1726956002","0.0045","0.0005","0.768","0.225","0.0005","0.0005","0.0005","0.0005","0.0015","0.0005","0.002","0.0005","0.0005","0.0005","0.0005","0.0045","0.0035"
"09-21-2024 23:00","1726959602","0.0045","0.0005","0.7675","0.225","0.0005","0.0005","0.0005","0.0005","0.0015","0.0005","0.002","0.0005","0.0005","0.0005","0.0005","0.0045","0.0035"
"09-22-2024 00:00","1726963202","0.0045","0.0005","0.767","0.215","0.0005","0.0005","0.0005","0.0005","0.0015","0.0005","0.0025","0.0005","0.0005","0.0005","0.0005","0.0045","0.0035"
"09-22-2024 01:00","1726966802","0.0045","0.0005","0.767","0.22","0.0005","0.0005","0.0005","0.0005","0.0015","0.0005","0.0025","0.0005","0.0005","0.0005","0.0005","0.0045","0.0035"
"09-22-2024 02:00","1726970402","0.0045","0.0005","0.767","0.22","0.0005","0.0005","0.0005","0.0005","0.0015","0.0005","0.0025","0.0005","0.0005","0.0005","0.0005","0.004","0.0035"
"09-22-2024 03:00","1726974001","0.0045","0.0005","0.7675","0.22","0.0005","0.0005","0.0005","0.0005","0.0015","0.0005","0.0025","0.0005","0.0005","0.0005","0.0005","0.004","0.0035"
"09-22-2024 04:00","1726977602","0.0045","0.0005","0.768","0.215","0.0005","0.0005","0.0005","0.0005","0.0015","0.0005","0.0025","0.0005","0.0005","0.0005","0.0005","0.004","0.0035"
"09-22-2024 05:00","1726981202","0.0045","0.0005","0.7675","0.22","0.0005","0.0005","0.0005","0.0005","0.0015","0.0005","0.002","0.0005","0.0005","0.0005","0.0005","0.0035","0.0035"
"09-22-2024 06:00","1726984802","0.0045","0.0005","0.7675","0.225","0.0005","0.0005","0.0005","0.0005","0.0015","0.0005","0.0015","0.0005","0.0005","0.0005","0.0005","0.004","0.0035"
"09-22-2024 07:00","1726988402","0.0045","0.0005","0.7675","0.225","0.0005","0.0005","0.0005","0.0005","0.0015","0.0005","0.0025","0.0005","0.0005","0.0005","0.0005","0.004","0.0035"
"09-22-2024 08:00","1726992002","0.004","0.0005","0.7675","0.225","0.0005","0.0005","0.0005","0.0005","0.0015","0.0005","0.002","0.0005","0.0005","0.0005","0.0005","0.0045","0.0035"
"09-22-2024 09:00","1726995602","0.004","0.0005","0.7675","0.225","0.0005","0.0005","0.0005","0.0005","0.0015","0.0005","0.002","0.0005","0.0005","0.0005","0.0005","0.0045","0.0035"
"09-22-2024 10:00","1726999202","0.004","0.0005","0.7675","0.225","0.0005","0.0005","0.0005","0.0005","0.0015","0.0005","0.002","0.0005","0.0005","0.0005","0.0005","0.0045","0.0035"
"09-22-2024 11:00","1727002802","0.0035","0.0005","0.7675","0.225","0.0005","0.0005","0.0005","0.0005","0.0015","0.0005","0.0015","0.0005","0.0005","0.0005","0.0005","0.0045","0.0035"
"09-22-2024 12:00","1727006402","0.0045","0.0005","0.7675","0.225","0.0005","0.0005","0.0005","0.0005","0.0015","0.0005","0.0015","0.0005","0.0005","0.0005","0.0005","0.0045","0.0035"
"09-22-2024 13:00","1727010002","0.0045","0.0005","0.7675","0.225","0.0005","0.0005","0.0005","0.0005","0.0015","0.0005","0.002","0.0005","0.0005","0.0005","0.0005","0.0045","0.0035"
"09-22-2024 14:00","1727013602","0.0045","0.0005","0.767","0.22","0.0005","0.0005","0.0005","0.0005","0.0015","0.0005","0.002","0.0005","0.0005","0.0005","0.0005","0.0045","0.0035"
"09-22-2024 15:00","1727017202","0.0045","0.0005","0.7675","0.215","0.0005","0.0005","0.0005","0.0005","0.0015","0.0005","0.0025","0.0005","0.0005","0.0005","0.0005","0.0035","0.0035"
"09-22-2024 16:00","1727020802","0.0045","0.0005","0.7675","0.215","0.0005","0.0005","0.0005","0.0005","0.0015","0.0005","0.002","0.0005","0.0005","0.0005","0.0005","0.0035","0.0035"
"09-22-2024 17:00","1727024402","0.0045","0.0005","0.7675","0.215","0.0005","0.0005","0.0005","0.0005","0.0015","0.0005","0.002","0.0005","0.0005","0.0005","0.0005","0.0035","0.0035"
"09-22-2024 18:00","1727028002","0.0045","0.0005","0.7675","0.215","0.0005","0.0005","0.0005","0.0005","0.0015","0.0005","0.002","0.0005","0.0005","0.0005","0.0005","0.0035","0.0035"
"09-22-2024 19:00","1727031602","0.004","0.0005","0.7675","0.215","0.0005","0.0005","0.0005","0.0005","0.0015","0.0005","0.0025","0.0005","0.0005","0.0005","0.0005","0.0035","0.0035"
"09-22-2024 20:00","1727035202","0.0035","0.0005","0.7675","0.215","0.0005","0.0005","0.0005","0.0005","0.0015","0.0005","0.0025","0.0005","0.0005","0.0005","0.0005","0.0035","0.0035"
"09-22-2024 21:00","1727038802","0.0035","0.0005","0.7675","0.215","0.0005","0.0005","0.0005","0.0005","0.0015","0.0005","0.0025","0.0005","0.0005","0.0005","0.0005","0.0035","0.0035"
"09-22-2024 22:00","1727042402","0.0035","0.0005","0.7675","0.215","0.0005","0.0005","0.0005","0.0005","0.0015","0.0005","0.0025","0.0005","0.0005","0.0005","0.0005","0.0035","0.0035"
"09-22-2024 23:00","1727046002","0.0045","0.0005","0.768","0.215","0.0005","0.0005","0.0005","0.0005","0.0015","0.0005","0.0025","0.0005","0.0005","0.0005","0.0005","0.0035","0.0035"
"09-23-2024 00:00","1727049602","0.0045","0.0005","0.7685","0.215","0.0005","0.0005","0.0005","0.0005","0.0015","0.0005","0.0025","0.0005","0.0005","0.0005","0.0005","0.0045","0.0035"
"09-23-2024 01:00","1727053202","0.0045","0.0005","0.7685","0.215","0.0005","0.0005","0.0005","0.0005","0.0015","0.0005","0.0025","0.0005","0.0005","0.0005","0.0005","0.0045","0.0035"
"09-23-2024 02:00","1727056802","0.004","0.0005","0.7665","0.225","0.0005","0.0005","0.0005","0.0005","0.0015","0.0005","0.0025","0.0005","0.0005","0.0005","0.0005","0.0045","0.0035"
"09-23-2024 03:00","1727060402","0.004","0.0005","0.7605","0.225","0.0005","0.0005","0.0005","0.0005","0.0015","0.0005","0.002","0.0005","0.0005","0.0005","0.0005","0.0045","0.0035"
"09-23-2024 04:00","1727064002","0.004","0.0005","0.7625","0.225","0.0005","0.0005","0.0005","0.0005","0.0015","0.0005","0.002","0.0005","0.0005","0.0005","0.0005","0.0045","0.0035"
"09-23-2024 05:00","1727067602","0.004","0.0005","0.7625","0.225","0.0005","0.0005","0.0005","0.0005","0.0015","0.0005","0.002","0.0005","0.0005","0.0005","0.0005","0.0045","0.0035"
"09-23-2024 06:00","1727071202","0.004","0.0005","0.7635","0.225","0.0005","0.0005","0.0005","0.0005","0.0015","0.0005","0.002","0.0005","0.0005","0.0005","0.0005","0.004","0.0035"
"09-23-2024 07:00","1727074802","0.004","0.0005","0.765","0.225","0.0005","0.0005","0.0005","0.0005","0.0015","0.0005","0.0025","0.0005","0.0005","0.0005","0.0005","0.004","0.0035"
"09-23-2024 08:00","1727078402","0.004","0.0005","0.7655","0.225","0.0005","0.0005","0.0005","0.0005","0.0015","0.0005","0.002","0.0005","0.0005","0.0005","0.0005","0.0045","0.0035"
"09-23-2024 09:00","1727082002","0.004","0.0005","0.7655","0.225","0.0005","0.0005","0.0005","0.0005","0.0015","0.0005","0.002","0.0005","0.0005","0.0005","0.0005","0.0045","0.0035"
"09-23-2024 10:00","1727085602","0.0045","0.0005","0.7665","0.225","0.0005","0.0005","0.0005","0.0005","0.0015","0.0005","0.002","0.0005","0.0005","0.0005","0.0005","0.0045","0.0035"
"09-23-2024 11:00","1727089202","0.004","0.0005","0.7655","0.225","0.0005","0.0005","0.0005","0.0005","0.0015","0.0005","0.002","0.0005","0.0005","0.0005","0.0005","0.0045","0.0035"
"09-23-2024 12:00","1727092802","0.004","0.0005","0.759","0.235","0.0005","0.0005","0.0005","0.0005","0.0015","0.0005","0.0025","0.0005","0.0005","0.0005","0.0005","0.004","0.0035"
"09-23-2024 13:00","1727096402","0.004","0.0005","0.7585","0.235","0.0005","0.0005","0.0005","0.0005","0.0015","0.0005","0.002","0.0005","0.0005","0.0005","0.0005","0.0045","0.0035"
"09-23-2024 14:00","1727100002","0.0035","0.0005","0.753","0.235","0.0005","0.0005","0.0005","0.0005","0.0015","0.0005","0.0015","0.0005","0.0005","0.0005","0.0005","0.0035","0.0035"
"09-23-2024 15:00","1727103602","0.0035","0.0005","0.751","0.235","0.0005","0.0005","0.0005","0.0005","0.0015","0.0005","0.0015","0.0005","0.0005","0.0005","0.0005","0.0035","0.0035"
"09-23-2024 16:00","1727107202","0.0035","0.0005","0.7515","0.235","0.0005","0.0005","0.0005","0.0005","0.0015","0.0005","0.0015","0.0005","0.0005","0.0005","0.0005","0.0035","0.0035"
"09-23-2024 17:00","1727110802","0.0035","0.0005","0.756","0.235","0.0005","0.0005","0.0005","0.0005","0.0015","0.0005","0.0015","0.0005","0.0005","0.0005","0.0005","0.0035","0.0035"
"09-23-2024 18:00","1727114402","0.0035","0.0005","0.7535","0.235","0.0005","0.0005","0.0005","0.0005","0.0015","0.0005","0.0015","0.0005","0.0005","0.0005","0.0005","0.0035","0.0035"
"09-23-2024 19:00","1727118002","0.0035","0.0005","0.7545","0.235","0.0005","0.0005","0.0005","0.0005","0.0015","0.0005","0.002","0.0005","0.0005","0.0005","0.0005","0.0035","0.0035"
"09-23-2024 20:00","1727121602","0.0035","0.0005","0.756","0.235","0.0005","0.0005","0.0005","0.0005","0.0015","0.0005","0.002","0.0005","0.0005","0.0005","0.0005","0.0035","0.0035"
"09-23-2024 21:00","1727125202","0.0035","0.0005","0.7575","0.235","0.0005","0.0005","0.0005","0.0005","0.0015","0.0005","0.0025","0.0005","0.0005","0.0005","0.0005","0.0035","0.0035"
"09-23-2024 22:00","1727128801","0.0035","0.0005","0.7575","0.235","0.0005","0.0005","0.0005","0.0005","0.0015","0.0005","0.002","0.0005","0.0005","0.0005","0.0005","0.0035","0.0035"
"09-23-2024 23:00","1727132402","0.004","0.0005","0.755","0.235","0.0005","0.0005","0.0005","0.0005","0.0015","0.0005","0.0025","0.0005","0.0005","0.0005","0.0005","0.0035","0.0035"
"09-24-2024 00:00","1727136002","0.004","0.0005","0.7555","0.235","0.0005","0.0005","0.0005","0.0005","0.0015","0.0005","0.002","0.0005","0.0005","0.0005","0.0005","0.0035","0.0035"
"09-24-2024 01:00","1727139602","0.004","0.0005","0.7535","0.235","0.0005","0.0005","0.0005","0.0005","0.0015","0.0005","0.002","0.0005","0.0005","0.0005","0.0005","0.0035","0.0035"
"09-24-2024 02:00","1727143202","0.004","0.0005","0.7535","0.235","0.0005","0.0005","0.0005","0.0005","0.0015","0.0005","0.002","0.0005","0.0005","0.0005","0.0005","0.0035","0.0035"
"09-24-2024 03:00","1727146802","0.0035","0.0005","0.756","0.235","0.0005","0.0005","0.0005","0.0005","0.0015","0.0005","0.002","0.0005","0.0005","0.0005","0.0005","0.0035","0.0035"
"09-24-2024 04:00","1727150402","0.0035","0.0005","0.7515","0.235","0.0005","0.0005","0.0005","0.0005","0.0015","0.0005","0.002","0.0005","0.0005","0.0005","0.0005","0.0035","0.0035"
"09-24-2024 05:00","1727154002","0.004","0.0005","0.7505","0.235","0.0005","0.0005","0.0005","0.0005","0.0015","0.0005","0.002","0.0005","0.0005","0.0005","0.0005","0.0035","0.0035"
"09-24-2024 06:00","1727157602","0.004","0.0005","0.7485","0.245","0.0005","0.0005","0.0005","0.0005","0.0015","0.0005","0.0025","0.0005","0.0005","0.0005","0.0005","0.0035","0.0035"
"09-24-2024 07:00","1727161202","0.004","0.0005","0.7505","0.245","0.0005","0.0005","0.0005","0.0005","0.0015","0.0005","0.002","0.0005","0.0005","0.0005","0.0005","0.0035","0.003"
"09-24-2024 08:00","1727164802","0.004","0.0005","0.7505","0.245","0.0005","0.0005","0.0005","0.0005","0.0015","0.0005","0.002","0.0005","0.0005","0.0005","0.0005","0.0035","0.0025"
"09-24-2024 09:00","1727168402","0.0035","0.0005","0.7505","0.245","0.0005","0.0005","0.0005","0.0005","0.0015","0.0005","0.002","0.0005","0.0005","0.0005","0.0005","0.0035","0.0025"
"09-24-2024 10:00","1727172002","0.0035","0.0005","0.749","0.24","0.0005","0.0005","0.0005","0.0005","0.0015","0.0005","0.002","0.0005","0.0005","0.0005","0.0005","0.0035","0.0025"
"09-24-2024 11:00","1727175602","0.0035","0.0005","0.7485","0.235","0.0005","0.0005","0.0005","0.0005","0.0015","0.0005","0.002","0.0005","0.0005","0.0005","0.0005","0.0035","0.0025"
"09-24-2024 12:00","1727179202","0.0035","0.0005","0.7495","0.235","0.0005","0.0005","0.0005","0.0005","0.0015","0.0005","0.0025","0.0005","0.0005","0.0005","0.0005","0.0035","0.0025"
"09-24-2024 13:00","1727182802","0.0045","0.0005","0.748","0.235","0.0005","0.0005","0.0005","0.0005","0.0015","0.0005","0.0025","0.0005","0.0005","0.0005","0.0005","0.0035","0.0025"
"09-24-2024 14:00","1727186402","0.0045","0.0005","0.7455","0.235","0.0005","0.0005","0.0005","0.0005","0.0015","0.0005","0.0025","0.0005","0.0005","0.0005","0.0005","0.0035","0.0035"
"09-24-2024 15:00","1727190002","0.0045","0.0005","0.7475","0.235","0.0005","0.0005","0.0005","0.0005","0.0015","0.0005","0.0025","0.0005","0.0005","0.0005","0.0005","0.0035","0.0035"
"09-24-2024 16:00","1727193602","0.0045","0.0005","0.752","0.235","0.0005","0.0005","0.0005","0.0005","0.0015","0.0005","0.0025","0.0005","0.0005","0.0005","0.0005","0.0035","0.0035"
"09-24-2024 17:00","1727197203","0.0045","0.0005","0.752","0.235","0.0005","0.0005","0.0005","0.0005","0.0015","0.0005","0.0025","0.0005","0.0005","0.0005","0.0005","0.0035","0.0035"
"09-24-2024 18:00","1727200802","0.0045","0.0005","0.7515","0.235","0.0005","0.0005","0.0005","0.0005","0.0015","0.0005","0.0015","0.0005","0.0005","0.0005","0.0005","0.0035","0.0035"
"09-24-2024 19:00","1727204403","0.004","0.0005","0.7495","0.2425","0.0005","0.0005","0.0005","0.0005","0.0015","0.0005","0.0015","0.0005","0.0005","0.0005","0.0005","0.0035","0.0035"
"09-24-2024 20:00","1727208002","0.0035","0.0005","0.7455","0.2425","0.0005","0.0005","0.0005","0.0005","0.0015","0.0005","0.002","0.0005","0.0005","0.0005","0.0005","0.0025","0.0035"
"09-24-2024 21:00","1727211602","0.004","0.0005","0.7475","0.242","0.0005","0.0005","0.0005","0.0005","0.0015","0.0005","0.0025","0.0005","0.0005","0.0005","0.0005","0.0025","0.0035"
"09-24-2024 22:00","1727215203","0.004","0.0005","0.7485","0.2415","0.0005","0.0005","0.0005","0.0005","0.0015","0.0005","0.0025","0.0005","0.0005","0.0005","0.0005","0.0025","0.0035"
"09-24-2024 23:00","1727218802","0.004","0.0005","0.749","0.241","0.0005","0.0005","0.0005","0.0005","0.0015","0.0005","0.0025","0.0005","0.0005","0.0005","0.0005","0.0025","0.0035"
"09-25-2024 00:00","1727222402","0.0035","0.0005","0.754","0.236","0.0005","0.0005","0.0005","0.0005","0.0015","0.0005","0.0025","0.0005","0.0005","0.0005","0.0005","0.0025","0.0035"
"09-25-2024 01:00","1727226002","0.0035","0.0005","0.758","0.2355","0.0005","0.0005","0.0005","0.0005","0.0015","0.0005","0.0025","0.0005","0.0005","0.0005","0.0005","0.0025","0.003"
"09-25-2024 02:00","1727229602","0.0035","0.0005","0.7585","0.2325","0.0005","0.0005","0.0005","0.0005","0.0015","0.0005","0.0025","0.0005","0.0005","0.0005","0.0005","0.0025","0.003"
"09-25-2024 03:00","1727233202","0.0035","0.0005","0.753","0.2335","0.0005","0.0005","0.0005","0.0005","0.0015","0.0005","0.002","0.0005","0.0005","0.0005","0.0005","0.0025","0.003"
"09-25-2024 04:00","1727236802","0.0035","0.0005","0.754","0.233","0.0005","0.0005","0.0005","0.0005","0.0015","0.0005","0.0015","0.0005","0.0005","0.0005","0.0005","0.0025","0.0025"
"09-25-2024 05:00","1727240402","0.0035","0.0005","0.755","0.2325","0.0005","0.0005","0.0005","0.0005","0.0015","0.0005","0.0015","0.0005","0.0005","0.0005","0.0005","0.0025","0.0025"
"09-25-2024 06:00","1727244002","0.0035","0.0005","0.755","0.2335","0.0005","0.0005","0.0005","0.0005","0.0015","0.0005","0.0015","0.0005","0.0005","0.0005","0.0005","0.0025","0.0025"
"09-25-2024 07:00","1727247602","0.0035","0.0005","0.7455","0.2445","0.0005","0.0005","0.0005","0.0005","0.0015","0.0005","0.0015","0.0005","0.0005","0.0005","0.0005","0.0025","0.0025"
"09-25-2024 08:00","1727251202","0.0035","0.0005","0.7475","0.2445","0.0005","0.0005","0.0005","0.0005","0.0015","0.0005","0.0015","0.0005","0.0005","0.0005","0.0005","0.0025","0.0025"
"09-25-2024 09:00","1727254802","0.0035","0.0005","0.7455","0.242","0.0005","0.0005","0.0005","0.0005","0.0015","0.0005","0.002","0.0005","0.0005","0.0005","0.0005","0.0025","0.0025"
"09-25-2024 10:00","1727258402","0.0035","0.0005","0.7465","0.2405","0.0005","0.0005","0.0005","0.0005","0.0015","0.0005","0.002","0.0005","0.0005","0.0005","0.0005","0.0025","0.0025"
"09-25-2024 11:00","1727262002","0.0035","0.0005","0.746","0.2385","0.0005","0.0005","0.0005","0.0005","0.0015","0.0005","0.002","0.0005","0.0005","0.0005","0.0005","0.0025","0.0025"
"09-25-2024 12:00","1727265602","0.0035","0.0005","0.745","0.243","0.0005","0.0005","0.0005","0.0005","0.0015","0.0005","0.0025","0.0005","0.0005","0.0005","0.0005","0.0025","0.0025"
"09-25-2024 13:00","1727269202","0.0035","0.0005","0.743","0.246","0.0005","0.0005","0.0005","0.0005","0.0015","0.0005","0.0025","0.0005","0.0005","0.0005","0.0005","0.0025","0.0025"
"09-25-2024 14:00","1727272802","0.0035","0.0005","0.7355","0.247","0.0005","0.0005","0.0005","0.0005","0.0015","0.0005","0.0025","0.0005","0.0005","0.0005","0.0005","0.0025","0.0025"
"09-25-2024 15:00","1727276402","0.0035","0.0005","0.732","0.257","0.0005","0.0005","0.0005","0.0005","0.0015","0.0005","0.0025","0.0005","0.0005","0.0005","0.0005","0.0025","0.0025"
"09-25-2024 16:00","1727280003","0.0035","0.0005","0.7365","0.253","0.0005","0.0005","0.0005","0.0005","0.0015","0.0005","0.0025","0.0005","0.0005","0.0005","0.0005","0.0025","0.0025"
"09-25-2024 17:00","1727283603","0.0035","0.0005","0.7335","0.2555","0.0005","0.0005","0.0005","0.0005","0.0015","0.0005","0.0025","0.0005","0.0005","0.0005","0.0005","0.0025","0.0025"
"09-25-2024 18:00","1727287202","0.0035","0.0005","0.733","0.2555","0.0005","0.0005","0.0005","0.0005","0.0015","0.0005","0.0025","0.0005","0.0005","0.0005","0.0005","0.0025","0.0025"
"09-25-2024 19:00","1727290803","0.0035","0.0005","0.7355","0.2555","0.0005","0.0005","0.0005","0.0005","0.0015","0.0005","0.0025","0.0005","0.0005","0.0005","0.0005","0.0025","0.0025"
"09-25-2024 20:00","1727294402","0.0035","0.0005","0.7375","0.254","0.0005","0.0005","0.0005","0.0005","0.0015","0.0005","0.0015","0.0005","0.0005","0.0005","0.0005","0.0025","0.0025"
"09-25-2024 21:00","1727298002","0.0035","0.0005","0.7385","0.253","0.0005","0.0005","0.0005","0.0005","0.0015","0.0005","0.0015","0.0005","0.0005","0.0005","0.0005","0.0025","0.0025"
"09-25-2024 22:00","1727301602","0.0035","0.0005","0.7395","0.2525","0.0005","0.0005","0.0005","0.0005","0.0015","0.0005","0.0015","0.0005","0.0005","0.0005","0.0005","0.0025","0.0025"
"09-25-2024 23:00","1727305203","0.0035","0.0005","0.7395","0.2525","0.0005","0.0005","0.0005","0.0005","0.0015","0.0005","0.0015","0.0005","0.0005","0.0005","0.0005","0.0025","0.0025"
"09-26-2024 00:00","1727308802","0.0035","0.0005","0.7385","0.2525","0.0005","0.0005","0.0005","0.0005","0.0015","0.0005","0.0015","0.0005","0.0005","0.0005","0.0005","0.0025","0.0025"
"09-26-2024 01:00","1727312402","0.0035","0.0005","0.739","0.2525","0.0005","0.0005","0.0005","0.0005","0.0015","0.0005","0.0015","0.0005","0.0005","0.0005","0.0005","0.0025","0.0025"
"09-26-2024 02:00","1727316002","0.0035","0.0005","0.738","0.254","0.0005","0.0005","0.0005","0.0005","0.0015","0.0005","0.0015","0.0005","0.0005","0.0005","0.0005","0.0025","0.0025"
"09-26-2024 03:00","1727319602","0.0035","0.0005","0.738","0.254","0.0005","0.0005","0.0005","0.0005","0.0015","0.0005","0.0015","0.0005","0.0005","0.0005","0.0005","0.0025","0.0025"
"09-26-2024 04:00","1727323203","0.0035","0.0005","0.738","0.255","0.0005","0.0005","0.0005","0.0005","0.0015","0.0005","0.0015","0.0005","0.0005","0.0005","0.0005","0.0025","0.0025"
"09-26-2024 05:00","1727326802","0.0035","0.0005","0.7325","0.2575","0.0005","0.0005","0.0005","0.0005","0.0015","0.0005","0.0015","0.0005","0.0005","0.0005","0.0005","0.0025","0.0025"
"09-26-2024 06:00","1727330402","0.0035","0.0005","0.7345","0.257","0.0005","0.0005","0.0005","0.0005","0.0015","0.0005","0.0015","0.0005","0.0005","0.0005","0.0005","0.0025","0.0025"
"09-26-2024 07:00","1727334002","0.0035","0.0005","0.733","0.258","0.0005","0.0005","0.0005","0.0005","0.0015","0.0005","0.0015","0.0005","0.0005","0.0005","0.0005","0.0025","0.0025"
"09-26-2024 08:00","1727337602","0.0035","0.0005","0.731","0.259","0.0005","0.0005","0.0005","0.0005","0.0015","0.0005","0.0015","0.0005","0.0005","0.0005","0.0005","0.0025","0.0025"
"09-26-2024 09:00","1727341202","0.0035","0.0005","0.7315","0.2585","0.0005","0.0005","0.0005","0.0005","0.0015","0.0005","0.0015","0.0005","0.0005","0.0005","0.0005","0.0025","0.0025"
"09-26-2024 10:00","1727344802","0.0035","0.0005","0.7325","0.2595","0.0005","0.0005","0.0005","0.0005","0.0015","0.0005","0.0015","0.0005","0.0005","0.0005","0.0005","0.0025","0.0025"
"09-26-2024 11:00","1727348402","0.0035","0.0005","0.7315","0.2595","0.0005","0.0005","0.0005","0.0005","0.0015","0.0005","0.0015","0.0005","0.0005","0.0005","0.0005","0.0025","0.0025"
"09-26-2024 12:00","1727352002","0.0035","0.0005","0.7325","0.2595","0.0005","0.0005","0.0005","0.0005","0.0015","0.0005","0.0015","0.0005","0.0005","0.0005","0.0005","0.0025","0.0025"
"09-26-2024 13:00","1727355602","0.0035","0.0005","0.7325","0.259","0.0005","0.0005","0.0005","0.0005","0.0015","0.0005","0.0015","0.0005","0.0005","0.0005","0.0005","0.0025","0.0025"
"09-26-2024 14:00","1727359202","0.0035","0.0005","0.7335","0.2575","0.0005","0.0005","0.0005","0.0005","0.0015","0.0005","0.0015","0.0005","0.0005","0.0005","0.0005","0.0025","0.0025"
"09-26-2024 15:00","1727362802","0.0035","0.0005","0.7345","0.2575","0.0005","0.0005","0.0005","0.0005","0.0015","0.0005","0.0015","0.0005","0.0005","0.0005","0.0005","0.0025","0.0025"
"09-26-2024 16:00","1727366402","0.0035","0.0005","0.7345","0.2575","0.0005","0.0005","0.0005","0.0005","0.0015","0.0005","0.0015","0.0005","0.0005","0.0005","0.0005","0.0025","0.0025"
"09-26-2024 17:00","1727370002","0.0035","0.0005","0.7325","0.258","0.0005","0.0005","0.0005","0.0005","0.0015","0.0005","0.0015","0.0005","0.0005","0.0005","0.0005","0.0025","0.0025"
"09-26-2024 18:00","1727373602","0.0035","0.0005","0.7335","0.2575","0.0005","0.0005","0.0005","0.0005","0.0015","0.0005","0.0015","0.0005","0.0005","0.0005","0.0005","0.0025","0.0025"
"09-26-2024 19:00","1727377203","0.0035","0.0005","0.734","0.258","0.0005","0.0005","0.0005","0.0005","0.0015","0.0005","0.0015","0.0005","0.0005","0.0005","0.0005","0.0025","0.0025"
"09-26-2024 20:00","1727380802","0.0035","0.0005","0.734","0.258","0.0005","0.0005","0.0005","0.0005","0.0015","0.0005","0.0015","0.0005","0.0005","0.0005","0.0005","0.0025","0.0025"
"09-26-2024 21:00","1727384402","0.0035","0.0005","0.734","0.258","0.0005","0.0005","0.0005","0.0005","0.0015","0.0005","0.0015","0.0005","0.0005","0.0005","0.0005","0.0025","0.0025"
"09-26-2024 22:00","1727388002","0.0035","0.0005","0.734","0.258","0.0005","0.0005","0.0005","0.0005","0.0015","0.0005","0.0015","0.0005","0.0005","0.0005","0.0005","0.0025","0.0025"
"09-26-2024 23:00","1727391603","0.0035","0.0005","0.7345","0.2575","0.0005","0.0005","0.0005","0.0005","0.0015","0.0005","0.0015","0.0005","0.0005","0.0005","0.0005","0.0025","0.0025"
"09-27-2024 00:00","1727395202","0.0035","0.0005","0.7345","0.2585","0.0005","0.0005","0.0005","0.0005","0.0015","0.0005","0.0015","0.0005","0.0005","0.0005","0.0005","0.0025","0.0025"
"09-27-2024 01:00","1727398802","0.0035","0.0005","0.7345","0.258","0.0005","0.0005","0.0005","0.0005","0.0015","0.0005","0.0015","0.0005","0.0005","0.0005","0.0005","0.0025","0.0025"
"09-27-2024 02:00","1727402402","0.0035","0.0005","0.7335","0.258","0.0005","0.0005","0.0005","0.0005","0.0015","0.0005","0.0015","0.0005","0.0005","0.0005","0.0005","0.0025","0.0025"
"09-27-2024 03:00","1727406002","0.0035","0.0005","0.7345","0.258","0.0005","0.0005","0.0005","0.0005","0.0015","0.0005","0.0015","0.0005","0.0005","0.0005","0.0005","0.0025","0.0025"
"09-27-2024 04:00","1727409602","0.0035","0.0005","0.7345","0.2575","0.0005","0.0005","0.0005","0.0005","0.0015","0.0005","0.0015","0.0005","0.0005","0.0005","0.0005","0.0025","0.0025"
"09-27-2024 05:00","1727413203","0.0035","0.0005","0.736","0.257","0.0005","0.0005","0.0005","0.0005","0.0015","0.0005","0.0015","0.0005","0.0005","0.0005","0.0005","0.0025","0.0025"
"09-27-2024 06:00","1727416803","0.0035","0.0005","0.7355","0.257","0.0005","0.0005","0.0005","0.0005","0.0015","0.0005","0.0015","0.0005","0.0005","0.0005","0.0005","0.0025","0.0025"
"09-27-2024 07:00","1727420402","0.0035","0.0005","0.7355","0.2575","0.0005","0.0005","0.0005","0.0005","0.0015","0.0005","0.0015","0.0005","0.0005","0.0005","0.0005","0.0025","0.0025"
"09-27-2024 08:00","1727424003","0.0035","0.0005","0.7345","0.258","0.0005","0.0005","0.0005","0.0005","0.0015","0.0005","0.0015","0.0005","0.0005","0.0005","0.0005","0.0025","0.0025"
"09-27-2024 09:00","1727427603","0.0035","0.0005","0.734","0.2575","0.0005","0.0005","0.0005","0.0005","0.0015","0.0005","0.0015","0.0005","0.0005","0.0005","0.0005","0.0025","0.0025"
"09-27-2024 10:00","1727431203","0.0035","0.0005","0.7355","0.257","0.0005","0.0005","0.0005","0.0005","0.0015","0.0005","0.0015","0.0005","0.0005","0.0005","0.0005","0.0025","0.0025"
"09-27-2024 11:00","1727434802","0.0035","0.0005","0.7345","0.2565","0.0005","0.0005","0.0005","0.0005","0.0015","0.0005","0.0015","0.0005","0.0005","0.0005","0.0005","0.0025","0.0025"
"09-27-2024 12:00","1727438402","0.0025","0.0005","0.735","0.257","0.0005","0.0005","0.0005","0.0005","0.0015","0.0005","0.0015","0.0005","0.0005","0.0005","0.0005","0.0035","0.0025"
"09-27-2024 13:00","1727442003","0.0025","0.0005","0.735","0.2575","0.0005","0.0005","0.0005","0.0005","0.0015","0.0005","0.0015","0.0005","0.0005","0.0005","0.0005","0.0025","0.0025"
"09-27-2024 14:00","1727445603","0.0025","0.0005","0.736","0.257","0.0005","0.0005","0.0005","0.0005","0.0015","0.0005","0.0015","0.0005","0.0005","0.0005","0.0005","0.0025","0.0025"
"09-27-2024 15:00","1727449202","0.003","0.0005","0.7365","0.256","0.0005","0.0005","0.0005","0.0005","0.0015","0.0005","0.0015","0.0005","0.0005","0.0005","0.0005","0.003","0.0025"
"09-27-2024 16:00","1727452802","0.0025","0.0005","0.7375","0.2545","0.0005","0.0005","0.0005","0.0005","0.0015","0.0005","0.0015","0.0005","0.0005","0.0005","0.0005","0.0035","0.0025"
"09-27-2024 17:00","1727456402","0.003","0.0005","0.738","0.254","0.0005","0.0005","0.0005","0.0005","0.0015","0.0005","0.0015","0.0005","0.0005","0.0005","0.0005","0.0035","0.0025"
"09-27-2024 18:00","1727460002","0.003","0.0005","0.7385","0.254","0.0005","0.0005","0.0005","0.0005","0.0015","0.0005","0.0015","0.0005","0.0005","0.0005","0.0005","0.0035","0.0025"
"09-27-2024 19:00","1727463602","0.003","0.0005","0.738","0.2535","0.0005","0.0005","0.0005","0.0005","0.0015","0.0005","0.0015","0.0005","0.0005","0.0005","0.0005","0.0035","0.0025"
"09-27-2024 20:00","1727467202","0.003","0.0005","0.739","0.2525","0.0005","0.0005","0.0005","0.0005","0.0015","0.0005","0.0015","0.0005","0.0005","0.0005","0.0005","0.0035","0.0025"
"09-27-2024 21:00","1727470802","0.0025","0.0005","0.7395","0.25","0.0005","0.0005","0.0005","0.0005","0.0015","0.0005","0.0015","0.0005","0.0005","0.0005","0.0005","0.0035","0.0025"
"09-27-2024 22:00","1727474402","0.0025","0.0005","0.7395","0.25","0.0005","0.0005","0.0005","0.0005","0.0015","0.0005","0.0015","0.0005","0.0005","0.0005","0.0005","0.0035","0.0025"
"09-27-2024 23:00","1727478002","0.0025","0.0005","0.7405","0.2495","0.0005","0.0005","0.0005","0.0005","0.0015","0.0005","0.0015","0.0005","0.0005","0.0005","0.0005","0.0035","0.0025"
"09-28-2024 00:00","1727481602","0.0025","0.0005","0.741","0.2495","0.0005","0.0005","0.0005","0.0005","0.0015","0.0005","0.0015","0.0005","0.0005","0.0005","0.0005","0.003","0.0025"
"09-28-2024 01:00","1727485202","0.0025","0.0005","0.741","0.2495","0.0005","0.0005","0.0005","0.0005","0.0015","0.0005","0.0015","0.0005","0.0005","0.0005","0.0005","0.0025","0.0025"
"09-28-2024 02:00","1727488802","0.0025","0.0005","0.738","0.2495","0.0005","0.0005","0.0005","0.0005","0.0015","0.0005","0.0015","0.0005","0.0005","0.0005","0.0005","0.003","0.0025"
"09-28-2024 03:00","1727492402","0.0025","0.0005","0.7375","0.25","0.0005","0.0005","0.0005","0.0005","0.0015","0.0005","0.0015","0.0005","0.0005","0.0005","0.0005","0.003","0.0025"
"09-28-2024 04:00","1727496002","0.0025","0.0005","0.7375","0.2505","0.0005","0.0005","0.0005","0.0005","0.0015","0.0005","0.0015","0.0005","0.0005","0.0005","0.0005","0.0035","0.0025"
"09-28-2024 05:00","1727499602","0.0025","0.0005","0.738","0.2505","0.0005","0.0005","0.0005","0.0005","0.0015","0.0005","0.0015","0.0005","0.0005","0.0005","0.0005","0.0035","0.0025"
"09-28-2024 06:00","1727503202","0.0025","0.0005","0.74","0.2505","0.0005","0.0005","0.0005","0.0005","0.0015","0.0005","0.0015","0.0005","0.0005","0.0005","0.0005","0.0025","0.0025"
"09-28-2024 07:00","1727506803","0.0025","0.0005","0.7415","0.2495","0.0005","0.0005","0.0005","0.0005","0.0015","0.0005","0.0015","0.0005","0.0005","0.0005","0.0005","0.003","0.0025"
"09-28-2024 08:00","1727510402","0.0025","0.0005","0.742","0.2495","0.0005","0.0005","0.0005","0.0005","0.0015","0.0005","0.002","0.0005","0.0005","0.0005","0.0005","0.0025","0.0025"
"09-28-2024 09:00","1727514002","0.0035","0.0005","0.7415","0.249","0.0005","0.0005","0.0005","0.0005","0.0015","0.0005","0.0015","0.0005","0.0005","0.0005","0.0005","0.0025","0.0025"
"09-28-2024 10:00","1727517602","0.0025","0.0005","0.7415","0.249","0.0005","0.0005","0.0005","0.0005","0.0015","0.0005","0.0015","0.0005","0.0005","0.0005","0.0005","0.0025","0.0025"
"09-28-2024 11:00","1727521202","0.0025","0.0005","0.7445","0.249","0.0005","0.0005","0.0005","0.0005","0.0015","0.0005","0.002","0.0005","0.0005","0.0005","0.0005","0.003","0.0025"
"09-28-2024 12:00","1727524802","0.0025","0.0005","0.744","0.2505","0.0005","0.0005","0.0005","0.0005","0.0015","0.0005","0.0015","0.0005","0.0005","0.0005","0.0005","0.0025","0.0025"
"09-28-2024 13:00","1727528402","0.0025","0.0005","0.743","0.2505","0.0005","0.0005","0.0005","0.0005","0.0015","0.0005","0.0015","0.0005","0.0005","0.0005","0.0005","0.0025","0.0025"
"09-28-2024 14:00","1727532002","0.0025","0.0005","0.744","0.25","0.0005","0.0005","0.0005","0.0005","0.0015","0.0005","0.0015","0.0005","0.0005","0.0005","0.0005","0.0025","0.0025"
"09-28-2024 15:00","1727535602","0.0025","0.0005","0.745","0.246","0.0005","0.0005","0.0005","0.0005","0.0015","0.0005","0.0015","0.0005","0.0005","0.0005","0.0005","0.0025","0.0025"
"09-28-2024 16:00","1727539202","0.0025","0.0005","0.7475","0.2455","0.0005","0.0005","0.0005","0.0005","0.0015","0.0005","0.0015","0.0005","0.0005","0.0005","0.0005","0.0025","0.0025"
"09-28-2024 17:00","1727542802","0.0025","0.0005","0.7465","0.2445","0.0005","0.0005","0.0005","0.0005","0.0015","0.0005","0.0015","0.0005","0.0005","0.0005","0.0005","0.0025","0.0025"
"09-28-2024 18:00","1727546403","0.0025","0.0005","0.7505","0.243","0.0005","0.0005","0.0005","0.0005","0.0015","0.0005","0.0015","0.0005","0.0005","0.0005","0.0005","0.0025","0.0025"
"09-28-2024 19:00","1727550003","0.0025","0.0005","0.7475","0.2435","0.0005","0.0005","0.0005","0.0005","0.0015","0.0005","0.0015","0.0005","0.0005","0.0005","0.0005","0.0025","0.0025"
"09-28-2024 20:00","1727553602","0.0025","0.0005","0.7465","0.2415","0.0005","0.0005","0.0005","0.0005","0.0015","0.0005","0.0015","0.0005","0.0005","0.0005","0.0005","0.0025","0.0025"
"09-28-2024 21:00","1727557203","0.0025","0.0005","0.7465","0.2415","0.0005","0.0005","0.0005","0.0005","0.0015","0.0005","0.0015","0.0005","0.0005","0.0005","0.0005","0.0025","0.0025"
"09-28-2024 22:00","1727560803","0.0025","0.0005","0.7525","0.239","0.0005","0.0005","0.0005","0.0005","0.0015","0.0005","0.0015","0.0005","0.0005","0.0005","0.0005","0.0025","0.0025"
"09-28-2024 23:00","1727564402","0.0025","0.0005","0.752","0.239","0.0005","0.0005","0.0005","0.0005","0.0015","0.0005","0.0015","0.0005","0.0005","0.0005","0.0005","0.0025","0.0025"
"09-29-2024 00:00","1727568003","0.0025","0.0005","0.7545","0.2385","0.0005","0.0005","0.0005","0.0005","0.0015","0.0005","0.0015","0.0005","0.0005","0.0005","0.0005","0.0025","0.0025"
"09-29-2024 01:00","1727571602","0.0025","0.0005","0.754","0.2385","0.0005","0.0005","0.0005","0.0005","0.0015","0.0005","0.0015","0.0005","0.0005","0.0005","0.0005","0.0025","0.0025"
"09-29-2024 02:00","1727575203","0.0025","0.0005","0.7545","0.239","0.0005","0.0005","0.0005","0.0005","0.0015","0.0005","0.0015","0.0005","0.0005","0.0005","0.0005","0.0025","0.0025"
"09-29-2024 03:00","1727578803","0.0025","0.0005","0.7535","0.24","0.0005","0.0005","0.0005","0.0005","0.0015","0.0005","0.0015","0.0005","0.0005","0.0005","0.0005","0.0025","0.0025"
"09-29-2024 04:00","1727582403","0.0025","0.0005","0.7525","0.24","0.0005","0.0005","0.0005","0.0005","0.0015","0.0005","0.0015","0.0005","0.0005","0.0005","0.0005","0.0025","0.0025"
"09-29-2024 05:00","1727586002","0.0025","0.0005","0.753","0.2385","0.0005","0.0005","0.0005","0.0005","0.0015","0.0005","0.0015","0.0005","0.0005","0.0005","0.0005","0.0025","0.0025"
"09-29-2024 06:00","1727589602","0.0025","0.0005","0.7525","0.2385","0.0005","0.0005","0.0005","0.0005","0.0015","0.0005","0.0015","0.0005","0.0005","0.0005","0.0005","0.0025","0.0025"
"09-29-2024 07:00","1727593203","0.0025","0.0005","0.7525","0.2375","0.0005","0.0005","0.0005","0.0005","0.0015","0.0005","0.0015","0.0005","0.0005","0.0005","0.0005","0.0025","0.0025"
"09-29-2024 08:00","1727596802","0.0025","0.0005","0.753","0.24","0.0005","0.0005","0.0005","0.0005","0.0015","0.0005","0.0015","0.0005","0.0005","0.0005","0.0005","0.0025","0.0025"
"09-29-2024 09:00","1727600403","0.0025","0.0005","0.751","0.2385","0.0005","0.0005","0.0005","0.0005","0.0015","0.0005","0.0015","0.0005","0.0005","0.0005","0.0005","0.0025","0.0025"
"09-29-2024 10:00","1727604004","0.0025","0.0005","0.7465","0.2385","0.0005","0.0005","0.0005","0.0005","0.0015","0.0005","0.0015","0.0005","0.0005","0.0005","0.0005","0.0025","0.0025"
"09-29-2024 11:00","1727607603","0.0025","0.0005","0.7465","0.2375","0.0005","0.0005","0.0005","0.0005","0.0015","0.0005","0.0015","0.0005","0.0005","0.0005","0.0005","0.0025","0.0025"
"09-29-2024 12:00","1727611202","0.0025","0.0005","0.7465","0.238","0.0005","0.0005","0.0005","0.0005","0.0015","0.0005","0.0015","0.0005","0.0005","0.0005","0.0005","0.0025","0.0025"
"09-29-2024 13:00","1727614803","0.0025","0.0005","0.7425","0.2395","0.0005","0.0005","0.0005","0.0005","0.0015","0.0005","0.0015","0.0005","0.0005","0.0005","0.0005","0.0025","0.0025"
"09-29-2024 14:00","1727618403","0.0025","0.0005","0.743","0.243","0.0005","0.0005","0.0005","0.0005","0.0015","0.0005","0.0015","0.0005","0.0005","0.0005","0.0005","0.0025","0.0025"
"09-29-2024 15:00","1727622002","0.0025","0.0005","0.7445","0.2425","0.0005","0.0005","0.0005","0.0005","0.0015","0.0005","0.0015","0.0005","0.0005","0.0005","0.0005","0.003","0.0025"
"09-29-2024 16:00","1727625602","0.0025","0.0005","0.744","0.2405","0.0005","0.0005","0.0005","0.0005","0.0015","0.0005","0.0015","0.0005","0.0005","0.0005","0.0005","0.003","0.0025"
"09-29-2024 17:00","1727629203","0.0025","0.0005","0.744","0.243","0.0005","0.0005","0.0005","0.0005","0.0015","0.0005","0.0015","0.0005","0.0005","0.0005","0.0005","0.003","0.0025"
"09-29-2024 18:00","1727632802","0.0025","0.0005","0.743","0.2425","0.0005","0.0005","0.0005","0.0005","0.0015","0.0005","0.0015","0.0005","0.0005","0.0005","0.0005","0.003","0.0025"
"09-29-2024 19:00","1727636402","0.0025","0.0005","0.743","0.242","0.0005","0.0005","0.0005","0.0005","0.0015","0.0005","0.0015","0.0005","0.0005","0.0005","0.0005","0.003","0.0025"
"09-29-2024 20:00","1727640002","0.0025","0.0005","0.7435","0.243","0.0005","0.0005","0.0005","0.0005","0.0015","0.0005","0.0015","0.0005","0.0005","0.0005","0.0005","0.003","0.0025"
"09-29-2024 21:00","1727643602","0.0025","0.0005","0.7435","0.242","0.0005","0.0005","0.0005","0.0005","0.0015","0.0005","0.0015","0.0005","0.0005","0.0005","0.0005","0.003","0.0025"
"09-29-2024 22:00","1727647203","0.0025","0.0005","0.7435","0.242","0.0005","0.0005","0.0005","0.0005","0.0015","0.0005","0.002","0.0005","0.0005","0.0005","0.0005","0.0025","0.0025"
"09-29-2024 23:00","1727650802","0.0025","0.0005","0.745","0.242","0.0005","0.0005","0.0005","0.0005","0.0015","0.0005","0.002","0.0005","0.0005","0.0005","0.0005","0.0025","0.0025"
"09-30-2024 00:00","1727654403","0.0025","0.0005","0.746","0.242","0.0005","0.0005","0.0005","0.0005","0.0015","0.0005","0.002","0.0005","0.0005","0.0005","0.0005","0.0025","0.0025"
"09-30-2024 01:00","1727658003","0.0025","0.0005","0.7455","0.241","0.0005","0.0005","0.0005","0.0005","0.0015","0.0005","0.002","0.0005","0.0005","0.0005","0.0005","0.0025","0.0025"
"09-30-2024 02:00","1727661603","0.0025","0.0005","0.747","0.241","0.0005","0.0005","0.0005","0.0005","0.0015","0.0005","0.002","0.0005","0.0005","0.0005","0.0005","0.0025","0.0025"
"09-30-2024 03:00","1727665202","0.0025","0.0005","0.747","0.241","0.0005","0.0005","0.0005","0.0005","0.0015","0.0005","0.002","0.0005","0.0005","0.0005","0.0005","0.0025","0.0025"
"09-30-2024 04:00","1727668802","0.0025","0.0005","0.755","0.2385","0.0005","0.0005","0.0005","0.0005","0.0015","0.0005","0.002","0.0005","0.0005","0.0005","0.0005","0.0025","0.0025"
"09-30-2024 05:00","1727672402","0.0025","0.0005","0.7555","0.237","0.0005","0.0005","0.0005","0.0005","0.0015","0.0005","0.002","0.0005","0.0005","0.0005","0.0005","0.0025","0.0025"
"09-30-2024 06:00","1727676002","0.0025","0.0005","0.7565","0.2365","0.0005","0.0005","0.0005","0.0005","0.0015","0.0005","0.002","0.0005","0.0005","0.0005","0.0005","0.0025","0.0025"
"09-30-2024 07:00","1727679603","0.0025","0.0005","0.757","0.237","0.0005","0.0005","0.0005","0.0005","0.0015","0.0005","0.002","0.0005","0.0005","0.0005","0.0005","0.0025","0.0025"
"09-30-2024 08:00","1727683202","0.0025","0.0005","0.758","0.2365","0.0005","0.0005","0.0005","0.0005","0.0015","0.0005","0.002","0.0005","0.0005","0.0005","0.0005","0.0025","0.0025"
"09-30-2024 09:00","1727686802","0.0025","0.0005","0.7565","0.2365","0.0005","0.0005","0.0005","0.0005","0.0015","0.0005","0.002","0.0005","0.0005","0.0005","0.0005","0.0025","0.0025"
"09-30-2024 10:00","1727690402","0.0025","0.0005","0.7565","0.237","0.0005","0.0005","0.0005","0.0005","0.0015","0.0005","0.002","0.0005","0.0005","0.0005","0.0005","0.0025","0.0025"
"09-30-2024 11:00","1727694001","0.0035","0.0005","0.7555","0.237","0.0005","0.0005","0.0005","0.0005","0.0015","0.0005","0.002","0.0005","0.0005","0.0005","0.0005","0.0025","0.0025"
"09-30-2024 12:00","1727697602","0.0035","0.0005","0.7555","0.2365","0.0005","0.0005","0.0005","0.0005","0.0015","0.0005","0.002","0.0005","0.0005","0.0005","0.0005","0.0025","0.0025"
"09-30-2024 13:00","1727701202","0.0025","0.0005","0.755","0.2365","0.0005","0.0005","0.0005","0.0005","0.0015","0.0005","0.002","0.0005","0.0005","0.0005","0.0005","0.0025","0.0025"
"09-30-2024 14:00","1727704802","0.0035","0.0005","0.7555","0.2365","0.0005","0.0005","0.0005","0.0005","0.0015","0.0005","0.002","0.0005","0.0005","0.0005","0.0005","0.0025","0.0025"
"09-30-2024 15:00","1727708402","0.0025","0.0005","0.7565","0.2365","0.0005","0.0005","0.0005","0.0005","0.0015","0.0005","0.002","0.0005","0.0005","0.0005","0.0005","0.0025","0.0025"
"09-30-2024 16:00","1727712002","0.003","0.0005","0.7565","0.236","0.0005","0.0005","0.0005","0.0005","0.0015","0.0005","0.0025","0.0005","0.0005","0.0005","0.0005","0.0025","0.0025"
"09-30-2024 17:00","1727715602","0.003","0.0005","0.757","0.236","0.0005","0.0005","0.0005","0.0005","0.0015","0.0005","0.0025","0.0005","0.0005","0.0005","0.0005","0.0025","0.0025"
"09-30-2024 18:00","1727719202","0.003","0.0005","0.753","0.236","0.0005","0.0005","0.0005","0.0005","0.0015","0.0005","0.0025","0.0005","0.0005","0.0005","0.0005","0.0025","0.0025"
"09-30-2024 19:00","1727722802","0.003","0.0005","0.7515","0.2365","0.0005","0.0005","0.0005","0.0005","0.0015","0.0005","0.0025","0.0005","0.0005","0.0005","0.0005","0.0025","0.0025"
"09-30-2024 20:00","1727726402","0.003","0.0005","0.752","0.2365","0.0005","0.0005","0.0005","0.0005","0.0015","0.0005","0.0025","0.0005","0.0005","0.0005","0.0005","0.0025","0.0025"
"09-30-2024 21:00","1727730002","0.003","0.0005","0.7515","0.2365","0.0005","0.0005","0.0005","0.0005","0.0015","0.0005","0.002","0.0005","0.0005","0.0005","0.0005","0.0025","0.0025"
"09-30-2024 22:00","1727733602","0.003","0.0005","0.7525","0.238","0.0005","0.0005","0.0005","0.0005","0.0015","0.0005","0.002","0.0005","0.0005","0.0005","0.0005","0.0025","0.0025"
"09-30-2024 23:00","1727737202","0.003","0.0005","0.753","0.2375","0.0005","0.0005","0.0005","0.0005","0.0015","0.0005","0.0025","0.0005","0.0005","0.0005","0.0005","0.0025","0.0025"
"10-01-2024 00:00","1727740802","0.003","0.0005","0.753","0.237","0.0005","0.0005","0.0005","0.0005","0.0015","0.0005","0.0025","0.0005","0.0005","0.0005","0.0005","0.0025","0.0025"
"10-01-2024 01:00","1727744402","0.003","0.0005","0.7535","0.237","0.0005","0.0005","0.0005","0.0005","0.0015","0.0005","0.0025","0.0005","0.0005","0.0005","0.0005","0.0025","0.0025"
"10-01-2024 02:00","1727748002","0.003","0.0005","0.753","0.237","0.0005","0.0005","0.0005","0.0005","0.0015","0.0005","0.0025","0.0005","0.0005","0.0005","0.0005","0.0025","0.0025"
"10-01-2024 03:00","1727751602","0.003","0.0005","0.753","0.2375","0.0005","0.0005","0.0005","0.0005","0.0015","0.0005","0.0025","0.0005","0.0005","0.0005","0.0005","0.0025","0.0025"
"10-01-2024 04:00","1727755202","0.0035","0.0005","0.753","0.2375","0.0005","0.0005","0.0005","0.0005","0.0015","0.0005","0.0025","0.0005","0.0005","0.0005","0.0005","0.0025","0.0025"
"10-01-2024 05:00","1727758802","0.0035","0.0005","0.753","0.2375","0.0005","0.0005","0.0005","0.0005","0.0015","0.0005","0.0025","0.0005","0.0005","0.0005","0.0005","0.0025","0.0025"
"10-01-2024 06:00","1727762402","0.0025","0.0005","0.754","0.2375","0.0005","0.0005","0.0005","0.0005","0.0015","0.0005","0.0025","0.0005","0.0005","0.0005","0.0005","0.0025","0.0025"
"10-01-2024 07:00","1727766002","0.0025","0.0005","0.754","0.2375","0.0005","0.0005","0.0005","0.0005","0.0015","0.0005","0.0025","0.0005","0.0005","0.0005","0.0005","0.0025","0.0025"
"10-01-2024 08:00","1727769602","0.003","0.0005","0.7535","0.237","0.0005","0.0005","0.0005","0.0005","0.0015","0.0005","0.003","0.0005","0.0005","0.0005","0.0005","0.0025","0.0025"
"10-01-2024 09:00","1727773202","0.003","0.0005","0.7525","0.237","0.0005","0.0005","0.0005","0.0005","0.0015","0.0005","0.003","0.0005","0.0005","0.0005","0.0005","0.0025","0.0025"
"10-01-2024 10:00","1727776802","0.003","0.0005","0.7535","0.237","0.0005","0.0005","0.0005","0.0005","0.0015","0.0005","0.0045","0.0005","0.0005","0.0005","0.0005","0.0025","0.0025"
"10-01-2024 11:00","1727780403","0.003","0.0005","0.753","0.237","0.0005","0.0005","0.0005","0.0005","0.0015","0.0005","0.0045","0.0005","0.0005","0.0005","0.0005","0.0025","0.0025"
"10-01-2024 12:00","1727784002","0.003","0.0005","0.7535","0.237","0.0005","0.0005","0.0005","0.0005","0.0015","0.0005","0.003","0.0005","0.0005","0.0005","0.0005","0.0025","0.0025"
"10-01-2024 13:00","1727787602","0.003","0.0005","0.7535","0.2365","0.0005","0.0005","0.0005","0.0005","0.0015","0.0005","0.0035","0.0005","0.0005","0.0005","0.0005","0.0025","0.0025"
"10-01-2024 14:00","1727791202","0.003","0.0005","0.752","0.2375","0.0005","0.0005","0.0005","0.0005","0.0015","0.0005","0.0045","0.0005","0.0005","0.0005","0.0005","0.0025","0.0025"
"10-01-2024 15:00","1727794802","0.003","0.0005","0.7505","0.237","0.0005","0.0005","0.0005","0.0005","0.0015","0.0005","0.005","0.0005","0.0005","0.0005","0.0005","0.0025","0.0025"
"10-01-2024 16:00","1727798402","0.003","0.0005","0.7525","0.2375","0.0005","0.0005","0.0005","0.0005","0.0015","0.0005","0.0045","0.0005","0.0005","0.0005","0.0005","0.0025","0.0025"
"10-01-2024 17:00","1727802003","0.0025","0.0005","0.7575","0.2345","0.0005","0.0005","0.0005","0.0005","0.0015","0.0005","0.005","0.0005","0.0005","0.0005","0.0005","0.0025","0.0025"
"10-01-2024 18:00","1727805602","0.0025","0.0005","0.7545","0.2335","0.0005","0.0005","0.0005","0.0005","0.0015","0.0005","0.005","0.0005","0.0005","0.0005","0.0005","0.0025","0.0025"
"10-01-2024 19:00","1727809202","0.0025","0.0005","0.7515","0.2365","0.0005","0.0005","0.0005","0.0005","0.0015","0.0005","0.005","0.0005","0.0005","0.0005","0.0005","0.0025","0.0025"
"10-01-2024 20:00","1727812802","0.0025","0.0005","0.75","0.2365","0.0005","0.0005","0.0005","0.0005","0.0015","0.0005","0.005","0.0005","0.0005","0.0005","0.0005","0.0025","0.0025"
"10-01-2024 21:00","1727816402","0.0025","0.0005","0.75","0.2395","0.0005","0.0005","0.0005","0.0005","0.0015","0.0005","0.005","0.0005","0.0005","0.0005","0.0005","0.0025","0.0025"
"10-01-2024 22:00","1727820002","0.0025","0.0005","0.7525","0.2385","0.0005","0.0005","0.0005","0.0005","0.0015","0.0005","0.004","0.0005","0.0005","0.0005","0.0005","0.0025","0.0025"
"10-01-2024 23:00","1727823602","0.0025","0.0005","0.7515","0.238","0.0005","0.0005","0.0005","0.0005","0.0015","0.0005","0.005","0.0005","0.0005","0.0005","0.0005","0.0025","0.0025"
"10-02-2024 00:00","1727827202","0.0025","0.0005","0.754","0.237","0.0005","0.0005","0.0005","0.0005","0.0015","0.0005","0.004","0.0005","0.0005","0.0005","0.0005","0.0025","0.0025"
"10-02-2024 01:00","1727830802","0.0025","0.0005","0.754","0.235","0.0005","0.0005","0.0005","0.0005","0.0015","0.0005","0.0045","0.0005","0.0005","0.0005","0.0005","0.0025","0.0025"
"10-02-2024 02:00","1727834402","0.0025","0.0005","0.7525","0.2385","0.0005","0.0005","0.0005","0.0005","0.0015","0.0005","0.0045","0.0005","0.0005","0.0005","0.0005","0.0025","0.0025"
"10-02-2024 03:00","1727838002","0.0025","0.0005","0.75","0.2375","0.0005","0.0005","0.0005","0.0005","0.0015","0.0005","0.0045","0.0005","0.0005","0.0005","0.0005","0.0025","0.0025"
"10-02-2024 04:00","1727841602","0.0025","0.0005","0.7525","0.2375","0.0005","0.0005","0.0005","0.0005","0.0015","0.0005","0.005","0.0005","0.0005","0.0005","0.0005","0.0025","0.0025"
"10-02-2024 05:00","1727845202","0.0025","0.0005","0.749","0.2365","0.0005","0.0005","0.0005","0.0005","0.0015","0.0005","0.005","0.0005","0.0005","0.0005","0.0005","0.0025","0.0025"
"10-02-2024 06:00","1727848802","0.0025","0.0005","0.75","0.2365","0.0005","0.0005","0.0005","0.0005","0.0015","0.0005","0.005","0.0005","0.0005","0.0005","0.0005","0.0025","0.0025"
"10-02-2024 07:00","1727852402","0.0025","0.0005","0.7525","0.2375","0.0005","0.0005","0.0005","0.0005","0.0015","0.0005","0.004","0.0005","0.0005","0.0005","0.0005","0.0025","0.0025"
"10-02-2024 08:00","1727856002","0.0025","0.0005","0.7515","0.2395","0.0005","0.0005","0.0005","0.0005","0.0015","0.0005","0.003","0.0005","0.0005","0.0005","0.0005","0.0025","0.0025"
"10-02-2024 09:00","1727859602","0.0025","0.0005","0.7485","0.239","0.0005","0.0005","0.0005","0.0005","0.0015","0.0005","0.003","0.0005","0.0005","0.0005","0.0005","0.0025","0.0025"
"10-02-2024 10:00","1727863202","0.0025","0.0005","0.748","0.238","0.0005","0.0005","0.0005","0.0005","0.0015","0.0005","0.0025","0.0005","0.0005","0.0005","0.0005","0.0025","0.0025"
"10-02-2024 11:00","1727866802","0.0025","0.0005","0.748","0.239","0.0005","0.0005","0.0005","0.0005","0.0015","0.0005","0.003","0.0005","0.0005","0.0005","0.0005","0.0025","0.0025"
"10-02-2024 12:00","1727870402","0.0025","0.0005","0.748","0.239","0.0005","0.0005","0.0005","0.0005","0.0015","0.0005","0.0025","0.0005","0.0005","0.0005","0.0005","0.0025","0.0025"
"10-02-2024 13:00","1727874002","0.0025","0.0005","0.748","0.2355","0.0005","0.0005","0.0005","0.0005","0.0015","0.0005","0.0025","0.0005","0.0005","0.0005","0.0005","0.0025","0.0025"
"10-02-2024 14:00","1727877602","0.0025","0.0005","0.759","0.233","0.0005","0.0005","0.0005","0.0005","0.0015","0.0005","0.003","0.0005","0.0005","0.0005","0.0005","0.0025","0.0025"
"10-02-2024 14:00","1727877607","0.0025","0.0005","0.759","0.233","0.0005","0.0005","0.0005","0.0005","0.0015","0.0005","0.003","0.0005","0.0005","0.0005","0.0005","0.0025","0.0025"
"10-02-2024 15:00","1727881202","0.0025","0.0005","0.7565","0.2355","0.0005","0.0005","0.0005","0.0005","0.0015","0.0005","0.003","0.0005","0.0005","0.0005","0.0005","0.0025","0.0025"
"10-02-2024 16:00","1727884801","0.0025","0.0005","0.7565","0.2365","0.0005","0.0005","0.0005","0.0005","0.0015","0.0005","0.002","0.0005","0.0005","0.0005","0.0005","0.0025","0.0025"
"10-02-2024 17:00","1727888402","0.0025","0.0005","0.753","0.2365","0.0005","0.0005","0.0005","0.0005","0.0015","0.0005","0.0025","0.0005","0.0005","0.0005","0.0005","0.0025","0.0025"
"10-02-2024 18:00","1727892002","0.0025","0.0005","0.755","0.236","0.0005","0.0005","0.0005","0.0005","0.0015","0.0005","0.0025","0.0005","0.0005","0.0005","0.0005","0.0025","0.0025"
"10-02-2024 19:00","1727895602","0.0025","0.0005","0.755","0.2365","0.0005","0.0005","0.0005","0.0005","0.0015","0.0005","0.0025","0.0005","0.0005","0.0005","0.0005","0.0025","0.0025"
"10-02-2024 20:00","1727899202","0.0025","0.0005","0.7565","0.2355","0.0005","0.0005","0.0005","0.0005","0.0015","0.0005","0.0025","0.0005","0.0005","0.0005","0.0005","0.0025","0.0025"
"10-02-2024 21:00","1727902802","0.0025","0.0005","0.7565","0.2365","0.0005","0.0005","0.0005","0.0005","0.0015","0.0005","0.0025","0.0005","0.0005","0.0005","0.0005","0.0025","0.0025"
"10-02-2024 22:00","1727906402","0.0025","0.0005","0.7565","0.237","0.0005","0.0005","0.0005","0.0005","0.0015","0.0005","0.0025","0.0005","0.0005","0.0005","0.0005","0.0025","0.0025"
"10-02-2024 23:00","1727910003","0.0025","0.0005","0.7555","0.2355","0.0005","0.0005","0.0005","0.0005","0.0015","0.0005","0.0025","0.0005","0.0005","0.0005","0.0005","0.0025","0.0025"
"10-03-2024 00:00","1727913602","0.0025","0.0005","0.755","0.2355","0.0005","0.0005","0.0005","0.0005","0.0015","0.0005","0.0035","0.0005","0.0005","0.0005","0.0005","0.0025","0.0025"
"10-03-2024 01:00","1727917202","0.0025","0.0005","0.755","0.236","0.0005","0.0005","0.0005","0.0005","0.0015","0.0005","0.0035","0.0005","0.0005","0.0005","0.0005","0.0025","0.0025"
"10-03-2024 02:00","1727920802","0.0025","0.0005","0.7545","0.237","0.0005","0.0005","0.0005","0.0005","0.0015","0.0005","0.0035","0.0005","0.0005","0.0005","0.0005","0.0025","0.0025"
"10-03-2024 03:00","1727924403","0.0025","0.0005","0.7535","0.2375","0.0005","0.0005","0.0005","0.0005","0.0015","0.0005","0.0035","0.0005","0.0005","0.0005","0.0005","0.0025","0.0025"
"10-03-2024 04:00","1727928002","0.0025","0.0005","0.7535","0.2375","0.0005","0.0005","0.0005","0.0005","0.0015","0.0005","0.0035","0.0005","0.0005","0.0005","0.0005","0.0025","0.0025"
"10-03-2024 05:00","1727931603","0.0025","0.0005","0.756","0.237","0.0005","0.0005","0.0005","0.0005","0.0015","0.0005","0.003","0.0005","0.0005","0.0005","0.0005","0.0025","0.0025"
"10-03-2024 06:00","1727935202","0.0025","0.0005","0.7525","0.24","0.0005","0.0005","0.0005","0.0005","0.0015","0.0005","0.0025","0.0005","0.0005","0.0005","0.0005","0.0025","0.0025"
"10-03-2024 07:00","1727938802","0.0025","0.0005","0.7525","0.24","0.0005","0.0005","0.0005","0.0005","0.0015","0.0005","0.0025","0.0005","0.0005","0.0005","0.0005","0.0025","0.0025"
"10-03-2024 08:00","1727942402","0.0025","0.0005","0.752","0.2395","0.0005","0.0005","0.0005","0.0005","0.0015","0.0005","0.0025","0.0005","0.0005","0.0005","0.0005","0.0025","0.0025"
"10-03-2024 09:00","1727946002","0.0025","0.0005","0.7515","0.2395","0.0005","0.0005","0.0005","0.0005","0.0015","0.0005","0.0025","0.0005","0.0005","0.0005","0.0005","0.0025","0.0025"
"10-03-2024 10:00","1727949602","0.0025","0.0005","0.7515","0.2405","0.0005","0.0005","0.0005","0.0005","0.0015","0.0005","0.0025","0.0005","0.0005","0.0005","0.0005","0.0025","0.0025"
"10-03-2024 11:00","1727953202","0.0025","0.0005","0.7515","0.2405","0.0005","0.0005","0.0005","0.0005","0.0015","0.0005","0.0025","0.0005","0.0005","0.0005","0.0005","0.0025","0.0025"
"10-03-2024 12:00","1727956802","0.0025","0.0005","0.7525","0.2395","0.0005","0.0005","0.0005","0.0005","0.0015","0.0005","0.0025","0.0005","0.0005","0.0005","0.0005","0.0025","0.0025"
"10-03-2024 13:00","1727960402","0.0025","0.0005","0.7515","0.2395","0.0005","0.0005","0.0005","0.0005","0.0015","0.0005","0.0025","0.0005","0.0005","0.0005","0.0005","0.0025","0.0025"
"10-03-2024 14:00","1727964002","0.0025","0.0005","0.7535","0.238","0.0005","0.0005","0.0005","0.0005","0.0015","0.0005","0.0025","0.0005","0.0005","0.0005","0.0005","0.0025","0.0025"
"10-03-2024 15:00","1727967603","0.0025","0.0005","0.7535","0.2385","0.0005","0.0005","0.0005","0.0005","0.0015","0.0005","0.003","0.0005","0.0005","0.0005","0.0005","0.0025","0.0025"
"10-03-2024 16:00","1727971202","0.0025","0.0005","0.7525","0.2395","0.0005","0.0005","0.0005","0.0005","0.0015","0.0005","0.0025","0.0005","0.0005","0.0005","0.0005","0.0025","0.0025"
"10-03-2024 17:00","1727974802","0.0025","0.0005","0.751","0.242","0.0005","0.0005","0.0005","0.0005","0.0015","0.0005","0.0025","0.0005","0.0005","0.0005","0.0005","0.0025","0.0025"
"10-03-2024 18:00","1727978401","0.0025","0.0005","0.7505","0.2415","0.0005","0.0005","0.0005","0.0005","0.0015","0.0005","0.0025","0.0005","0.0005","0.0005","0.0005","0.0025","0.0025"
"10-03-2024 19:00","1727982002","0.0025","0.0005","0.749","0.244","0.0005","0.0005","0.0005","0.0005","0.0015","0.0005","0.0025","0.0005","0.0005","0.0005","0.0005","0.0025","0.0025"
"10-03-2024 20:00","1727985602","0.0025","0.0005","0.7485","0.2425","0.0005","0.0005","0.0005","0.0005","0.0015","0.0005","0.002","0.0005","0.0005","0.0005","0.0005","0.0025","0.0025"
"10-03-2024 21:00","1727989202","0.0025","0.0005","0.7505","0.2425","0.0005","0.0005","0.0005","0.0005","0.0015","0.0005","0.002","0.0005","0.0005","0.0005","0.0005","0.0025","0.0025"
"10-03-2024 22:00","1727992802","0.0025","0.0005","0.7485","0.2435","0.0005","0.0005","0.0005","0.0005","0.0015","0.0005","0.002","0.0005","0.0005","0.0005","0.0005","0.0025","0.0025"
"10-03-2024 23:00","1727996402","0.0025","0.0005","0.7495","0.243","0.0005","0.0005","0.0005","0.0005","0.0015","0.0005","0.0015","0.0005","0.0005","0.0005","0.0005","0.0025","0.0025"
"10-04-2024 00:00","1728000002","0.0025","0.0005","0.7505","0.2415","0.0005","0.0005","0.0005","0.0005","0.0015","0.0005","0.0015","0.0005","0.0005","0.0005","0.0005","0.0025","0.0025"
"10-04-2024 01:00","1728003602","0.0025","0.0005","0.751","0.242","0.0005","0.0005","0.0005","0.0005","0.0015","0.0005","0.0015","0.0005","0.0005","0.0005","0.0005","0.0025","0.0025"
"10-04-2024 02:00","1728007202","0.0025","0.0005","0.7515","0.2425","0.0005","0.0005","0.0005","0.0005","0.0015","0.0005","0.0015","0.0005","0.0005","0.0005","0.0005","0.0025","0.0025"
"10-04-2024 03:00","1728010802","0.0025","0.0005","0.7505","0.2425","0.0005","0.0005","0.0005","0.0005","0.0015","0.0005","0.0015","0.0005","0.0005","0.0005","0.0005","0.0025","0.0025"
"10-04-2024 04:00","1728014403","0.0025","0.0005","0.751","0.2425","0.0005","0.0005","0.0005","0.0005","0.0015","0.0005","0.0015","0.0005","0.0005","0.0005","0.0005","0.0025","0.0025"
"10-04-2024 05:00","1728018002","0.0025","0.0005","0.752","0.2425","0.0005","0.0005","0.0005","0.0005","0.0015","0.0005","0.0015","0.0005","0.0005","0.0005","0.0005","0.0025","0.0025"
"10-04-2024 06:00","1728021602","0.0025","0.0005","0.75","0.2425","0.0005","0.0005","0.0005","0.0005","0.0015","0.0005","0.0015","0.0005","0.0005","0.0005","0.0005","0.0025","0.0025"
"10-04-2024 07:00","1728025202","0.0025","0.0005","0.7485","0.242","0.0005","0.0005","0.0005","0.0005","0.0015","0.0005","0.0015","0.0005","0.0005","0.0005","0.0005","0.0025","0.0025"
"10-04-2024 08:00","1728028802","0.0025","0.0005","0.7485","0.2415","0.0005","0.0005","0.0005","0.0005","0.0015","0.0005","0.0015","0.0005","0.0005","0.0005","0.0005","0.0025","0.0025"
"10-04-2024 09:00","1728032402","0.0025","0.0005","0.75","0.243","0.0005","0.0005","0.0005","0.0005","0.0015","0.0005","0.0015","0.0005","0.0005","0.0005","0.0005","0.0025","0.0025"
"10-04-2024 10:00","1728036002","0.0025","0.0005","0.75","0.243","0.0005","0.0005","0.0005","0.0005","0.0015","0.0005","0.0015","0.0005","0.0005","0.0005","0.0005","0.0025","0.0025"
"10-04-2024 11:00","1728039602","0.0035","0.0005","0.7495","0.2425","0.0005","0.0005","0.0005","0.0005","0.0015","0.0005","0.0015","0.0005","0.0005","0.0005","0.0005","0.0025","0.0025"
"10-04-2024 12:00","1728043202","0.0035","0.0005","0.7475","0.242","0.0005","0.0005","0.0005","0.0005","0.0015","0.0005","0.0015","0.0005","0.0005","0.0005","0.0005","0.0025","0.0025"
"10-04-2024 13:00","1728046802","0.0035","0.0005","0.7485","0.242","0.0005","0.0005","0.0005","0.0005","0.0015","0.0005","0.0015","0.0005","0.0005","0.0005","0.0005","0.0025","0.0025"
"10-04-2024 14:00","1728050402","0.0035","0.0005","0.7505","0.2405","0.0005","0.0005","0.0005","0.0005","0.0015","0.0005","0.0025","0.0005","0.0005","0.0005","0.0005","0.0025","0.0025"
"10-04-2024 15:00","1728054002","0.004","0.0005","0.7475","0.2435","0.0005","0.0005","0.0005","0.0005","0.0015","0.0005","0.0015","0.0005","0.0005","0.0005","0.0005","0.0025","0.0025"
"10-04-2024 16:00","1728057602","0.0025","0.0005","0.7495","0.2425","0.0005","0.0005","0.0005","0.0005","0.0015","0.0005","0.0025","0.0005","0.0005","0.0005","0.0005","0.0025","0.0025"
"10-04-2024 17:00","1728061202","0.003","0.0005","0.7425","0.249","0.0005","0.0005","0.0005","0.0005","0.0015","0.0005","0.0025","0.0005","0.0005","0.0005","0.0005","0.0025","0.0025"
"10-04-2024 18:00","1728064802","0.003","0.0005","0.7425","0.249","0.0005","0.0005","0.0005","0.0005","0.0015","0.0005","0.0025","0.0005","0.0005","0.0005","0.0005","0.0025","0.0025"
"10-04-2024 19:00","1728068402","0.0035","0.0005","0.7445","0.2465","0.0005","0.0005","0.0005","0.0005","0.0015","0.0005","0.0025","0.0005","0.0005","0.0005","0.0005","0.0025","0.0025"
"10-04-2024 20:00","1728072002","0.003","0.0005","0.7445","0.2475","0.0005","0.0005","0.0005","0.0005","0.0015","0.0005","0.0015","0.0005","0.0005","0.0005","0.0005","0.0025","0.0025"
"10-04-2024 21:00","1728075602","0.003","0.0005","0.746","0.246","0.0005","0.0005","0.0005","0.0005","0.0015","0.0005","0.0015","0.0005","0.0005","0.0005","0.0005","0.0025","0.0025"
"10-04-2024 22:00","1728079202","0.003","0.0005","0.7455","0.2455","0.0005","0.0005","0.0005","0.0005","0.0015","0.0005","0.0015","0.0005","0.0005","0.0005","0.0005","0.0025","0.002"
"10-04-2024 23:00","1728082802","0.003","0.0005","0.7485","0.2465","0.0005","0.0005","0.0005","0.0005","0.0015","0.0005","0.0015","0.0005","0.0005","0.0005","0.0005","0.0025","0.002"
"10-05-2024 00:00","1728086402","0.0025","0.0005","0.7455","0.247","0.0005","0.0005","0.0005","0.0005","0.0015","0.0005","0.0015","0.0005","0.0005","0.0005","0.0005","0.0025","0.002"
"10-05-2024 01:00","1728090002","0.0035","0.0005","0.7405","0.2515","0.0005","0.0005","0.0005","0.0005","0.0015","0.0005","0.0015","0.0005","0.0005","0.0005","0.0005","0.0025","0.002"
"10-05-2024 02:00","1728093602","0.0035","0.0005","0.731","0.256","0.0005","0.0005","0.0005","0.0005","0.0015","0.0005","0.0015","0.0005","0.0005","0.0005","0.0005","0.0025","0.0015"
"10-05-2024 03:00","1728097202","0.004","0.0005","0.712","0.261","0.0005","0.0005","0.0005","0.0005","0.0015","0.0005","0.0015","0.0005","0.0005","0.0005","0.0005","0.0025","0.002"
"10-05-2024 04:00","1728100802","0.0035","0.0005","0.7355","0.255","0.0005","0.0005","0.0005","0.0005","0.0015","0.0005","0.0025","0.0005","0.0005","0.0005","0.0005","0.0025","0.002"
"10-05-2024 05:00","1728104402","0.0035","0.0005","0.729","0.2555","0.0005","0.0005","0.0005","0.0005","0.0015","0.0005","0.0025","0.0005","0.0005","0.0005","0.0005","0.0025","0.002"
"10-05-2024 06:00","1728108002","0.0035","0.0005","0.733","0.259","0.0005","0.0005","0.0005","0.0005","0.0015","0.0005","0.0025","0.0005","0.0005","0.0005","0.0005","0.0025","0.002"
"10-05-2024 07:00","1728111602","0.0035","0.0005","0.7325","0.2585","0.0005","0.0005","0.0005","0.0005","0.0015","0.0005","0.0025","0.0005","0.0005","0.0005","0.0005","0.0025","0.002"
"10-05-2024 08:00","1728115202","0.0035","0.0005","0.7325","0.2595","0.0005","0.0005","0.0005","0.0005","0.0015","0.0005","0.0025","0.0005","0.0005","0.0005","0.0005","0.0025","0.002"
"10-05-2024 09:00","1728118802","0.0035","0.0005","0.7325","0.2595","0.0005","0.0005","0.0005","0.0005","0.0015","0.0005","0.002","0.0005","0.0005","0.0005","0.0005","0.0025","0.002"
"10-05-2024 10:00","1728122402","0.003","0.0005","0.7375","0.2555","0.0005","0.0005","0.0005","0.0005","0.0015","0.0005","0.002","0.0005","0.0005","0.0005","0.0005","0.0025","0.0025"
"10-05-2024 11:00","1728126002","0.003","0.0005","0.7375","0.2545","0.0005","0.0005","0.0005","0.0005","0.0015","0.0005","0.002","0.0005","0.0005","0.0005","0.0005","0.0025","0.0025"
"10-05-2024 12:00","1728129602","0.003","0.0005","0.7375","0.254","0.0005","0.0005","0.0005","0.0005","0.0015","0.0005","0.0015","0.0005","0.0005","0.0005","0.0005","0.0025","0.0015"
"10-05-2024 13:00","1728133202","0.003","0.0005","0.7375","0.2535","0.0005","0.0005","0.0005","0.0005","0.0015","0.0005","0.0015","0.0005","0.0005","0.0005","0.0005","0.0025","0.0025"
"10-05-2024 14:00","1728136802","0.003","0.0005","0.7365","0.2535","0.0005","0.0005","0.0005","0.0005","0.0015","0.0005","0.0015","0.0005","0.0005","0.0005","0.0005","0.0025","0.0025"
"10-05-2024 15:00","1728140402","0.003","0.0005","0.7385","0.253","0.0005","0.0005","0.0005","0.0005","0.0015","0.0005","0.0015","0.0005","0.0005","0.0005","0.0005","0.0025","0.0025"
"10-05-2024 16:00","1728144002","0.003","0.0005","0.7395","0.253","0.0005","0.0005","0.0005","0.0005","0.0015","0.0005","0.0015","0.0005","0.0005","0.0005","0.0005","0.003","0.0025"
"10-05-2024 17:00","1728147602","0.0035","0.0005","0.738","0.255","0.0005","0.0005","0.0005","0.0005","0.0015","0.0005","0.0015","0.0005","0.0005","0.0005","0.0005","0.003","0.0025"
"10-05-2024 18:00","1728151202","0.0035","0.0005","0.737","0.2535","0.0005","0.0005","0.0005","0.0005","0.0015","0.0005","0.0015","0.0005","0.0005","0.0005","0.0005","0.003","0.0025"
"10-05-2024 19:00","1728154802","0.0025","0.0005","0.738","0.2535","0.0005","0.0005","0.0005","0.0005","0.0015","0.0005","0.002","0.0005","0.0005","0.0005","0.0005","0.003","0.0025"
"10-05-2024 20:00","1728158402","0.0025","0.0005","0.7395","0.2535","0.0005","0.0005","0.0005","0.0005","0.0015","0.0005","0.002","0.0005","0.0005","0.0005","0.0005","0.003","0.0025"
"10-05-2024 21:00","1728162002","0.0025","0.0005","0.738","0.253","0.0005","0.0005","0.0005","0.0005","0.0015","0.0005","0.002","0.0005","0.0005","0.0005","0.0005","0.003","0.0025"
"10-05-2024 22:00","1728165602","0.0025","0.0005","0.738","0.2525","0.0005","0.0005","0.0005","0.0005","0.0015","0.0005","0.0015","0.0005","0.0005","0.0005","0.0005","0.0025","0.0025"
"10-05-2024 23:00","1728169202","0.0025","0.0005","0.7405","0.2515","0.0005","0.0005","0.0005","0.0005","0.0015","0.0005","0.002","0.0005","0.0005","0.0005","0.0005","0.0025","0.0025"
"10-06-2024 00:00","1728172802","0.0025","0.0005","0.7385","0.2515","0.0005","0.0005","0.0005","0.0005","0.0015","0.0005","0.002","0.0005","0.0005","0.0005","0.0005","0.003","0.0025"
"10-06-2024 01:00","1728176402","0.0025","0.0005","0.7375","0.2515","0.0005","0.0005","0.0005","0.0005","0.0015","0.0005","0.0025","0.0005","0.0005","0.0005","0.0005","0.003","0.0025"
"10-06-2024 02:00","1728180002","0.0025","0.0005","0.7385","0.2525","0.0005","0.0005","0.0005","0.0005","0.0015","0.0005","0.0025","0.0005","0.0005","0.0005","0.0005","0.003","0.0025"
"10-06-2024 03:00","1728183602","0.0025","0.0005","0.7405","0.252","0.0005","0.0005","0.0005","0.0005","0.0015","0.0005","0.0015","0.0005","0.0005","0.0005","0.0005","0.003","0.0025"
"10-06-2024 04:00","1728187202","0.0025","0.0005","0.7385","0.249","0.0005","0.0005","0.0005","0.0005","0.0015","0.0005","0.0015","0.0005","0.0005","0.0005","0.0005","0.003","0.0025"
"10-06-2024 05:00","1728190802","0.0025","0.0005","0.7455","0.248","0.0005","0.0005","0.0005","0.0005","0.0015","0.0005","0.0015","0.0005","0.0005","0.0005","0.0005","0.0025","0.0025"
"10-06-2024 06:00","1728194402","0.0025","0.0005","0.743","0.247","0.0005","0.0005","0.0005","0.0005","0.0015","0.0005","0.0015","0.0005","0.0005","0.0005","0.0005","0.003","0.0025"
"10-06-2024 07:00","1728198002","0.0025","0.0005","0.7445","0.2465","0.0005","0.0005","0.0005","0.0005","0.0015","0.0005","0.0015","0.0005","0.0005","0.0005","0.0005","0.0025","0.0025"
"10-06-2024 08:00","1728201602","0.0025","0.0005","0.7465","0.246","0.0005","0.0005","0.0005","0.0005","0.0015","0.0005","0.0015","0.0005","0.0005","0.0005","0.0005","0.0025","0.0025"
"10-06-2024 09:00","1728205202","0.0025","0.0005","0.7455","0.247","0.0005","0.0005","0.0005","0.0005","0.0015","0.0005","0.002","0.0005","0.0005","0.0005","0.0005","0.003","0.0025"
"10-06-2024 10:00","1728208802","0.0025","0.0005","0.7415","0.2505","0.0005","0.0005","0.0005","0.0005","0.0015","0.0005","0.002","0.0005","0.0005","0.0005","0.0005","0.0025","0.0025"
"10-06-2024 11:00","1728212402","0.0025","0.0005","0.7365","0.2545","0.0005","0.0005","0.0005","0.0005","0.0015","0.0005","0.002","0.0005","0.0005","0.0005","0.0005","0.0025","0.0025"
"10-06-2024 12:00","1728216002","0.0025","0.0005","0.737","0.2545","0.0005","0.0005","0.0005","0.0005","0.0015","0.0005","0.0025","0.0005","0.0005","0.0005","0.0005","0.0025","0.0025"
"10-06-2024 13:00","1728219602","0.0025","0.0005","0.7355","0.2545","0.0005","0.0005","0.0005","0.0005","0.0015","0.0005","0.002","0.0005","0.0005","0.0005","0.0005","0.0025","0.0025"
"10-06-2024 14:00","1728223202","0.0025","0.0005","0.7355","0.256","0.0005","0.0005","0.0005","0.0005","0.0015","0.0005","0.002","0.0005","0.0005","0.0005","0.0005","0.0025","0.0025"
"10-06-2024 15:00","1728226802","0.0025","0.0005","0.7385","0.256","0.0005","0.0005","0.0005","0.0005","0.0015","0.0005","0.0015","0.0005","0.0005","0.0005","0.0005","0.0025","0.0015"
"10-06-2024 16:00","1728230402","0.0025","0.0005","0.7365","0.2555","0.0005","0.0005","0.0005","0.0005","0.0015","0.0005","0.0025","0.0005","0.0005","0.0005","0.0005","0.0025","0.0025"
"10-06-2024 17:00","1728234002","0.0025","0.0005","0.7315","0.256","0.0005","0.0005","0.0005","0.0005","0.0015","0.0005","0.0025","0.0005","0.0005","0.0005","0.0005","0.0025","0.0025"
"10-06-2024 18:00","1728237602","0.0025","0.0005","0.7355","0.257","0.0005","0.0005","0.0005","0.0005","0.0015","0.0005","0.0015","0.0005","0.0005","0.0005","0.0005","0.0025","0.0015"
"10-06-2024 19:00","1728241202","0.0025","0.0005","0.7375","0.2555","0.0005","0.0005","0.0005","0.0005","0.0015","0.0005","0.0015","0.0005","0.0005","0.0005","0.0005","0.0025","0.0015"
"10-06-2024 20:00","1728244802","0.0025","0.0005","0.738","0.256","0.0005","0.0005","0.0005","0.0005","0.0015","0.0005","0.0015","0.0005","0.0005","0.0005","0.0005","0.0025","0.002"
"10-06-2024 21:00","1728248402","0.002","0.0005","0.738","0.2565","0.0005","0.0005","0.0005","0.0005","0.0015","0.0005","0.0015","0.0005","0.0005","0.0005","0.0005","0.0025","0.002"
"10-06-2024 22:00","1728252002","0.002","0.0005","0.738","0.2565","0.0005","0.0005","0.0005","0.0005","0.0015","0.0005","0.0015","0.0005","0.0005","0.0005","0.0005","0.0025","0.002"
"10-06-2024 23:00","1728255602","0.002","0.0005","0.738","0.256","0.0005","0.0005","0.0005","0.0005","0.0015","0.0005","0.0015","0.0005","0.0005","0.0005","0.0005","0.0025","0.002"
"10-07-2024 00:00","1728259202","0.0015","0.0005","0.7375","0.2575","0.0005","0.0005","0.0005","0.0005","0.0015","0.0005","0.0015","0.0005","0.0005","0.0005","0.0005","0.0025","0.0015"
"10-07-2024 01:00","1728262802","0.002","0.0005","0.7385","0.2565","0.0005","0.0005","0.0005","0.0005","0.0015","0.0005","0.0015","0.0005","0.0005","0.0005","0.0005","0.0025","0.002"
"10-07-2024 02:00","1728266402","0.0015","0.0005","0.7375","0.2575","0.0005","0.0005","0.0005","0.0005","0.0015","0.0005","0.0015","0.0005","0.0005","0.0005","0.0005","0.0025","0.0015"
"10-07-2024 03:00","1728270002","0.0015","0.0005","0.7305","0.257","0.0005","0.0005","0.0005","0.0005","0.0015","0.0005","0.0015","0.0005","0.0005","0.0005","0.0005","0.0025","0.002"
"10-07-2024 04:00","1728273602","0.0015","0.0005","0.73","0.257","0.0005","0.0005","0.0005","0.0005","0.0015","0.0005","0.0015","0.0005","0.0005","0.0005","0.0005","0.0025","0.0025"
"10-07-2024 05:00","1728277202","0.002","0.0005","0.7265","0.257","0.0005","0.0005","0.0005","0.0005","0.0015","0.0005","0.0015","0.0005","0.0005","0.0005","0.0005","0.0025","0.0025"
"10-07-2024 06:00","1728280802","0.002","0.0005","0.7345","0.2575","0.0005","0.0005","0.0005","0.0005","0.0015","0.0005","0.0015","0.0005","0.0005","0.0005","0.0005","0.0025","0.002"
"10-07-2024 07:00","1728284402","0.0015","0.0005","0.734","0.2585","0.0005","0.0005","0.0005","0.0005","0.0015","0.0005","0.0015","0.0005","0.0005","0.0005","0.0005","0.0025","0.0015"
"10-07-2024 08:00","1728288002","0.0015","0.0005","0.733","0.257","0.0005","0.0005","0.0005","0.0005","0.0015","0.0005","0.0015","0.0005","0.0005","0.0005","0.0005","0.0025","0.002"
"10-07-2024 09:00","1728291602","0.0015","0.0005","0.7295","0.2565","0.0005","0.0005","0.0005","0.0005","0.0015","0.0005","0.0015","0.0005","0.0005","0.0005","0.0005","0.0025","0.0015"
"10-07-2024 10:00","1728295202","0.002","0.0005","0.733","0.2575","0.0005","0.0005","0.0005","0.0005","0.0015","0.0005","0.0015","0.0005","0.0005","0.0005","0.0005","0.003","0.002"
"10-07-2024 11:00","1728298802","0.002","0.0005","0.7305","0.2575","0.0005","0.0015","0.0005","0.0005","0.0015","0.0005","0.0015","0.0005","0.0005","0.0005","0.0005","0.003","0.002"
"10-07-2024 12:00","1728302402","0.0015","0.0005","0.736","0.259","0.0005","0.0015","0.0005","0.0005","0.0015","0.0005","0.0015","0.0005","0.0005","0.0005","0.0005","0.003","0.002"
"10-07-2024 13:00","1728306002","0.0015","0.0005","0.7355","0.2585","0.0005","0.0015","0.0005","0.0005","0.0015","0.0005","0.0015","0.0005","0.0005","0.0005","0.0005","0.003","0.0015"
"10-07-2024 14:00","1728309602","0.002","0.0005","0.735","0.2595","0.0005","0.0015","0.0005","0.0005","0.0015","0.0005","0.0015","0.0005","0.0005","0.0005","0.0005","0.0025","0.002"
"10-07-2024 15:00","1728313201","0.002","0.0005","0.7355","0.259","0.0005","0.0015","0.0005","0.0005","0.0015","0.0005","0.0015","0.0005","0.0005","0.0005","0.0005","0.0025","0.002"
"10-07-2024 16:00","1728316802","0.0015","0.0005","0.728","0.2615","0.0005","0.0015","0.0005","0.0005","0.0015","0.0005","0.0015","0.0005","0.0005","0.0005","0.0005","0.0025","0.0025"
"10-07-2024 17:00","1728320402","0.0015","0.0015","0.7155","0.2765","0.0005","0.0015","0.0005","0.0005","0.0015","0.0005","0.0015","0.0005","0.0005","0.0005","0.0005","0.0025","0.0025"
"10-07-2024 18:00","1728324002","0.0015","0.0015","0.718","0.274","0.0005","0.0015","0.0005","0.0005","0.0015","0.0005","0.0015","0.0005","0.0005","0.0005","0.0005","0.0025","0.0025"
"10-07-2024 19:00","1728327602","0.0015","0.0015","0.7215","0.2705","0.0005","0.0015","0.0005","0.0005","0.0015","0.0005","0.0015","0.0005","0.0005","0.0005","0.0005","0.0025","0.0015"
"10-07-2024 20:00","1728331202","0.0015","0.0015","0.712","0.281","0.0005","0.0015","0.0005","0.0005","0.0015","0.0005","0.0015","0.0005","0.0005","0.0005","0.0005","0.0025","0.0015"
"10-07-2024 21:00","1728334802","0.0015","0.0015","0.715","0.2765","0.0005","0.0015","0.0005","0.0005","0.0015","0.0005","0.0015","0.0005","0.0005","0.0005","0.0005","0.0025","0.0015"
"10-07-2024 22:00","1728338402","0.0015","0.0015","0.7185","0.2755","0.0005","0.0015","0.0005","0.0005","0.0015","0.0005","0.0015","0.0005","0.0005","0.0005","0.0005","0.0015","0.0015"
"10-07-2024 23:00","1728342002","0.0015","0.0015","0.735","0.2585","0.0005","0.001","0.0005","0.0005","0.0015","0.0005","0.0015","0.0005","0.0005","0.0005","0.0005","0.0015","0.0015"
"10-08-2024 00:00","1728345602","0.0015","0.0005","0.741","0.2565","0.0005","0.0005","0.0005","0.0005","0.0015","0.0005","0.0015","0.0005","0.0005","0.0005","0.0005","0.0015","0.0015"
"10-08-2024 01:00","1728349202","0.0015","0.0005","0.743","0.254","0.0005","0.0005","0.0005","0.0005","0.0015","0.0005","0.0015","0.0005","0.0005","0.0005","0.0005","0.0015","0.0015"
"10-08-2024 02:00","1728352802","0.0015","0.0005","0.7435","0.248","0.0005","0.0005","0.0005","0.0005","0.0015","0.0005","0.0015","0.0005","0.0005","0.0005","0.0005","0.0015","0.0015"
"10-08-2024 03:00","1728356402","0.0015","0.0005","0.7325","0.2615","0.0005","0.0005","0.0005","0.0005","0.0005","0.0005","0.0005","0.0005","0.0005","0.0005","0.0005","0.0015","0.0015"
"10-08-2024 04:00","1728360002","0.0015","0.0005","0.7325","0.2655","0.0005","0.0005","0.0005","0.0005","0.0005","0.0005","0.0005","0.0005","0.0005","0.0005","0.0005","0.0015","0.0015"
"10-08-2024 05:00","1728363602","0.0015","0.0005","0.7315","0.2665","0.0005","0.0005","0.0005","0.0005","0.0005","0.0005","0.0005","0.0005","0.0005","0.0005","0.0005","0.0015","0.0015"
"10-08-2024 06:00","1728367202","0.0015","0.0005","0.7345","0.2635","0.0005","0.0005","0.0005","0.0005","0.0005","0.0005","0.0005","0.0005","0.0005","0.0005","0.0005","0.0015","0.0015"
"10-08-2024 07:00","1728370802","0.0015","0.0005","0.732","0.2655","0.0005","0.0005","0.0005","0.0005","0.0005","0.0005","0.0005","0.0005","0.0005","0.0005","0.0005","0.0015","0.0015"
"10-08-2024 08:00","1728374402","0.0015","0.0015","0.731","0.264","0.0005","0.0015","0.0005","0.0005","0.0015","0.0005","0.0005","0.0005","0.0005","0.0005","0.0005","0.0015","0.0015"
"10-08-2024 09:00","1728378002","0.0015","0.0015","0.7315","0.263","0.0005","0.0015","0.0005","0.0005","0.0015","0.0005","0.0005","0.0005","0.0005","0.0005","0.0005","0.0015","0.0015"
"10-08-2024 10:00","1728381602","0.0015","0.0015","0.734","0.2615","0.0005","0.0015","0.0005","0.0005","0.0015","0.0005","0.0005","0.0005","0.0005","0.0005","0.0005","0.0015","0.0015"
"10-08-2024 11:00","1728385202","0.0015","0.0015","0.734","0.2605","0.0005","0.0015","0.0005","0.0005","0.0015","0.0005","0.0015","0.0005","0.0005","0.0005","0.0005","0.0015","0.0015"
"10-08-2024 12:00","1728388802","0.0015","0.0015","0.733","0.2605","0.0005","0.0015","0.0005","0.0005","0.0015","0.0005","0.0015","0.0005","0.0005","0.0005","0.0005","0.0015","0.0015"
"10-08-2024 13:00","1728392402","0.0015","0.0015","0.7315","0.2605","0.0005","0.0015","0.0005","0.0005","0.0015","0.0005","0.002","0.0005","0.0005","0.0005","0.0005","0.0015","0.0015"
"10-08-2024 14:00","1728396002","0.0015","0.0015","0.7355","0.261","0.0005","0.0015","0.0005","0.0005","0.0015","0.0005","0.0015","0.0005","0.0005","0.0005","0.0005","0.0015","0.0015"
"10-08-2024 15:00","1728399603","0.0015","0.0015","0.7335","0.2605","0.0005","0.0015","0.0005","0.0005","0.0015","0.0005","0.0015","0.0005","0.0005","0.0005","0.0005","0.0015","0.0015"
"10-08-2024 16:00","1728403214","0.0015","0.0015","0.734","0.2615","0.0005","0.0015","0.0005","0.0005","0.0015","0.0005","0.0015","0.0005","0.0005","0.0005","0.0005","0.0015","0.0015"
"10-08-2024 17:00","1728406803","0.0015","0.0015","0.7315","0.2625","0.0005","0.0015","0.0005","0.0005","0.0015","0.0005","0.0015","0.0005","0.0005","0.0005","0.0005","0.0015","0.0015"
"10-08-2024 18:00","1728410402","0.0015","0.0015","0.725","0.268","0.0005","0.0015","0.0005","0.0005","0.0015","0.0005","0.0015","0.0005","0.0005","0.0005","0.0005","0.0015","0.0015"
"10-08-2024 19:00","1728414003","0.0015","0.0005","0.726","0.272","0.0005","0.0015","0.0005","0.0005","0.0015","0.0005","0.0005","0.0005","0.0005","0.0005","0.0005","0.0015","0.0015"
"10-08-2024 20:00","1728417603","0.0015","0.001","0.725","0.2715","0.0005","0.0015","0.0005","0.0005","0.0015","0.0005","0.0005","0.0005","0.0005","0.0005","0.0005","0.0015","0.0015"
"10-08-2024 21:00","1728421202","0.0015","0.001","0.7245","0.2735","0.0005","0.0015","0.0005","0.0005","0.0015","0.0005","0.0005","0.0005","0.0005","0.0005","0.0005","0.0015","0.0015"
"10-08-2024 22:00","1728424802","0.0015","0.0005","0.725","0.2725","0.0005","0.0015","0.0005","0.0005","0.0015","0.0005","0.0005","0.0005","0.0005","0.0005","0.0005","0.0015","0.0015"
"10-08-2024 23:00","1728428402","0.0015","0.0005","0.726","0.2655","0.0005","0.0015","0.0005","0.0005","0.0015","0.0005","0.001","0.0005","0.0005","0.0005","0.0005","0.0015","0.0015"
"10-09-2024 00:00","1728432002","0.0015","0.001","0.7285","0.268","0.0005","0.0015","0.0005","0.0005","0.0015","0.0005","0.0005","0.0005","0.0005","0.0005","0.0005","0.0015","0.0015"
"10-09-2024 01:00","1728435602","0.0015","0.0005","0.7295","0.267","0.0005","0.0015","0.0005","0.0005","0.0015","0.0005","0.0005","0.0005","0.0005","0.0005","0.0005","0.0015","0.0015"
"10-09-2024 02:00","1728439202","0.0015","0.0005","0.731","0.2655","0.0005","0.0015","0.0005","0.0005","0.0015","0.0005","0.0005","0.0005","0.0005","0.0005","0.0005","0.0015","0.0015"
"10-09-2024 03:00","1728442802","0.0015","0.0015","0.729","0.2675","0.0005","0.0015","0.0005","0.0005","0.0015","0.0005","0.0005","0.0005","0.0005","0.0005","0.0005","0.0015","0.0015"
"10-09-2024 04:00","1728446402","0.0015","0.0015","0.7265","0.27","0.0005","0.0015","0.0005","0.0005","0.0015","0.0005","0.0005","0.0005","0.0005","0.0005","0.0005","0.0015","0.0015"
"10-09-2024 05:00","1728450002","0.0015","0.0015","0.7255","0.27","0.0005","0.0015","0.0005","0.0005","0.0015","0.0005","0.0005","0.0005","0.0005","0.0005","0.0005","0.0015","0.0015"
"10-09-2024 06:00","1728453602","0.0015","0.0005","0.7255","0.2705","0.0005","0.0015","0.0005","0.0005","0.0015","0.0005","0.0005","0.0005","0.0005","0.0005","0.0005","0.0015","0.0015"
"10-09-2024 07:00","1728457202","0.0015","0.0015","0.7255","0.2695","0.0005","0.0015","0.0005","0.0005","0.0015","0.0005","0.0005","0.0005","0.0005","0.0005","0.0005","0.0015","0.0015"
"10-09-2024 08:00","1728460802","0.0015","0.0015","0.7235","0.2695","0.0005","0.0015","0.0005","0.0005","0.0015","0.0005","0.0005","0.0005","0.0005","0.0005","0.0005","0.0015","0.0015"
"10-09-2024 09:00","1728464402","0.0015","0.0015","0.7215","0.2735","0.0005","0.0015","0.0005","0.0005","0.0015","0.0005","0.0005","0.0005","0.0005","0.0005","0.0005","0.0015","0.0015"
"10-09-2024 10:00","1728468002","0.0015","0.0015","0.7215","0.2735","0.0005","0.0015","0.0005","0.0005","0.0015","0.0005","0.0005","0.0005","0.0005","0.0005","0.0005","0.0015","0.0015"
"10-09-2024 11:00","1728471602","0.0015","0.0015","0.7205","0.2745","0.0005","0.0015","0.0005","0.0005","0.0015","0.0005","0.0005","0.0005","0.0005","0.0005","0.0005","0.0015","0.0015"
"10-09-2024 12:00","1728475202","0.0015","0.0015","0.7215","0.2715","0.0005","0.0015","0.0005","0.0005","0.0015","0.0005","0.0005","0.0005","0.0005","0.0005","0.0005","0.0015","0.0015"
"10-09-2024 13:00","1728478802","0.0015","0.0015","0.7205","0.2725","0.0005","0.0015","0.0005","0.0005","0.0015","0.0005","0.0005","0.0005","0.0005","0.0005","0.0005","0.0015","0.0015"
"10-09-2024 14:00","1728482402","0.0015","0.0015","0.7205","0.2725","0.0005","0.0015","0.0005","0.0005","0.0015","0.0005","0.0005","0.0005","0.0005","0.0005","0.0005","0.0015","0.0015"
"10-09-2024 15:00","1728486002","0.0015","0.0015","0.7205","0.2725","0.0005","0.0015","0.0005","0.0005","0.0015","0.0005","0.0005","0.0005","0.0005","0.0005","0.0005","0.0015","0.0015"
"10-09-2024 16:00","1728489602","0.0015","0.0015","0.7205","0.2725","0.0005","0.0015","0.0005","0.0005","0.0015","0.0005","0.0005","0.0005","0.0005","0.0005","0.0005","0.0015","0.0015"
"10-09-2024 17:00","1728493202","0.0015","0.0015","0.7205","0.2725","0.0005","0.0015","0.0005","0.0005","0.0015","0.0005","0.0005","0.0005","0.0005","0.0005","0.0005","0.0015","0.0015"
"10-09-2024 18:00","1728496802","0.0015","0.0015","0.7225","0.2725","0.0005","0.0015","0.0005","0.0005","0.002","0.0005","0.0005","0.0005","0.0005","0.0005","0.0005","0.0015","0.0015"
"10-09-2024 19:00","1728500402","0.0015","0.0015","0.7225","0.272","0.0005","0.0015","0.0005","0.0005","0.0015","0.0005","0.0005","0.0005","0.0005","0.0005","0.0005","0.0015","0.0015"
"10-09-2024 20:00","1728504003","0.0015","0.0015","0.7215","0.273","0.0005","0.0015","0.0005","0.0005","0.0015","0.0005","0.0005","0.0005","0.0005","0.0005","0.0005","0.0015","0.0015"
"10-09-2024 21:00","1728507603","0.0015","0.0015","0.7235","0.272","0.0005","0.0015","0.0005","0.0005","0.0015","0.0005","0.001","0.0005","0.0005","0.0005","0.0005","0.0015","0.0015"
"10-09-2024 22:00","1728511202","0.0015","0.0015","0.722","0.273","0.0005","0.0015","0.0005","0.0005","0.0015","0.0005","0.0015","0.0005","0.0005","0.0005","0.0005","0.0015","0.0015"
"10-09-2024 23:00","1728514802","0.0015","0.0015","0.7215","0.2725","0.0005","0.0015","0.0005","0.0005","0.0015","0.0005","0.0015","0.0005","0.0005","0.0005","0.0005","0.0015","0.0015"
"10-10-2024 00:00","1728518402","0.0015","0.0015","0.7215","0.272","0.0005","0.0015","0.0005","0.0005","0.0015","0.0005","0.0015","0.0005","0.0005","0.0005","0.0005","0.0015","0.0015"
"10-10-2024 01:00","1728522002","0.0015","0.0015","0.7225","0.272","0.0005","0.0015","0.0005","0.0005","0.0015","0.0005","0.0015","0.0005","0.0005","0.0005","0.0005","0.0015","0.0015"
"10-10-2024 02:00","1728525603","0.0015","0.0015","0.722","0.27","0.0005","0.0015","0.0005","0.0005","0.0015","0.0005","0.0015","0.0005","0.0005","0.0005","0.0005","0.0015","0.0015"
"10-10-2024 03:00","1728529203","0.0015","0.0015","0.727","0.268","0.0005","0.0015","0.0005","0.0005","0.0015","0.0005","0.0015","0.0005","0.0005","0.0005","0.0005","0.0015","0.0015"
"10-10-2024 04:00","1728532802","0.0015","0.0015","0.7255","0.2685","0.0005","0.0015","0.0005","0.0005","0.0015","0.0005","0.0015","0.0005","0.0005","0.0005","0.0005","0.0015","0.0015"
"10-10-2024 05:00","1728536402","0.0015","0.0015","0.7255","0.2685","0.0005","0.0015","0.0005","0.0005","0.0015","0.0005","0.0015","0.0005","0.0005","0.0005","0.0005","0.0015","0.0015"
"10-10-2024 06:00","1728540002","0.0015","0.0015","0.726","0.2685","0.0005","0.0015","0.0005","0.0005","0.0015","0.0005","0.0015","0.0005","0.0005","0.0005","0.0005","0.0015","0.0015"
"10-10-2024 07:00","1728543603","0.0015","0.0015","0.7255","0.2685","0.0005","0.0015","0.0005","0.0005","0.0015","0.0005","0.0015","0.0005","0.0005","0.0005","0.0005","0.0015","0.0015"
"10-10-2024 08:00","1728547202","0.0015","0.0015","0.7255","0.2685","0.0005","0.0015","0.0005","0.0005","0.0015","0.0005","0.0015","0.0005","0.0005","0.0005","0.0005","0.0015","0.0015"
"10-10-2024 09:00","1728550802","0.0015","0.0015","0.7245","0.2675","0.0005","0.0015","0.0005","0.0005","0.0015","0.0005","0.0015","0.0005","0.0005","0.0005","0.0005","0.0015","0.0015"
"10-10-2024 10:00","1728554402","0.0015","0.0015","0.7265","0.2675","0.0005","0.0015","0.0005","0.0005","0.0015","0.0005","0.0015","0.0005","0.0005","0.0005","0.0005","0.0015","0.0015"
"10-10-2024 11:00","1728558002","0.0015","0.0015","0.7215","0.268","0.0005","0.0015","0.0005","0.0005","0.0015","0.0005","0.0015","0.0005","0.0005","0.0005","0.0005","0.0015","0.0015"
"10-10-2024 12:00","1728561603","0.0015","0.0015","0.725","0.2685","0.0005","0.0015","0.0005","0.0005","0.0015","0.0005","0.0015","0.0005","0.0005","0.0005","0.0005","0.0015","0.0015"
"10-10-2024 13:00","1728565203","0.0015","0.0015","0.7245","0.2695","0.0005","0.0015","0.0005","0.0005","0.0015","0.0005","0.0015","0.0005","0.0005","0.0005","0.0005","0.0015","0.0015"
"10-10-2024 14:00","1728568803","0.0015","0.0015","0.7245","0.2695","0.0005","0.0015","0.0005","0.0005","0.0015","0.0005","0.0015","0.0005","0.0005","0.0005","0.0005","0.0015","0.0015"
"10-10-2024 15:00","1728572403","0.0015","0.0015","0.7265","0.2675","0.0005","0.0015","0.0005","0.0005","0.0015","0.0005","0.0015","0.0005","0.0005","0.0005","0.0005","0.0015","0.0015"
"10-10-2024 16:00","1728576003","0.0015","0.0015","0.7205","0.2675","0.0005","0.0015","0.0005","0.0005","0.0015","0.0005","0.0015","0.0005","0.0005","0.0005","0.0005","0.0015","0.0015"
"10-10-2024 17:00","1728579602","0.0015","0.0015","0.7275","0.2665","0.0005","0.0015","0.0005","0.0005","0.0015","0.0005","0.0015","0.0005","0.0005","0.0005","0.0005","0.0015","0.0015"
"10-10-2024 18:00","1728583203","0.0015","0.0015","0.7255","0.2685","0.0005","0.0015","0.0005","0.0005","0.0015","0.0005","0.0015","0.0005","0.0005","0.0005","0.0005","0.0015","0.0015"
"10-10-2024 19:00","1728586802","0.0015","0.0015","0.726","0.2685","0.0005","0.0015","0.0005","0.0005","0.0015","0.0005","0.0015","0.0005","0.0005","0.0005","0.0005","0.0015","0.0015"
"10-10-2024 20:00","1728590402","0.0015","0.0015","0.7235","0.271","0.0005","0.0015","0.0005","0.0005","0.0015","0.0005","0.0015","0.0005","0.0005","0.0005","0.0005","0.0015","0.0015"
"10-10-2024 21:00","1728594003","0.0015","0.0015","0.721","0.274","0.0005","0.0015","0.0005","0.0005","0.0015","0.0005","0.0015","0.0005","0.0005","0.0005","0.0005","0.0015","0.0015"
"10-10-2024 22:00","1728597603","0.0015","0.0015","0.719","0.2765","0.0005","0.0015","0.0005","0.0005","0.0015","0.0005","0.0015","0.0005","0.0005","0.0005","0.0005","0.0015","0.0015"
"10-10-2024 23:00","1728601203","0.0015","0.0005","0.7145","0.2805","0.0005","0.0015","0.0005","0.0005","0.0015","0.0005","0.0015","0.0005","0.0005","0.0005","0.0005","0.0015","0.0015"
"10-11-2024 00:00","1728604803","0.0015","0.0005","0.714","0.281","0.0005","0.0015","0.0005","0.0005","0.0015","0.0005","0.0015","0.0005","0.0005","0.0005","0.0005","0.0015","0.0015"
"10-11-2024 01:00","1728608402","0.0015","0.0005","0.7125","0.283","0.0005","0.0015","0.0005","0.0005","0.0015","0.0005","0.0015","0.0005","0.0005","0.0005","0.0005","0.0015","0.0015"
"10-11-2024 02:00","1728612003","0.0015","0.0005","0.714","0.2815","0.0005","0.0015","0.0005","0.0005","0.0015","0.0005","0.0015","0.0005","0.0005","0.0005","0.0005","0.0015","0.0015"
"10-11-2024 03:00","1728615602","0.0015","0.0005","0.7125","0.2795","0.0005","0.0015","0.0005","0.0005","0.0015","0.0005","0.0015","0.0005","0.0005","0.0005","0.0005","0.0015","0.0015"
"10-11-2024 04:00","1728619202","0.0015","0.0005","0.715","0.2785","0.0005","0.0015","0.0005","0.0005","0.0015","0.0005","0.0015","0.0005","0.0005","0.0005","0.0005","0.0015","0.0015"
"10-11-2024 05:00","1728622802","0.0015","0.0005","0.7145","0.28","0.0005","0.0015","0.0005","0.0005","0.0015","0.0005","0.0015","0.0005","0.0005","0.0005","0.0005","0.0015","0.0015"
"10-11-2024 06:00","1728626402","0.0015","0.0005","0.7075","0.2915","0.0005","0.0015","0.0005","0.0005","0.0015","0.0005","0.0015","0.0005","0.0005","0.0005","0.0005","0.0015","0.0015"
"10-11-2024 07:00","1728630003","0.0015","0.0005","0.6965","0.2965","0.0005","0.0015","0.0005","0.0005","0.0015","0.0005","0.0015","0.0005","0.0005","0.0005","0.0005","0.0015","0.0015"
"10-11-2024 08:00","1728633603","0.0015","0.0005","0.697","0.2975","0.0005","0.0015","0.0005","0.0005","0.0015","0.0005","0.0015","0.0005","0.0005","0.0005","0.0005","0.0015","0.0015"
"10-11-2024 09:00","1728637202","0.0015","0.0005","0.697","0.2975","0.0005","0.0015","0.0005","0.0005","0.0015","0.0005","0.0015","0.0005","0.0005","0.0005","0.0005","0.0015","0.0015"
"10-11-2024 10:00","1728640803","0.0015","0.0005","0.6965","0.2945","0.0005","0.0015","0.0005","0.0005","0.0015","0.0005","0.0015","0.0005","0.0005","0.0005","0.0005","0.0015","0.0015"
"10-11-2024 11:00","1728644403","0.0015","0.0005","0.701","0.2955","0.0005","0.0015","0.0005","0.0005","0.0015","0.0005","0.0015","0.0005","0.0005","0.0005","0.0005","0.0015","0.0015"
"10-11-2024 12:00","1728648002","0.0015","0.0005","0.6955","0.2935","0.0005","0.0005","0.0005","0.0005","0.0015","0.0005","0.0015","0.0005","0.0005","0.0005","0.0005","0.0015","0.0015"
"10-11-2024 13:00","1728651603","0.0015","0.0005","0.6995","0.2935","0.0005","0.0005","0.0005","0.0005","0.0015","0.0005","0.0015","0.0005","0.0005","0.0005","0.0005","0.0015","0.0015"
"10-11-2024 14:00","1728655202","0.0015","0.0005","0.7055","0.2925","0.0005","0.0005","0.0005","0.0005","0.0015","0.0005","0.0015","0.0005","0.0005","0.0005","0.0005","0.0015","0.0015"
"10-11-2024 15:00","1728658802","0.0015","0.0005","0.711","0.2865","0.0005","0.0005","0.0005","0.0005","0.0015","0.0005","0.0015","0.0005","0.0005","0.0005","0.0005","0.0015","0.0015"
"10-11-2024 16:00","1728662402","0.0015","0.0005","0.7065","0.2845","0.0005","0.0015","0.0005","0.0005","0.0015","0.0005","0.0015","0.0005","0.0005","0.0005","0.0005","0.0015","0.0015"
"10-11-2024 17:00","1728666003","0.0015","0.0005","0.711","0.286","0.0005","0.0005","0.0005","0.0005","0.0015","0.0005","0.0015","0.0005","0.0005","0.0005","0.0005","0.0015","0.0015"
"10-11-2024 18:00","1728669603","0.0015","0.0005","0.7085","0.2855","0.0005","0.0005","0.0005","0.0005","0.0015","0.0005","0.0015","0.0005","0.0005","0.0005","0.0005","0.0015","0.0015"
"10-11-2024 19:00","1728673202","0.0015","0.0005","0.7095","0.287","0.0005","0.0005","0.0005","0.0005","0.0015","0.0005","0.0015","0.0005","0.0005","0.0005","0.0005","0.0015","0.0015"
"10-11-2024 20:00","1728676802","0.0015","0.0005","0.704","0.292","0.0005","0.0005","0.0005","0.0005","0.0015","0.0005","0.0015","0.0005","0.0005","0.0005","0.0005","0.0015","0.0015"
"10-11-2024 21:00","1728680402","0.0015","0.0005","0.706","0.291","0.0005","0.0005","0.0005","0.0005","0.0015","0.0005","0.0015","0.0005","0.0005","0.0005","0.0005","0.0015","0.0015"
"10-11-2024 22:00","1728684002","0.0015","0.0005","0.707","0.2875","0.0005","0.0005","0.0005","0.0005","0.0015","0.0005","0.0015","0.0005","0.0005","0.0005","0.0005","0.0015","0.0015"
"10-11-2024 23:00","1728687602","0.0015","0.0005","0.7125","0.277","0.0005","0.0005","0.0005","0.0005","0.0015","0.0005","0.0015","0.0005","0.0005","0.0005","0.0005","0.0015","0.0015"
"10-12-2024 00:00","1728691202","0.0015","0.0005","0.716","0.2765","0.0005","0.0005","0.0005","0.0005","0.0015","0.0005","0.0015","0.0005","0.0005","0.0005","0.0005","0.0015","0.0015"
"10-12-2024 01:00","1728694802","0.0015","0.0005","0.7145","0.2765","0.0005","0.0005","0.0005","0.0005","0.0015","0.0005","0.0015","0.0005","0.0005","0.0005","0.0005","0.0015","0.0015"
"10-12-2024 02:00","1728698403","0.0015","0.0005","0.716","0.2765","0.0005","0.0005","0.0005","0.0005","0.0015","0.0005","0.0015","0.0005","0.0005","0.0005","0.0005","0.0015","0.0015"
"10-12-2024 03:00","1728702002","0.0015","0.0005","0.7125","0.2765","0.0005","0.0005","0.0005","0.0005","0.0015","0.0005","0.0015","0.0005","0.0005","0.0005","0.0005","0.0015","0.0015"
"10-12-2024 04:00","1728705602","0.0015","0.0005","0.712","0.2755","0.0005","0.0005","0.0005","0.0005","0.0015","0.0005","0.0015","0.0005","0.0005","0.0005","0.0005","0.0015","0.0015"
"10-12-2024 05:00","1728709202","0.0015","0.0005","0.711","0.276","0.0005","0.0005","0.0005","0.0005","0.0015","0.0005","0.0015","0.0005","0.0005","0.0005","0.0005","0.0015","0.0015"
"10-12-2024 06:00","1728712802","0.0015","0.0005","0.712","0.276","0.0005","0.0005","0.0005","0.0005","0.0015","0.0005","0.0015","0.0005","0.0005","0.0005","0.0005","0.0015","0.0015"
"10-12-2024 07:00","1728716402","0.0015","0.0005","0.7125","0.2755","0.0005","0.0005","0.0005","0.0005","0.0015","0.0005","0.0015","0.0005","0.0005","0.0005","0.0005","0.0015","0.0015"
"10-12-2024 08:00","1728720003","0.0025","0.0005","0.7155","0.276","0.0005","0.0005","0.0005","0.0005","0.0015","0.0005","0.0015","0.0005","0.0005","0.0005","0.0005","0.0015","0.0015"
"10-12-2024 09:00","1728723602","0.0025","0.0005","0.7165","0.277","0.0005","0.0005","0.0005","0.0005","0.0015","0.0005","0.0015","0.0005","0.0005","0.0005","0.0005","0.0015","0.0015"
"10-12-2024 10:00","1728727202","0.0025","0.0005","0.7145","0.2765","0.0005","0.0005","0.0005","0.0005","0.0015","0.0005","0.0015","0.0005","0.0005","0.0005","0.0005","0.0015","0.0015"
"10-12-2024 11:00","1728730802","0.0015","0.0005","0.7125","0.2765","0.0005","0.0005","0.0005","0.0005","0.0015","0.0005","0.0015","0.0005","0.0005","0.0005","0.0005","0.0015","0.0015"
"10-12-2024 12:00","1728734403","0.0015","0.0005","0.715","0.2745","0.0005","0.0005","0.0005","0.0005","0.0015","0.0005","0.0015","0.0005","0.0005","0.0005","0.0005","0.0015","0.0015"
"10-12-2024 13:00","1728738002","0.0015","0.0005","0.7165","0.275","0.0005","0.0005","0.0005","0.0005","0.0015","0.0005","0.0015","0.0005","0.0005","0.0005","0.0005","0.0015","0.0015"
"10-12-2024 14:00","1728741603","0.0015","0.0005","0.7145","0.2755","0.0005","0.0005","0.0005","0.0005","0.0015","0.0005","0.0015","0.0005","0.0005","0.0005","0.0005","0.0015","0.0015"
"10-12-2024 15:00","1728745203","0.0015","0.0005","0.7155","0.275","0.0005","0.0005","0.0005","0.0005","0.0015","0.0005","0.0015","0.0005","0.0005","0.0005","0.0005","0.0015","0.0015"
"10-12-2024 16:00","1728748802","0.0015","0.0005","0.7155","0.2725","0.0005","0.0005","0.0005","0.0005","0.0015","0.0005","0.0015","0.0005","0.0005","0.0005","0.0005","0.0015","0.0015"
"10-12-2024 17:00","1728752403","0.0015","0.0005","0.7155","0.2725","0.0005","0.0005","0.0005","0.0005","0.0015","0.0005","0.0015","0.0005","0.0005","0.0005","0.0005","0.0015","0.0015"
"10-12-2024 18:00","1728756002","0.0015","0.0005","0.7155","0.2725","0.0005","0.0005","0.0005","0.0005","0.0015","0.0005","0.0015","0.0005","0.0005","0.0005","0.0005","0.0015","0.0015"
"10-12-2024 19:00","1728759602","0.0015","0.0005","0.716","0.2725","0.0005","0.0005","0.0005","0.0005","0.0015","0.0005","0.0015","0.0005","0.0005","0.0005","0.0005","0.0015","0.0015"
"10-12-2024 20:00","1728763202","0.0025","0.0005","0.722","0.272","0.0005","0.0015","0.0005","0.0005","0.0015","0.0005","0.0015","0.0005","0.0005","0.0005","0.0005","0.0015","0.0015"
"10-12-2024 21:00","1728766802","0.002","0.0005","0.7225","0.2715","0.0005","0.0015","0.0005","0.0005","0.0015","0.0005","0.0015","0.0005","0.0005","0.0005","0.0005","0.0015","0.0015"
"10-12-2024 22:00","1728770402","0.002","0.0005","0.7245","0.272","0.0005","0.0005","0.0005","0.0005","0.0015","0.0005","0.0015","0.0005","0.0005","0.0005","0.0005","0.0015","0.0015"
"10-12-2024 23:00","1728774002","0.0015","0.0005","0.725","0.2715","0.0005","0.0005","0.0005","0.0005","0.0015","0.0005","0.0015","0.0005","0.0005","0.0005","0.0005","0.0015","0.0015"
"10-13-2024 00:00","1728777603","0.002","0.0005","0.724","0.2715","0.0005","0.0005","0.0005","0.0005","0.0015","0.0005","0.0015","0.0005","0.0005","0.0005","0.0005","0.0015","0.0015"
"10-13-2024 01:00","1728781202","0.0015","0.0005","0.7295","0.2695","0.0005","0.0005","0.0005","0.0005","0.0015","0.0005","0.0015","0.0005","0.0005","0.0005","0.0005","0.0015","0.0015"
"10-13-2024 02:00","1728784802","0.002","0.0005","0.727","0.2635","0.0005","0.0005","0.0005","0.0005","0.0015","0.0005","0.0015","0.0005","0.0005","0.0005","0.0005","0.0015","0.0015"
"10-13-2024 03:00","1728788402","0.0015","0.0005","0.7355","0.2625","0.0005","0.0005","0.0005","0.0005","0.0015","0.0005","0.0015","0.0005","0.0005","0.0005","0.0005","0.0015","0.0015"
"10-13-2024 04:00","1728792002","0.0025","0.0005","0.7295","0.2615","0.0005","0.0005","0.0005","0.0005","0.0015","0.0005","0.0015","0.0005","0.0005","0.0005","0.0005","0.0015","0.0015"
"10-13-2024 05:00","1728795602","0.0025","0.0005","0.7295","0.2655","0.0005","0.0005","0.0005","0.0005","0.0015","0.0005","0.0015","0.0005","0.0005","0.0005","0.0005","0.0015","0.0015"
"10-13-2024 06:00","1728799202","0.002","0.0005","0.731","0.2655","0.0005","0.0005","0.0005","0.0005","0.0015","0.0005","0.0015","0.0005","0.0005","0.0005","0.0005","0.002","0.0015"
"10-13-2024 07:00","1728802802","0.002","0.0005","0.731","0.2655","0.0005","0.0005","0.0005","0.0005","0.0015","0.0005","0.0015","0.0005","0.0005","0.0005","0.0005","0.002","0.0015"
"10-13-2024 08:00","1728806402","0.0015","0.0005","0.729","0.2635","0.0005","0.0005","0.0005","0.0005","0.0015","0.0005","0.0015","0.0005","0.0005","0.0005","0.0005","0.002","0.0015"
"10-13-2024 09:00","1728810002","0.002","0.0005","0.7315","0.2615","0.0005","0.0005","0.0005","0.0005","0.0015","0.0005","0.0015","0.0005","0.0005","0.0005","0.0005","0.0025","0.0015"
"10-13-2024 10:00","1728813602","0.0015","0.0005","0.7305","0.2615","0.0005","0.0005","0.0005","0.0005","0.0015","0.0005","0.0015","0.0005","0.0005","0.0005","0.0005","0.0015","0.0015"
"10-13-2024 11:00","1728817202","0.0025","0.0005","0.7335","0.2625","0.0005","0.0005","0.0005","0.0005","0.0015","0.0005","0.0015","0.0005","0.0005","0.0005","0.0005","0.0015","0.0015"
"10-13-2024 12:00","1728820803","0.0015","0.0005","0.7255","0.2695","0.0005","0.0005","0.0005","0.0005","0.0015","0.0005","0.0015","0.0005","0.0005","0.0005","0.0005","0.0015","0.0015"
"10-13-2024 13:00","1728824402","0.0015","0.0005","0.7195","0.276","0.0005","0.0005","0.0005","0.0005","0.0015","0.0005","0.0015","0.0005","0.0005","0.0005","0.0005","0.0015","0.0015"
"10-13-2024 14:00","1728828002","0.0015","0.0005","0.7175","0.276","0.0005","0.0005","0.0005","0.0005","0.0015","0.0005","0.0015","0.0005","0.0005","0.0005","0.0005","0.0015","0.0015"
"10-13-2024 15:00","1728831602","0.0015","0.0005","0.7175","0.2765","0.0005","0.0005","0.0005","0.0005","0.0015","0.0005","0.0015","0.0005","0.0005","0.0005","0.0005","0.0015","0.0015"
"10-13-2024 16:00","1728835202","0.0015","0.0005","0.7135","0.2805","0.0005","0.0005","0.0005","0.0005","0.0015","0.0005","0.0015","0.0005","0.0005","0.0005","0.0005","0.0015","0.0015"
"10-13-2024 17:00","1728838802","0.0015","0.0005","0.7135","0.2825","0.0005","0.0005","0.0005","0.0005","0.0015","0.0005","0.0015","0.0005","0.0005","0.0005","0.0005","0.0015","0.0015"
"10-13-2024 18:00","1728842402","0.0015","0.0005","0.713","0.2835","0.0005","0.0005","0.0005","0.0005","0.0015","0.0005","0.0015","0.0005","0.0005","0.0005","0.0005","0.0015","0.0015"
"10-13-2024 19:00","1728846002","0.0015","0.0005","0.714","0.2825","0.0005","0.0005","0.0005","0.0005","0.0015","0.0005","0.0015","0.0005","0.0005","0.0005","0.0005","0.0015","0.0015"
"10-13-2024 20:00","1728849602","0.0015","0.0005","0.7115","0.284","0.0005","0.0005","0.0005","0.0005","0.0015","0.0005","0.0015","0.0005","0.0005","0.0005","0.0005","0.0015","0.0015"
"10-13-2024 21:00","1728853203","0.0015","0.0005","0.7105","0.2845","0.0005","0.0005","0.0005","0.0005","0.0015","0.0005","0.0015","0.0005","0.0005","0.0005","0.0005","0.0015","0.0015"
"10-13-2024 22:00","1728856802","0.0015","0.0005","0.7115","0.284","0.0005","0.0005","0.0005","0.0005","0.0015","0.0005","0.0015","0.0005","0.0005","0.0005","0.0005","0.0015","0.0015"
"10-13-2024 23:00","1728860402","0.0015","0.0005","0.7105","0.284","0.0005","0.0005","0.0005","0.0005","0.0015","0.0005","0.0015","0.0005","0.0005","0.0005","0.0005","0.0015","0.0015"
"10-14-2024 00:00","1728864002","0.0015","0.0005","0.7105","0.285","0.0005","0.0005","0.0005","0.0005","0.0015","0.0005","0.0015","0.0005","0.0005","0.0005","0.0005","0.0015","0.0015"
"10-14-2024 01:00","1728867602","0.0015","0.0005","0.7135","0.2755","0.0005","0.0005","0.0005","0.0005","0.0015","0.0005","0.0015","0.0005","0.0005","0.0005","0.0005","0.0015","0.0015"
"10-14-2024 02:00","1728871202","0.0015","0.0005","0.713","0.2735","0.0005","0.0005","0.0005","0.0005","0.0015","0.0005","0.0015","0.0005","0.0005","0.0005","0.0005","0.0015","0.0015"
"10-14-2024 03:00","1728874802","0.0015","0.0005","0.7165","0.2795","0.0005","0.0005","0.0005","0.0005","0.0015","0.0005","0.0015","0.0005","0.0005","0.0005","0.0005","0.0015","0.0015"
"10-14-2024 04:00","1728878402","0.0015","0.0005","0.716","0.28","0.0005","0.0005","0.0005","0.0005","0.0015","0.0005","0.0015","0.0005","0.0005","0.0005","0.0005","0.0015","0.0015"
"10-14-2024 05:00","1728882002","0.0015","0.0005","0.716","0.2785","0.0005","0.0005","0.0005","0.0005","0.0015","0.0005","0.0015","0.0005","0.0005","0.0005","0.0005","0.0015","0.0015"
"10-14-2024 06:00","1728885602","0.0015","0.0005","0.7155","0.283","0.0005","0.0005","0.0005","0.0005","0.0015","0.0005","0.0015","0.0005","0.0005","0.0005","0.0005","0.0015","0.0015"
"10-14-2024 07:00","1728889202","0.0015","0.0005","0.7135","0.284","0.0005","0.0005","0.0005","0.0005","0.0015","0.0005","0.0015","0.0005","0.0005","0.0005","0.0005","0.0015","0.0015"
"10-14-2024 08:00","1728892802","0.0015","0.0005","0.7155","0.28","0.0005","0.0005","0.0005","0.0005","0.0015","0.0005","0.0015","0.0005","0.0005","0.0005","0.0005","0.0015","0.0015"
"10-14-2024 09:00","1728896402","0.0015","0.0005","0.7265","0.261","0.0005","0.0005","0.0005","0.0005","0.0015","0.0005","0.0015","0.0005","0.0005","0.0005","0.0005","0.0015","0.0015"
"10-14-2024 10:00","1728900002","0.0015","0.0005","0.719","0.2615","0.0005","0.0005","0.0005","0.0005","0.0015","0.0005","0.0015","0.0005","0.0005","0.0005","0.0005","0.0015","0.0015"
"10-14-2024 11:00","1728903602","0.0015","0.0005","0.72","0.267","0.0005","0.0005","0.0005","0.0005","0.0015","0.0005","0.0015","0.0005","0.0005","0.0005","0.0005","0.0015","0.0015"
"10-14-2024 12:00","1728907203","0.0015","0.0005","0.7225","0.262","0.0005","0.0005","0.0005","0.0005","0.0015","0.0005","0.0015","0.0005","0.0005","0.0005","0.0005","0.0015","0.0015"
"10-14-2024 13:00","1728910803","0.0015","0.0005","0.7195","0.2575","0.0005","0.0005","0.0005","0.0005","0.0015","0.0005","0.0015","0.0005","0.0005","0.0005","0.0005","0.0015","0.0015"
"10-14-2024 14:00","1728914402","0.0015","0.0005","0.7165","0.265","0.0005","0.0005","0.0005","0.0005","0.0015","0.0005","0.0015","0.0005","0.0005","0.0005","0.0005","0.0015","0.0015"
"10-14-2024 15:00","1728918002","0.0015","0.0005","0.7205","0.2635","0.0005","0.0005","0.0005","0.0005","0.0015","0.0005","0.0015","0.0005","0.0005","0.0005","0.0005","0.0015","0.0015"
"10-14-2024 16:00","1728921602","0.0015","0.0005","0.7185","0.2735","0.0005","0.0005","0.0005","0.0005","0.0015","0.0005","0.0015","0.0005","0.0005","0.0005","0.0005","0.0015","0.0015"
"10-14-2024 17:00","1728925202","0.0015","0.0005","0.7085","0.288","0.0005","0.0005","0.0005","0.0005","0.0015","0.0005","0.0015","0.0005","0.0005","0.0005","0.0005","0.0015","0.0015"
"10-14-2024 18:00","1728928802","0.0015","0.0005","0.6995","0.2965","0.0005","0.0005","0.0005","0.0005","0.0015","0.0005","0.0015","0.0005","0.0005","0.0005","0.0005","0.0015","0.0015"
"10-14-2024 19:00","1728932402","0.0015","0.0005","0.69","0.307","0.0005","0.0005","0.0005","0.0005","0.0015","0.0005","0.0015","0.0005","0.0005","0.0005","0.0005","0.0015","0.0015"
"10-14-2024 20:00","1728936002","0.0015","0.0005","0.7005","0.2985","0.0005","0.0005","0.0005","0.0005","0.0015","0.0005","0.0015","0.0005","0.0005","0.0005","0.0005","0.0015","0.0015"
"10-14-2024 21:00","1728939602","0.0015","0.0005","0.69","0.309","0.0005","0.0005","0.0005","0.0005","0.0015","0.0005","0.0015","0.0005","0.0005","0.0005","0.0005","0.0015","0.0015"
"10-14-2024 22:00","1728943202","0.0015","0.0005","0.671","0.3255","0.0005","0.0005","0.0005","0.0005","0.0015","0.0005","0.0015","0.0005","0.0005","0.0005","0.0005","0.0015","0.0015"
"10-14-2024 23:00","1728946802","0.0015","0.0005","0.681","0.316","0.0005","0.0005","0.0005","0.0005","0.0015","0.0005","0.0015","0.0005","0.0005","0.0005","0.0005","0.0015","0.0015"
"10-15-2024 00:00","1728950402","0.0015","0.0005","0.667","0.329","0.0005","0.0005","0.0005","0.0005","0.0015","0.0005","0.0015","0.0005","0.0005","0.0005","0.0005","0.0015","0.0015"
"10-15-2024 01:00","1728954002","0.0015","0.0005","0.675","0.3225","0.0005","0.0005","0.0005","0.0005","0.0015","0.0005","0.0015","0.0005","0.0005","0.0005","0.0005","0.0015","0.0015"
"10-15-2024 02:00","1728957602","0.0015","0.0005","0.674","0.3215","0.0005","0.0005","0.0005","0.0005","0.0015","0.0005","0.0015","0.0005","0.0005","0.0005","0.0005","0.0015","0.0015"
"10-15-2024 03:00","1728961202","0.0015","0.0005","0.675","0.322","0.0005","0.0005","0.0005","0.0005","0.0015","0.0005","0.0015","0.0005","0.0005","0.0005","0.0005","0.0015","0.0015"
"10-15-2024 04:00","1728964802","0.0015","0.0005","0.671","0.322","0.0005","0.0005","0.0005","0.0005","0.0015","0.0005","0.0015","0.0005","0.0005","0.0005","0.0005","0.0015","0.0015"
"10-15-2024 05:00","1728968402","0.0015","0.0005","0.675","0.321","0.0005","0.0005","0.0005","0.0005","0.0015","0.0005","0.0015","0.0005","0.0005","0.0005","0.0005","0.0015","0.0015"
"10-15-2024 06:00","1728972002","0.0015","0.0005","0.6535","0.3435","0.0005","0.0005","0.0005","0.0005","0.0015","0.0005","0.0015","0.0005","0.0005","0.0005","0.0005","0.0015","0.0015"
"10-15-2024 07:00","1728975602","0.0015","0.0005","0.629","0.372","0.0005","0.0005","0.0005","0.0005","0.0015","0.0005","0.0015","0.0005","0.0005","0.0005","0.0005","0.0015","0.0015"
"10-15-2024 08:00","1728979202","0.0015","0.0005","0.6295","0.3685","0.0005","0.0005","0.0005","0.0005","0.0015","0.0005","0.0015","0.0005","0.0005","0.0005","0.0005","0.0015","0.0015"
"10-15-2024 09:00","1728982802","0.0015","0.0005","0.623","0.365","0.0005","0.0005","0.0005","0.0005","0.0015","0.0005","0.0015","0.0005","0.0005","0.0005","0.0005","0.0015","0.0015"
"10-15-2024 10:00","1728986402","0.0015","0.0005","0.616","0.3805","0.0005","0.0005","0.0005","0.0005","0.0015","0.0005","0.0015","0.0005","0.0005","0.0005","0.0005","0.0015","0.0015"
"10-15-2024 11:00","1728990002","0.0015","0.0005","0.6235","0.3725","0.0005","0.0005","0.0005","0.0005","0.0015","0.0005","0.0015","0.0005","0.0005","0.0005","0.0005","0.0015","0.0015"
"10-15-2024 12:00","1728993602","0.0015","0.0005","0.6405","0.357","0.0005","0.0005","0.0005","0.0005","0.0015","0.0005","0.0015","0.0005","0.0005","0.0005","0.0005","0.0015","0.0015"
"10-15-2024 13:00","1728997202","0.0015","0.0005","0.6425","0.353","0.0005","0.0005","0.0005","0.0005","0.0015","0.0005","0.0015","0.0005","0.0005","0.0005","0.0005","0.0015","0.0015"
"10-15-2024 14:00","1729000802","0.0015","0.0005","0.6355","0.362","0.0005","0.0005","0.0005","0.0005","0.0005","0.0005","0.0015","0.0005","0.0005","0.0005","0.0005","0.0015","0.0015"
"10-15-2024 15:00","1729004402","0.0015","0.0005","0.6235","0.3735","0.0005","0.0005","0.0005","0.0005","0.0005","0.0005","0.0015","0.0005","0.0005","0.0005","0.0005","0.0015","0.0015"
"10-15-2024 16:00","1729008002","0.0015","0.0005","0.6165","0.3805","0.0005","0.0005","0.0005","0.0005","0.0005","0.0005","0.0015","0.0005","0.0005","0.0005","0.0005","0.0015","0.0015"
"10-15-2024 17:00","1729011602","0.0015","0.0005","0.6305","0.3695","0.0005","0.0005","0.0005","0.0005","0.0005","0.0005","0.0015","0.0005","0.0005","0.0005","0.0005","0.0015","0.0015"
"10-15-2024 18:00","1729015202","0.0015","0.0005","0.636","0.3625","0.0005","0.0005","0.0005","0.0005","0.0005","0.0005","0.0015","0.0005","0.0005","0.0005","0.0005","0.0015","0.0015"
"10-15-2024 19:00","1729018803","0.0015","0.0005","0.6605","0.336","0.0005","0.0005","0.0005","0.0005","0.0005","0.0005","0.0015","0.0005","0.0005","0.0005","0.0005","0.0015","0.0015"
"10-15-2024 20:00","1729022402","0.0015","0.0005","0.6375","0.361","0.0005","0.0005","0.0005","0.0005","0.0005","0.0005","0.0015","0.0005","0.0005","0.0005","0.0005","0.0015","0.0015"
"10-15-2024 21:00","1729026003","0.0015","0.0005","0.6295","0.369","0.0005","0.0005","0.0005","0.0005","0.0005","0.0005","0.0015","0.0005","0.0005","0.0005","0.0005","0.0015","0.0015"
"10-15-2024 22:00","1729029603","0.0015","0.0005","0.6395","0.358","0.0005","0.0005","0.0005","0.0005","0.0005","0.0005","0.0015","0.0005","0.0005","0.0005","0.0005","0.0015","0.0015"
"10-15-2024 23:00","1729033202","0.0015","0.0005","0.656","0.336","0.0005","0.0005","0.0005","0.0005","0.0005","0.0005","0.0015","0.0005","0.0005","0.0005","0.0005","0.0015","0.0015"
"10-16-2024 00:00","1729036803","0.0015","0.0005","0.657","0.3405","0.0005","0.0005","0.0005","0.0005","0.0005","0.0005","0.0015","0.0005","0.0005","0.0005","0.0005","0.0015","0.0015"
"10-16-2024 01:00","1729040402","0.0015","0.0005","0.6575","0.3395","0.0005","0.0005","0.0005","0.0005","0.0005","0.0005","0.0015","0.0005","0.0005","0.0005","0.0005","0.0015","0.0015"
"10-16-2024 02:00","1729044002","0.0015","0.0005","0.6565","0.339","0.0005","0.0005","0.0005","0.0005","0.0005","0.0005","0.0015","0.0005","0.0005","0.0005","0.0005","0.0015","0.0015"
"10-16-2024 03:00","1729047602","0.0015","0.0005","0.6605","0.337","0.0005","0.0005","0.0005","0.0005","0.0005","0.0005","0.0015","0.0005","0.0005","0.0005","0.0005","0.0015","0.0015"
"10-16-2024 04:00","1729051202","0.0015","0.0005","0.6585","0.338","0.0005","0.0005","0.0005","0.0005","0.0005","0.0005","0.0015","0.0005","0.0005","0.0005","0.0005","0.0015","0.0015"
"10-16-2024 05:00","1729054802","0.0015","0.0005","0.6545","0.3455","0.0005","0.0005","0.0005","0.0005","0.0005","0.0005","0.0015","0.0005","0.0005","0.0005","0.0005","0.0015","0.0015"
"10-16-2024 06:00","1729058402","0.0015","0.0005","0.6525","0.3455","0.0005","0.0005","0.0005","0.0005","0.0005","0.0005","0.0015","0.0005","0.0005","0.0005","0.0005","0.0015","0.0015"
"10-16-2024 07:00","1729062002","0.0015","0.0005","0.652","0.3455","0.0005","0.0005","0.0005","0.0005","0.0005","0.0005","0.0015","0.0005","0.0005","0.0005","0.0005","0.0015","0.0015"
"10-16-2024 08:00","1729065603","0.0015","0.0005","0.6415","0.3545","0.0005","0.0005","0.0005","0.0005","0.0005","0.0005","0.0015","0.0005","0.0005","0.0005","0.0005","0.0015","0.0015"
"10-16-2024 09:00","1729069202","0.0015","0.0005","0.642","0.356","0.0005","0.0005","0.0005","0.0005","0.0005","0.0005","0.0015","0.0005","0.0005","0.0005","0.0005","0.0015","0.0015"
"10-16-2024 10:00","1729072802","0.0015","0.0005","0.634","0.3615","0.0005","0.0005","0.0005","0.0005","0.0005","0.0005","0.0015","0.0005","0.0005","0.0005","0.0005","0.0015","0.0015"
"10-16-2024 11:00","1729076402","0.0015","0.0005","0.622","0.3765","0.0005","0.0005","0.0005","0.0005","0.0005","0.0005","0.0015","0.0005","0.0005","0.0005","0.0005","0.0015","0.0015"
"10-16-2024 12:00","1729080002","0.0015","0.0005","0.622","0.372","0.0005","0.0005","0.0005","0.0005","0.0005","0.0005","0.0015","0.0005","0.0005","0.0005","0.0005","0.0015","0.0015"
"10-16-2024 13:00","1729083602","0.0015","0.0005","0.6315","0.36","0.0005","0.0005","0.0005","0.0005","0.0005","0.0005","0.0015","0.0005","0.0005","0.0005","0.0005","0.0015","0.0015"
"10-16-2024 14:00","1729087202","0.0005","0.0005","0.636","0.3565","0.0005","0.0005","0.0005","0.0005","0.0005","0.0005","0.0015","0.0005","0.0005","0.0005","0.0005","0.0015","0.0015"
"10-16-2024 15:00","1729090803","0.0005","0.0005","0.627","0.3705","0.0005","0.0005","0.0005","0.0005","0.0005","0.0005","0.0005","0.0005","0.0005","0.0005","0.0005","0.0015","0.0015"
"10-16-2024 16:00","1729094403","0.0005","0.0005","0.628","0.3705","0.0005","0.0005","0.0005","0.0005","0.0005","0.0005","0.0005","0.0005","0.0005","0.0005","0.0005","0.0015","0.0015"
"10-16-2024 17:00","1729098002","0.0005","0.0005","0.6365","0.362","0.0005","0.0005","0.0005","0.0005","0.0005","0.0005","0.0005","0.0005","0.0005","0.0005","0.0005","0.0005","0.0005"
"10-16-2024 18:00","1729101602","0.0005","0.0005","0.6395","0.3605","0.0005","0.0005","0.0005","0.0005","0.0005","0.0005","0.0005","0.0005","0.0005","0.0005","0.0005","0.0005","0.0005"
"10-16-2024 19:00","1729105202","0.0005","0.0005","0.638","0.3615","0.0005","0.0005","0.0005","0.0005","0.0005","0.0005","0.0005","0.0005","0.0005","0.0005","0.0005","0.0005","0.0005"
"10-16-2024 20:00","1729108802","0.0005","0.0005","0.64","0.3605","0.0005","0.0005","0.0005","0.0005","0.0005","0.0005","0.0005","0.0005","0.0005","0.0005","0.0005","0.0005","0.0005"
"10-16-2024 21:00","1729112403","0.0005","0.0005","0.6405","0.3605","0.0005","0.0005","0.0005","0.0005","0.0005","0.0005","0.0005","0.0005","0.0005","0.0005","0.0005","0.0005","0.0005"
"10-16-2024 22:00","1729116002","0.0005","0.0005","0.6435","0.3565","0.0005","0.0005","0.0005","0.0005","0.0005","0.0005","0.0005","0.0005","0.0005","0.0005","0.0005","0.0005","0.0005"
"10-16-2024 23:00","1729119602","0.0005","0.0005","0.6465","0.3535","0.0005","0.0005","0.0005","0.0005","0.0005","0.0005","0.0005","0.0005","0.0005","0.0005","0.0005","0.0005","0.0005"
"10-17-2024 00:00","1729123202","0.0005","0.0005","0.641","0.3605","0.0005","0.0005","0.0005","0.0005","0.0005","0.0005","0.0005","0.0005","0.0005","0.0005","0.0005","0.0005","0.0005"
"10-17-2024 01:00","1729126803","0.0005","0.0005","0.648","0.3525","0.0005","0.0005","0.0005","0.0005","0.0005","0.0005","0.0005","0.0005","0.0005","0.0005","0.0005","0.0005","0.0005"
"10-17-2024 02:00","1729130403","0.0005","0.0005","0.6475","0.3525","0.0005","0.0005","0.0005","0.0005","0.0005","0.0005","0.0005","0.0005","0.0005","0.0005","0.0005","0.0005","0.0005"
"10-17-2024 03:00","1729134003","0.0005","0.0005","0.6465","0.3535","0.0005","0.0005","0.0005","0.0005","0.0005","0.0005","0.0005","0.0005","0.0005","0.0005","0.0005","0.0005","0.0005"
"10-17-2024 04:00","1729137603","0.0005","0.0005","0.644","0.3555","0.0005","0.0005","0.0005","0.0005","0.0005","0.0005","0.0005","0.0005","0.0005","0.0005","0.0005","0.0005","0.0005"
"10-17-2024 05:00","1729141203","0.0005","0.0005","0.6485","0.3525","0.0005","0.0005","0.0005","0.0005","0.0005","0.0005","0.0005","0.0005","0.0005","0.0005","0.0005","0.0005","0.0005"
"10-17-2024 06:00","1729144803","0.0005","0.0005","0.647","0.354","0.0005","0.0005","0.0005","0.0005","0.0005","0.0005","0.0005","0.0005","0.0005","0.0005","0.0005","0.0005","0.0005"
"10-17-2024 07:00","1729148402","0.0005","0.0005","0.633","0.3655","0.0005","0.0005","0.0005","0.0005","0.0005","0.0005","0.0005","0.0005","0.0005","0.0005","0.0005","0.0005","0.0005"
"10-17-2024 08:00","1729152003","0.0005","0.0005","0.628","0.3705","0.0005","0.0005","0.0005","0.0005","0.0005","0.0005","0.0005","0.0005","0.0005","0.0005","0.0005","0.0005","0.0005"
"10-17-2024 09:00","1729155603","0.0005","0.0005","0.6265","0.3725","0.0005","0.0005","0.0005","0.0005","0.0005","0.0005","0.0005","0.0005","0.0005","0.0005","0.0005","0.0005","0.0005"
"10-17-2024 10:00","1729159202","0.0005","0.0005","0.624","0.3765","0.0005","0.0005","0.0005","0.0005","0.0005","0.0005","0.0005","0.0005","0.0005","0.0005","0.0005","0.0005","0.0005"
"10-17-2024 11:00","1729162803","0.0005","0.0005","0.6235","0.3745","0.0005","0.0005","0.0005","0.0005","0.0005","0.0005","0.0005","0.0005","0.0005","0.0005","0.0005","0.0005","0.0005"
"10-17-2024 12:00","1729166402","0.0005","0.0005","0.6245","0.3745","0.0005","0.0005","0.0005","0.0005","0.0005","0.0005","0.0005","0.0005","0.0005","0.0005","0.0005","0.0005","0.0005"
"10-17-2024 13:00","1729170002","0.0005","0.0005","0.628","0.373","0.0005","0.0005","0.0005","0.0005","0.0005","0.0005","0.0005","0.0005","0.0005","0.0005","0.0005","0.0005","0.0005"
"10-17-2024 14:00","1729173603","0.0005","0.0005","0.631","0.37","0.0005","0.0005","0.0005","0.0005","0.0005","0.0005","0.0005","0.0005","0.0005","0.0005","0.0005","0.0005","0.0005"
"10-17-2024 15:00","1729177203","0.0005","0.0005","0.6475","0.362","0.0005","0.0005","0.0005","0.0005","0.0005","0.0005","0.0005","0.0005","0.0005","0.0005","0.0005","0.0005","0.0015"
"10-17-2024 16:00","1729180802","0.0005","0.0005","0.639","0.3605","0.0005","0.0005","0.0005","0.0005","0.0005","0.0005","0.0005","0.0005","0.0005","0.0005","0.0005","0.0005","0.0015"
"10-17-2024 17:00","1729184402","0.0005","0.0005","0.6445","0.356","0.0005","0.0005","0.0005","0.0005","0.0005","0.0005","0.0005","0.0005","0.0005","0.0005","0.0005","0.0005","0.0015"
"10-17-2024 18:00","1729188002","0.0005","0.0005","0.6535","0.3475","0.0005","0.0005","0.0005","0.0005","0.0005","0.0005","0.0005","0.0005","0.0005","0.0005","0.0005","0.0005","0.0005"
"10-17-2024 19:00","1729191602","0.0005","0.0005","0.659","0.342","0.0005","0.0005","0.0005","0.0005","0.0005","0.0005","0.0005","0.0005","0.0005","0.0005","0.0005","0.0005","0.0005"
"10-17-2024 20:00","1729195202","0.0005","0.0005","0.6595","0.34","0.0005","0.0005","0.0005","0.0005","0.0005","0.0005","0.0005","0.0005","0.0005","0.0005","0.0005","0.0005","0.0005"
"10-17-2024 21:00","1729198803","0.0005","0.0005","0.6595","0.3395","0.0005","0.0005","0.0005","0.0005","0.0005","0.0005","0.0005","0.0005","0.0005","0.0005","0.0005","0.0005","0.0005"
"10-17-2024 22:00","1729202402","0.0005","0.0005","0.6615","0.3395","0.0005","0.0005","0.0005","0.0005","0.0005","0.0005","0.0005","0.0005","0.0005","0.0005","0.0005","0.0005","0.0005"
"10-17-2024 23:00","1729206002","0.0005","0.0005","0.6585","0.3405","0.0005","0.0005","0.0005","0.0005","0.0005","0.0005","0.0005","0.0005","0.0005","0.0005","0.0005","0.0005","0.0005"
"10-18-2024 00:00","1729209602","0.0005","0.0005","0.6595","0.341","0.0005","0.0005","0.0005","0.0005","0.0005","0.0005","0.0005","0.0005","0.0005","0.0005","0.0005","0.0005","0.0005"
"10-18-2024 01:00","1729213202","0.0005","0.0005","0.659","0.342","0.0005","0.0005","0.0005","0.0005","0.0005","0.0005","0.0005","0.0005","0.0005","0.0005","0.0005","0.0005","0.0005"
"10-18-2024 02:00","1729216802","0.0005","0.0005","0.6495","0.351","0.0005","0.0005","0.0005","0.0005","0.0005","0.0005","0.0005","0.0005","0.0005","0.0005","0.0005","0.0005","0.0005"
"10-18-2024 03:00","1729220403","0.0005","0.0005","0.6445","0.3565","0.0005","0.0005","0.0005","0.0005","0.0005","0.0005","0.0005","0.0005","0.0005","0.0005","0.0005","0.0005","0.0005"
"10-18-2024 04:00","1729224003","0.0005","0.0005","0.647","0.352","0.0005","0.0005","0.0005","0.0005","0.0005","0.0005","0.0005","0.0005","0.0005","0.0005","0.0005","0.0005","0.0005"
"10-18-2024 05:00","1729227603","0.0005","0.0005","0.649","0.3515","0.0005","0.0005","0.0005","0.0005","0.0005","0.0005","0.0005","0.0005","0.0005","0.0005","0.0005","0.0005","0.0005"
"10-18-2024 06:00","1729231202","0.0005","0.0005","0.6505","0.3475","0.0005","0.0005","0.0005","0.0005","0.0005","0.0005","0.0005","0.0005","0.0005","0.0005","0.0005","0.0005","0.0005"
"10-18-2024 07:00","1729234802","0.0005","0.0005","0.6415","0.355","0.0005","0.0005","0.0005","0.0005","0.0005","0.0005","0.0005","0.0005","0.0005","0.0005","0.0005","0.0005","0.0005"
"10-18-2024 08:00","1729238403","0.0005","0.0005","0.652","0.349","0.0005","0.0005","0.0005","0.0005","0.0005","0.0005","0.0005","0.0005","0.0005","0.0005","0.0005","0.0005","0.0005"
"10-18-2024 09:00","1729242002","0.0005","0.0005","0.6495","0.349","0.0005","0.0005","0.0005","0.0005","0.0005","0.0005","0.0005","0.0005","0.0005","0.0005","0.0005","0.0005","0.0005"
"10-18-2024 10:00","1729245603","0.0005","0.0005","0.652","0.344","0.0005","0.0005","0.0005","0.0005","0.0005","0.0005","0.0005","0.0005","0.0005","0.0005","0.0005","0.0005","0.0005"
"10-18-2024 11:00","1729249203","0.0005","0.0005","0.651","0.3465","0.0005","0.0005","0.0005","0.0005","0.0005","0.0005","0.0005","0.0005","0.0005","0.0005","0.0005","0.0005","0.0005"
"10-18-2024 12:00","1729252802","0.0005","0.0005","0.6575","0.3425","0.0005","0.0005","0.0005","0.0005","0.0005","0.0005","0.0005","0.0005","0.0005","0.0005","0.0005","0.0005","0.0005"
"10-18-2024 13:00","1729256403","0.0005","0.0005","0.66","0.3405","0.0005","0.0005","0.0005","0.0005","0.0005","0.0005","0.0005","0.0005","0.0005","0.0005","0.0005","0.0005","0.0005"
"10-18-2024 14:00","1729260002","0.0005","0.0005","0.66","0.3395","0.0005","0.0005","0.0005","0.0005","0.0005","0.0005","0.0005","0.0005","0.0005","0.0005","0.0005","0.0005","0.0005"
"10-18-2024 15:00","1729263602","0.0005","0.0005","0.6535","0.346","0.0005","0.0005","0.0005","0.0005","0.0005","0.0005","0.0005","0.0005","0.0005","0.0005","0.0005","0.0005","0.0005"
"10-18-2024 16:00","1729267203","0.0005","0.0005","0.667","0.3325","0.0005","0.0005","0.0005","0.0005","0.0005","0.0005","0.0005","0.0005","0.0005","0.0005","0.0005","0.0005","0.0005"
"10-18-2024 17:00","1729270802","0.0005","0.0005","0.6745","0.3215","0.0005","0.0005","0.0005","0.0005","0.0005","0.0005","0.0005","0.0005","0.0005","0.0005","0.0005","0.0005","0.0005"
"10-18-2024 18:00","1729274403","0.0005","0.0005","0.6805","0.3195","0.0005","0.0005","0.0005","0.0005","0.0005","0.0005","0.0005","0.0005","0.0005","0.0005","0.0005","0.0005","0.0005"
"10-18-2024 19:00","1729278002","0.0005","0.0005","0.681","0.313","0.0005","0.0005","0.0005","0.0005","0.0005","0.0005","0.0005","0.0005","0.0005","0.0005","0.0005","0.0005","0.0005"
"10-18-2024 20:00","1729281602","0.0005","0.0005","0.6855","0.314","0.0005","0.0005","0.0005","0.0005","0.0005","0.0005","0.0005","0.0005","0.0005","0.0005","0.0005","0.0005","0.0005"
"10-18-2024 21:00","1729285202","0.0005","0.0005","0.6715","0.3265","0.0005","0.0005","0.0005","0.0005","0.0005","0.0005","0.0005","0.0005","0.0005","0.0005","0.0005","0.0005","0.0005"
"10-18-2024 22:00","1729288802","0.0005","0.0005","0.678","0.3215","0.0005","0.0005","0.0005","0.0005","0.0005","0.0005","0.0005","0.0005","0.0005","0.0005","0.0005","0.0005","0.0005"
"10-18-2024 23:00","1729292402","0.0005","0.0005","0.6825","0.3155","0.0005","0.0005","0.0005","0.0005","0.0005","0.0005","0.0005","0.0005","0.0005","0.0005","0.0005","0.0005","0.0005"
"10-19-2024 00:00","1729296002","0.0005","0.0005","0.683","0.3135","0.0005","0.0005","0.0005","0.0005","0.0005","0.0005","0.0005","0.0005","0.0005","0.0005","0.0005","0.0005","0.0005"
"10-19-2024 01:00","1729299602","0.0005","0.0005","0.686","0.313","0.0005","0.0005","0.0005","0.0005","0.0005","0.0005","0.0005","0.0005","0.0005","0.0005","0.0005","0.0005","0.0005"
"10-19-2024 02:00","1729303202","0.0005","0.0005","0.685","0.313","0.0005","0.0005","0.0005","0.0005","0.0005","0.0005","0.0005","0.0005","0.0005","0.0005","0.0005","0.0005","0.0005"
"10-19-2024 03:00","1729306802","0.0005","0.0005","0.679","0.32","0.0005","0.0005","0.0005","0.0005","0.0005","0.0005","0.0005","0.0005","0.0005","0.0005","0.0005","0.0005","0.0005"
"10-19-2024 04:00","1729310402","0.0005","0.0005","0.6795","0.3175","0.0005","0.0005","0.0005","0.0005","0.0005","0.0005","0.0005","0.0005","0.0005","0.0005","0.0005","0.0005","0.0005"
"10-19-2024 05:00","1729314002","0.0005","0.0005","0.6865","0.3145","0.0005","0.0005","0.0005","0.0005","0.0005","0.0005","0.0005","0.0005","0.0005","0.0005","0.0005","0.0005","0.0005"
"10-19-2024 06:00","1729317602","0.0005","0.0005","0.689","0.3115","0.0005","0.0005","0.0005","0.0005","0.0005","0.0005","0.0005","0.0005","0.0005","0.0005","0.0005","0.0005","0.0005"
"10-19-2024 07:00","1729321202","0.0005","0.0005","0.6895","0.309","0.0005","0.0005","0.0005","0.0005","0.0005","0.0005","0.0005","0.0005","0.0005","0.0005","0.0005","0.0005","0.0005"
"10-19-2024 08:00","1729324802","0.0005","0.0005","0.6875","0.3085","0.0005","0.0005","0.0005","0.0005","0.0005","0.0005","0.0005","0.0005","0.0005","0.0005","0.0005","0.0005","0.0005"
"10-19-2024 09:00","1729328402","0.0005","0.0005","0.6895","0.3085","0.0005","0.0005","0.0005","0.0005","0.0005","0.0005","0.0005","0.0005","0.0005","0.0005","0.0005","0.0005","0.0005"
"10-19-2024 10:00","1729332003","0.0005","0.0005","0.6895","0.3085","0.0005","0.0005","0.0005","0.0005","0.0005","0.0005","0.0005","0.0005","0.0005","0.0005","0.0005","0.0005","0.0005"
"10-19-2024 11:00","1729335603","0.0005","0.0005","0.69","0.3115","0.0005","0.0005","0.0005","0.0005","0.0005","0.0005","0.0005","0.0005","0.0005","0.0005","0.0005","0.0005","0.0005"
"10-19-2024 12:00","1729339203","0.0005","0.0005","0.682","0.3105","0.0005","0.0005","0.0005","0.0005","0.0005","0.0005","0.0005","0.0005","0.0005","0.0005","0.0005","0.0005","0.0005"
"10-19-2024 13:00","1729342803","0.0005","0.0005","0.682","0.314","0.0005","0.0005","0.0005","0.0005","0.0005","0.0005","0.0005","0.0005","0.0005","0.0005","0.0005","0.0005","0.0005"
"10-19-2024 14:00","1729346403","0.0005","0.0005","0.6815","0.3165","0.0005","0.0005","0.0005","0.0005","0.0005","0.0005","0.0005","0.0005","0.0005","0.0005","0.0005","0.0005","0.0005"
"10-19-2024 15:00","1729350002","0.0005","0.0005","0.682","0.3135","0.0005","0.0005","0.0005","0.0005","0.0005","0.0005","0.0005","0.0005","0.0005","0.0005","0.0005","0.0005","0.0005"
"10-19-2024 16:00","1729353602","0.0005","0.0005","0.6845","0.3125","0.0005","0.0005","0.0005","0.0005","0.0005","0.0005","0.0005","0.0005","0.0005","0.0005","0.0005","0.0005","0.0005"
"10-19-2024 17:00","1729357202","0.0005","0.0005","0.6865","0.3115","0.0005","0.0005","0.0005","0.0005","0.0005","0.0005","0.0005","0.0005","0.0005","0.0005","0.0005","0.0005","0.0005"
"10-19-2024 18:00","1729360802","0.0005","0.0005","0.692","0.3075","0.0005","0.0005","0.0005","0.0005","0.0005","0.0005","0.0005","0.0005","0.0005","0.0005","0.0005","0.0005","0.0005"
"10-19-2024 19:00","1729364402","0.0005","0.0005","0.6925","0.3075","0.0005","0.0005","0.0005","0.0005","0.0005","0.0005","0.0005","0.0005","0.0005","0.0005","0.0005","0.0005","0.0005"
"10-19-2024 20:00","1729368003","0.0005","0.0005","0.693","0.307","0.0005","0.0005","0.0005","0.0005","0.0005","0.0005","0.0005","0.0005","0.0005","0.0005","0.0005","0.0005","0.0005"
"10-19-2024 21:00","1729371602","0.0005","0.0005","0.69","0.3075","0.0005","0.0005","0.0005","0.0005","0.0005","0.0005","0.0005","0.0005","0.0005","0.0005","0.0005","0.0005","0.0005"
"10-19-2024 22:00","1729375202","0.0005","0.0005","0.6865","0.31","0.0005","0.0005","0.0005","0.0005","0.0005","0.0005","0.0005","0.0005","0.0005","0.0005","0.0005","0.0005","0.0005"
"10-19-2024 23:00","1729378802","0.0005","0.0005","0.689","0.3105","0.0005","0.0005","0.0005","0.0005","0.0005","0.0005","0.0005","0.0005","0.0005","0.0005","0.0005","0.0005","0.0005"
"10-20-2024 00:00","1729382402","0.0005","0.0005","0.6875","0.3115","0.0005","0.0005","0.0005","0.0005","0.0005","0.0005","0.0005","0.0005","0.0005","0.0005","0.0005","0.0005","0.0005"
"10-20-2024 01:00","1729386002","0.0005","0.0005","0.6845","0.315","0.0005","0.0005","0.0005","0.0005","0.0005","0.0005","0.0005","0.0005","0.0005","0.0005","0.0005","0.0005","0.0005"
"10-20-2024 02:00","1729389602","0.0005","0.0005","0.6885","0.3095","0.0005","0.0005","0.0005","0.0005","0.0005","0.0005","0.0005","0.0005","0.0005","0.0005","0.0005","0.0005","0.0005"
"10-20-2024 03:00","1729393202","0.0005","0.0005","0.6885","0.3105","0.0005","0.0005","0.0005","0.0005","0.0005","0.0005","0.0005","0.0005","0.0005","0.0005","0.0005","0.0005","0.0005"
"10-20-2024 04:00","1729396802","0.0005","0.0005","0.6935","0.307","0.0005","0.0005","0.0005","0.0005","0.0005","0.0005","0.0005","0.0005","0.0005","0.0005","0.0005","0.0005","0.0005"
"10-20-2024 05:00","1729400402","0.0005","0.0005","0.6925","0.3075","0.0005","0.0005","0.0005","0.0005","0.0005","0.0005","0.0005","0.0005","0.0005","0.0005","0.0005","0.0005","0.0005"
"10-20-2024 06:00","1729404002","0.0005","0.0005","0.692","0.3085","0.0005","0.0005","0.0005","0.0005","0.0005","0.0005","0.0005","0.0005","0.0005","0.0005","0.0005","0.0005","0.0005"
"10-20-2024 07:00","1729407602","0.0005","0.0005","0.6765","0.3205","0.0005","0.0005","0.0005","0.0005","0.0005","0.0005","0.0005","0.0005","0.0005","0.0005","0.0005","0.0005","0.0005"
"10-20-2024 08:00","1729411202","0.0005","0.0005","0.672","0.3265","0.0005","0.0005","0.0005","0.0005","0.0005","0.0005","0.0005","0.0005","0.0005","0.0005","0.0005","0.0005","0.0005"
"10-20-2024 09:00","1729414802","0.0005","0.0005","0.6645","0.3355","0.0005","0.0005","0.0005","0.0005","0.0005","0.0005","0.0005","0.0005","0.0005","0.0005","0.0005","0.0005","0.0005"
"10-20-2024 10:00","1729418402","0.0005","0.0005","0.6645","0.3365","0.0005","0.0005","0.0005","0.0005","0.0005","0.0005","0.0005","0.0005","0.0005","0.0005","0.0005","0.0005","0.0005"
"10-20-2024 11:00","1729422002","0.0005","0.0005","0.661","0.3395","0.0005","0.0005","0.0005","0.0005","0.0005","0.0005","0.0005","0.0005","0.0005","0.0005","0.0005","0.0005","0.0005"
"10-20-2024 12:00","1729425602","0.0005","0.0005","0.6545","0.346","0.0005","0.0005","0.0005","0.0005","0.0005","0.0005","0.0005","0.0005","0.0005","0.0005","0.0005","0.0005","0.0005"
"10-20-2024 13:00","1729429202","0.0005","0.0005","0.6685","0.3315","0.0005","0.0005","0.0005","0.0005","0.0005","0.0005","0.0005","0.0005","0.0005","0.0005","0.0005","0.0005","0.0005"
"10-20-2024 14:00","1729432802","0.0005","0.0005","0.668","0.332","0.0005","0.0005","0.0005","0.0005","0.0005","0.0005","0.0005","0.0005","0.0005","0.0005","0.0005","0.0005","0.0005"
"10-20-2024 15:00","1729436402","0.0005","0.0005","0.667","0.3325","0.0005","0.0005","0.0005","0.0005","0.0005","0.0005","0.0005","0.0005","0.0005","0.0005","0.0005","0.0005","0.0005"
"10-20-2024 16:00","1729440002","0.0005","0.0005","0.6725","0.329","0.0005","0.0005","0.0005","0.0005","0.0005","0.0005","0.0005","0.0005","0.0005","0.0005","0.0005","0.0005","0.0005"
"10-20-2024 17:00","1729443602","0.0005","0.0005","0.6715","0.328","0.0005","0.0005","0.0005","0.0005","0.0005","0.0005","0.0005","0.0005","0.0005","0.0005","0.0005","0.0005","0.0005"
"10-20-2024 18:00","1729447202","0.0005","0.0005","0.6725","0.3275","0.0005","0.0005","0.0005","0.0005","0.0005","0.0005","0.0005","0.0005","0.0005","0.0005","0.0005","0.0005","0.0005"
"10-20-2024 19:00","1729450802","0.0005","0.0005","0.668","0.3285","0.0005","0.0005","0.0005","0.0005","0.0005","0.0005","0.0005","0.0005","0.0005","0.0005","0.0005","0.0005","0.0005"
"10-20-2024 20:00","1729454402","0.0005","0.0005","0.6685","0.329","0.0005","0.0005","0.0005","0.0005","0.0005","0.0005","0.0005","0.0005","0.0005","0.0005","0.0005","0.0005","0.0005"
"10-20-2024 21:00","1729458003","0.0005","0.0005","0.6675","0.33","0.0005","0.0005","0.0005","0.0005","0.0005","0.0005","0.0005","0.0005","0.0005","0.0005","0.0005","0.0005","0.0005"
"10-20-2024 22:00","1729461602","0.0005","0.0005","0.6675","0.3325","0.0005","0.0005","0.0005","0.0005","0.0005","0.0005","0.0005","0.0005","0.0005","0.0005","0.0005","0.0005","0.0005"
"10-20-2024 23:00","1729465202","0.0005","0.0005","0.6675","0.3355","0.0005","0.0005","0.0005","0.0005","0.0005","0.0005","0.0005","0.0005","0.0005","0.0005","0.0005","0.0005","0.0005"
"10-21-2024 00:00","1729468802","0.0005","0.0005","0.6645","0.3335","0.0005","0.0005","0.0005","0.0005","0.0005","0.0005","0.0005","0.0005","0.0005","0.0005","0.0005","0.0005","0.0005"
"10-21-2024 01:00","1729472402","0.0005","0.0005","0.6635","0.3375","0.0005","0.0005","0.0005","0.0005","0.0005","0.0005","0.0005","0.0005","0.0005","0.0005","0.0005","0.0005","0.0005"
"10-21-2024 02:00","1729476002","0.0005","0.0005","0.661","0.3375","0.0005","0.0005","0.0005","0.0005","0.0005","0.0005","0.0005","0.0005","0.0005","0.0005","0.0005","0.0005","0.0005"
"10-21-2024 03:00","1729479602","0.0005","0.0005","0.662","0.3325","0.0005","0.0005","0.0005","0.0005","0.0005","0.0005","0.0005","0.0005","0.0005","0.0005","0.0005","0.0005","0.0005"
"10-21-2024 04:00","1729483202","0.0005","0.0005","0.6625","0.336","0.0005","0.0005","0.0005","0.0005","0.0005","0.0005","0.0005","0.0005","0.0005","0.0005","0.0005","0.0005","0.0005"
"10-21-2024 05:00","1729486802","0.0005","0.0005","0.661","0.3375","0.0005","0.0005","0.0005","0.0005","0.0005","0.0005","0.0005","0.0005","0.0005","0.0005","0.0005","0.0005","0.0005"
"10-21-2024 06:00","1729490402","0.0005","0.0005","0.658","0.3415","0.0005","0.0005","0.0005","0.0005","0.0005","0.0005","0.0005","0.0005","0.0005","0.0005","0.0005","0.0005","0.0005"
"10-21-2024 07:00","1729494002","0.0005","0.0005","0.6565","0.3445","0.0005","0.0005","0.0005","0.0005","0.0005","0.0005","0.0005","0.0005","0.0005","0.0005","0.0005","0.0005","0.0005"
"10-21-2024 08:00","1729497602","0.0005","0.0005","0.662","0.3385","0.0005","0.0005","0.0005","0.0005","0.0005","0.0005","0.0005","0.0005","0.0005","0.0005","0.0005","0.0005","0.0005"
"10-21-2024 09:00","1729501202","0.0005","0.0005","0.657","0.3395","0.0005","0.0005","0.0005","0.0005","0.0005","0.0005","0.0005","0.0005","0.0005","0.0005","0.0005","0.0005","0.0005"
"10-21-2024 10:00","1729504803","0.0005","0.0005","0.6615","0.339","0.0005","0.0005","0.0005","0.0005","0.0005","0.0005","0.0005","0.0005","0.0005","0.0005","0.0005","0.0005","0.0005"
"10-21-2024 11:00","1729508402","0.0005","0.0005","0.6535","0.3455","0.0005","0.0005","0.0005","0.0005","0.0005","0.0005","0.0005","0.0005","0.0005","0.0005","0.0005","0.0005","0.0005"
"10-21-2024 12:00","1729512002","0.0005","0.0005","0.6545","0.345","0.0005","0.0005","0.0005","0.0005","0.0005","0.0005","0.0005","0.0005","0.0005","0.0005","0.0005","0.0005","0.0005"
"10-21-2024 13:00","1729515602","0.0005","0.0005","0.6555","0.3405","0.0005","0.0005","0.0005","0.0005","0.0005","0.0005","0.0005","0.0005","0.0005","0.0005","0.0005","0.0005","0.0005"
"10-21-2024 14:00","1729519202","0.0005","0.0005","0.634","0.366","0.0005","0.0005","0.0005","0.0005","0.0005","0.0005","0.0005","0.0005","0.0005","0.0005","0.0005","0.0005","0.0005"
"10-21-2024 15:00","1729522802","0.0005","0.0005","0.637","0.364","0.0005","0.0005","0.0005","0.0005","0.0005","0.0005","0.0005","0.0005","0.0005","0.0005","0.0005","0.0005","0.0005"
"10-21-2024 16:00","1729526402","0.0005","0.0005","0.633","0.368","0.0005","0.0005","0.0005","0.0005","0.0005","0.0005","0.0005","0.0005","0.0005","0.0005","0.0005","0.0005","0.0005"
"10-21-2024 17:00","1729530003","0.0005","0.0005","0.6315","0.3685","0.0005","0.0005","0.0005","0.0005","0.0005","0.0005","0.0005","0.0005","0.0005","0.0005","0.0005","0.0005","0.0005"
"10-21-2024 18:00","1729533602","0.0005","0.0005","0.6195","0.3805","0.0005","0.0005","0.0005","0.0005","0.0005","0.0005","0.0005","0.0005","0.0005","0.0005","0.0005","0.0005","0.0005"
"10-21-2024 19:00","1729537202","0.0005","0.0005","0.625","0.3745","0.0005","0.0005","0.0005","0.0005","0.0005","0.0005","0.0005","0.0005","0.0005","0.0005","0.0005","0.0005","0.0005"
"10-21-2024 20:00","1729540802","0.0005","0.0005","0.6205","0.376","0.0005","0.0005","0.0005","0.0005","0.0005","0.0005","0.0005","0.0005","0.0005","0.0005","0.0005","0.0005","0.0005"
"10-21-2024 21:00","1729544402","0.0005","0.0005","0.618","0.381","0.0005","0.0005","0.0005","0.0005","0.0005","0.0005","0.0005","0.0005","0.0005","0.0005","0.0005","0.0005","0.0005"
"10-21-2024 22:00","1729548003","0.0005","0.0005","0.6255","0.376","0.0005","0.0005","0.0005","0.0005","0.0005","0.0005","0.0005","0.0005","0.0005","0.0005","0.0005","0.0005","0.0005"
"10-21-2024 23:00","1729551602","0.0005","0.0005","0.621","0.38","0.0005","0.0005","0.0005","0.0005","0.0005","0.0005","0.0005","0.0005","0.0005","0.0005","0.0005","0.0005","0.0005"
"10-22-2024 00:00","1729555202","0.0005","0.0005","0.62","0.382","0.0005","0.0005","0.0005","0.0005","0.0005","0.0005","0.0005","0.0005","0.0005","0.0005","0.0005","0.0005","0.0005"
"10-22-2024 01:00","1729558802","0.0005","0.0005","0.6165","0.382","0.0005","0.0005","0.0005","0.0005","0.0005","0.0005","0.0005","0.0005","0.0005","0.0005","0.0005","0.0005","0.0005"
"10-22-2024 02:00","1729562402","0.0005","0.0005","0.6225","0.3755","0.0005","0.0005","0.0005","0.0005","0.0005","0.0005","0.0005","0.0005","0.0005","0.0005","0.0005","0.0005","0.0005"
"10-22-2024 03:00","1729566002","0.0005","0.0005","0.624","0.378","0.0005","0.0005","0.0005","0.0005","0.0005","0.0005","0.0005","0.0005","0.0005","0.0005","0.0005","0.0005","0.0005"
"10-22-2024 04:00","1729569603","0.0005","0.0005","0.6215","0.3795","0.0005","0.0005","0.0005","0.0005","0.0005","0.0005","0.0005","0.0005","0.0005","0.0005","0.0005","0.0005","0.0005"
"10-22-2024 05:00","1729573202","0.0005","0.0005","0.6235","0.3775","0.0005","0.0005","0.0005","0.0005","0.0005","0.0005","0.0005","0.0005","0.0005","0.0005","0.0005","0.0005","0.0005"
"10-22-2024 06:00","1729576802","0.0005","0.0005","0.624","0.3765","0.0005","0.0005","0.0005","0.0005","0.0005","0.0005","0.0005","0.0005","0.0005","0.0005","0.0005","0.0005","0.0005"
"10-22-2024 07:00","1729580402","0.0005","0.0005","0.6235","0.3775","0.0005","0.0005","0.0005","0.0005","0.0005","0.0005","0.0005","0.0005","0.0005","0.0005","0.0005","0.0005","0.0005"
"10-22-2024 08:00","1729584002","0.0005","0.0005","0.6235","0.3755","0.0005","0.0005","0.0005","0.0005","0.0005","0.0005","0.0005","0.0005","0.0005","0.0005","0.0005","0.0005","0.0005"
"10-22-2024 09:00","1729587603","0.0005","0.0005","0.637","0.364","0.0005","0.0005","0.0005","0.0005","0.0005","0.0005","0.0005","0.0005","0.0005","0.0005","0.0005","0.0005","0.0005"
"10-22-2024 10:00","1729591202","0.0005","0.0005","0.6255","0.3745","0.0005","0.0005","0.0005","0.0005","0.0005","0.0005","0.0005","0.0005","0.0005","0.0005","0.0005","0.0005","0.0005"
"10-22-2024 11:00","1729594803","0.0005","0.0005","0.6275","0.3725","0.0005","0.0005","0.0005","0.0005","0.0005","0.0005","0.0005","0.0005","0.0005","0.0005","0.0005","0.0005","0.0005"
"10-22-2024 12:00","1729598402","0.0005","0.0005","0.6205","0.3805","0.0005","0.0005","0.0005","0.0005","0.0005","0.0005","0.0005","0.0005","0.0005","0.0005","0.0005","0.0005","0.0005"
"10-22-2024 13:00","1729602002","0.0005","0.0005","0.6225","0.376","0.0005","0.0005","0.0005","0.0005","0.0005","0.0005","0.0005","0.0005","0.0005","0.0005","0.0005","0.0005","0.0005"
"10-22-2024 14:00","1729605602","0.0005","0.0005","0.6235","0.3765","0.0005","0.0005","0.0005","0.0005","0.0005","0.0005","0.0005","0.0005","0.0005","0.0005","0.0005","0.0005","0.0005"
"10-22-2024 15:00","1729609202","0.0005","0.0005","0.6145","0.3855","0.0005","0.0005","0.0005","0.0005","0.0005","0.0005","0.0005","0.0005","0.0005","0.0005","0.0005","0.0005","0.0005"
"10-22-2024 16:00","1729612802","0.0005","0.0005","0.6175","0.3825","0.0005","0.0005","0.0005","0.0005","0.0005","0.0005","0.0005","0.0005","0.0005","0.0005","0.0005","0.0005","0.0005"
"10-22-2024 17:00","1729616402","0.0005","0.0005","0.6025","0.3935","0.0005","0.0005","0.0005","0.0005","0.0005","0.0005","0.0005","0.0005","0.0005","0.0005","0.0005","0.0005","0.0005"
"10-22-2024 18:00","1729620002","0.0005","0.0005","0.6005","0.401","0.0005","0.0005","0.0005","0.0005","0.0005","0.0005","0.0005","0.0005","0.0005","0.0005","0.0005","0.0005","0.0005"
"10-22-2024 19:00","1729623602","0.0005","0.0005","0.5685","0.4315","0.0005","0.0005","0.0005","0.0005","0.0005","0.0005","0.0005","0.0005","0.0005","0.0005","0.0005","0.0005","0.0005"
"10-22-2024 20:00","1729627203","0.0005","0.0005","0.5755","0.4275","0.0005","0.0005","0.0005","0.0005","0.0005","0.0005","0.0005","0.0005","0.0005","0.0005","0.0005","0.0005","0.0005"
"10-22-2024 21:00","1729630802","0.0005","0.0005","0.588","0.4125","0.0005","0.0005","0.0005","0.0005","0.0005","0.0005","0.0005","0.0005","0.0005","0.0005","0.0005","0.0005","0.0005"
"10-22-2024 22:00","1729634402","0.0005","0.0005","0.5815","0.4195","0.0005","0.0005","0.0005","0.0005","0.0005","0.0005","0.0005","0.0005","0.0005","0.0005","0.0005","0.0005","0.0005"
"10-22-2024 23:00","1729638002","0.0005","0.0005","0.5905","0.408","0.0005","0.0005","0.0005","0.0005","0.0005","0.0005","0.0005","0.0005","0.0005","0.0005","0.0005","0.0005","0.0005"
"10-23-2024 00:00","1729641602","0.0005","0.0005","0.5935","0.407","0.0005","0.0005","0.0005","0.0005","0.0005","0.0005","0.0005","0.0005","0.0005","0.0005","0.0005","0.0005","0.0005"
"10-23-2024 01:00","1729645202","0.0005","0.0005","0.5965","0.4035","0.0005","0.0005","0.0005","0.0005","0.0005","0.0005","0.0005","0.0005","0.0005","0.0005","0.0005","0.0005","0.0005"
"10-23-2024 02:00","1729648802","0.0005","0.0005","0.6025","0.397","0.0005","0.0005","0.0005","0.0005","0.0005","0.0005","0.0005","0.0005","0.0005","0.0005","0.0005","0.0005","0.0005"
"10-23-2024 03:00","1729652402","0.0005","0.0005","0.6095","0.3865","0.0005","0.0005","0.0005","0.0005","0.0005","0.0005","0.0005","0.0005","0.0005","0.0005","0.0005","0.0005","0.0005"
"10-23-2024 04:00","1729656002","0.0005","0.0005","0.611","0.391","0.0005","0.0005","0.0005","0.0005","0.0005","0.0005","0.0005","0.0005","0.0005","0.0005","0.0005","0.0005","0.0005"
"10-23-2024 05:00","1729659602","0.0005","0.0005","0.6035","0.395","0.0005","0.0005","0.0005","0.0005","0.0005","0.0005","0.0005","0.0005","0.0005","0.0005","0.0005","0.0005","0.0005"
"10-23-2024 06:00","1729663203","0.0005","0.0005","0.603","0.396","0.0005","0.0005","0.0005","0.0005","0.0005","0.0005","0.0005","0.0005","0.0005","0.0005","0.0005","0.0005","0.0005"
"10-23-2024 07:00","1729666803","0.0005","0.0005","0.598","0.402","0.0005","0.0005","0.0005","0.0005","0.0005","0.0005","0.0005","0.0005","0.0005","0.0005","0.0005","0.0005","0.0005"
"10-23-2024 08:00","1729670402","0.0005","0.0005","0.5985","0.4035","0.0005","0.0005","0.0005","0.0005","0.0005","0.0005","0.0005","0.0005","0.0005","0.0005","0.0005","0.0005","0.0005"
"10-23-2024 09:00","1729674002","0.0005","0.0005","0.603","0.397","0.0005","0.0005","0.0005","0.0005","0.0005","0.0005","0.0005","0.0005","0.0005","0.0005","0.0005","0.0005","0.0005"
"10-23-2024 10:00","1729677603","0.0005","0.0005","0.5865","0.4105","0.0005","0.0005","0.0005","0.0005","0.0005","0.0005","0.0005","0.0005","0.0005","0.0005","0.0005","0.0005","0.0005"
"10-23-2024 11:00","1729681202","0.0005","0.0005","0.591","0.409","0.0005","0.0005","0.0005","0.0005","0.0005","0.0005","0.0005","0.0005","0.0005","0.0005","0.0005","0.0005","0.0005"
"10-23-2024 12:00","1729684802","0.0005","0.0005","0.596","0.4035","0.0005","0.0005","0.0005","0.0005","0.0005","0.0005","0.0005","0.0005","0.0005","0.0005","0.0005","0.0005","0.0005"
"10-23-2024 13:00","1729688403","0.0005","0.0005","0.6","0.399","0.0005","0.0005","0.0005","0.0005","0.0005","0.0005","0.0005","0.0005","0.0005","0.0005","0.0005","0.0005","0.0005"
"10-23-2024 14:00","1729692003","0.0005","0.0005","0.6015","0.397","0.0005","0.0005","0.0005","0.0005","0.0005","0.0005","0.0005","0.0005","0.0005","0.0005","0.0005","0.0005","0.0005"
"10-23-2024 15:00","1729695603","0.0005","0.0005","0.611","0.3915","0.0005","0.0005","0.0005","0.0005","0.0005","0.0005","0.0005","0.0005","0.0005","0.0005","0.0005","0.0005","0.0005"
"10-23-2024 16:00","1729699203","0.0005","0.0005","0.605","0.3955","0.0005","0.0005","0.0005","0.0005","0.0005","0.0005","0.0005","0.0005","0.0005","0.0005","0.0005","0.0005","0.0005"
"10-23-2024 17:00","1729702802","0.0005","0.0005","0.6145","0.387","0.0005","0.0005","0.0005","0.0005","0.0005","0.0005","0.0005","0.0005","0.0005","0.0005","0.0005","0.0005","0.0005"
"10-23-2024 18:00","1729706402","0.0005","0.0005","0.6175","0.379","0.0005","0.0005","0.0005","0.0005","0.0005","0.0005","0.0005","0.0005","0.0005","0.0005","0.0005","0.0005","0.0005"
"10-23-2024 19:00","1729710002","0.0005","0.0005","0.5995","0.3995","0.0005","0.0005","0.0005","0.0005","0.0005","0.0005","0.0005","0.0005","0.0005","0.0005","0.0005","0.0005","0.0005"
"10-23-2024 20:00","1729713602","0.0005","0.0005","0.6085","0.389","0.0005","0.0005","0.0005","0.0005","0.0005","0.0005","0.0005","0.0005","0.0005","0.0005","0.0005","0.0005","0.0005"
"10-23-2024 21:00","1729717202","0.0005","0.0005","0.613","0.39","0.0005","0.0005","0.0005","0.0005","0.0005","0.0005","0.0005","0.0005","0.0005","0.0005","0.0005","0.0005","0.0005"
"10-23-2024 22:00","1729720803","0.0005","0.0005","0.615","0.387","0.0005","0.0005","0.0005","0.0005","0.0005","0.0005","0.0005","0.0005","0.0005","0.0005","0.0005","0.0005","0.0005"
"10-23-2024 23:00","1729724403","0.0005","0.0005","0.6175","0.3845","0.0005","0.0005","0.0005","0.0005","0.0005","0.0005","0.0005","0.0005","0.0005","0.0005","0.0005","0.0005","0.0005"
"10-24-2024 00:00","1729728003","0.0005","0.0005","0.62","0.382","0.0005","0.0005","0.0005","0.0005","0.0005","0.0005","0.0005","0.0005","0.0005","0.0005","0.0005","0.0005","0.0005"
"10-24-2024 01:00","1729731603","0.0005","0.0005","0.6165","0.3865","0.0005","0.0005","0.0005","0.0005","0.0005","0.0005","0.0005","0.0005","0.0005","0.0005","0.0005","0.0005","0.0005"
"10-24-2024 02:00","1729735202","0.0005","0.0005","0.616","0.384","0.0005","0.0005","0.0005","0.0005","0.0005","0.0005","0.0005","0.0005","0.0005","0.0005","0.0005","0.0005","0.0005"
"10-24-2024 03:00","1729738802","0.0005","0.0005","0.616","0.3835","0.0005","0.0005","0.0005","0.0005","0.0005","0.0005","0.0005","0.0005","0.0005","0.0005","0.0005","0.0005","0.0005"
"10-24-2024 04:00","1729742403","0.0005","0.0005","0.6235","0.3775","0.0005","0.0005","0.0005","0.0005","0.0005","0.0005","0.0005","0.0005","0.0005","0.0005","0.0005","0.0005","0.0005"
"10-24-2024 05:00","1729746002","0.0005","0.0005","0.6265","0.3725","0.0005","0.0005","0.0005","0.0005","0.0005","0.0005","0.0005","0.0005","0.0005","0.0005","0.0005","0.0005","0.0005"
"10-24-2024 06:00","1729749602","0.0005","0.0005","0.6255","0.377","0.0005","0.0005","0.0005","0.0005","0.0005","0.0005","0.0005","0.0005","0.0005","0.0005","0.0005","0.0005","0.0005"
"10-24-2024 07:00","1729753202","0.0005","0.0005","0.626","0.3775","0.0005","0.0005","0.0005","0.0005","0.0005","0.0005","0.0005","0.0005","0.0005","0.0005","0.0005","0.0005","0.0005"
"10-24-2024 08:00","1729756802","0.0005","0.0005","0.626","0.3745","0.0005","0.0005","0.0005","0.0005","0.0005","0.0005","0.0005","0.0005","0.0005","0.0005","0.0005","0.0005","0.0005"
"10-24-2024 09:00","1729760402","0.0005","0.0005","0.6275","0.3725","0.0005","0.0005","0.0005","0.0005","0.0005","0.0005","0.0005","0.0005","0.0005","0.0005","0.0005","0.0005","0.0005"
"10-24-2024 10:00","1729764002","0.0005","0.0005","0.6195","0.382","0.0005","0.0005","0.0005","0.0005","0.0005","0.0005","0.0005","0.0005","0.0005","0.0005","0.0005","0.0005","0.0005"
"10-24-2024 11:00","1729767602","0.0005","0.0005","0.612","0.387","0.0005","0.0005","0.0005","0.0005","0.0005","0.0005","0.0005","0.0005","0.0005","0.0005","0.0005","0.0005","0.0005"
"10-24-2024 12:00","1729771202","0.0005","0.0005","0.61","0.3915","0.0005","0.0005","0.0005","0.0005","0.0005","0.0005","0.0005","0.0005","0.0005","0.0005","0.0005","0.0005","0.0005"
"10-24-2024 13:00","1729774802","0.0005","0.0005","0.6135","0.387","0.0005","0.0005","0.0005","0.0005","0.0005","0.0005","0.0005","0.0005","0.0005","0.0005","0.0005","0.0005","0.0005"
"10-24-2024 14:00","1729778402","0.0005","0.0005","0.6165","0.383","0.0005","0.0005","0.0005","0.0005","0.0005","0.0005","0.0005","0.0005","0.0005","0.0005","0.0005","0.0005","0.0005"
"10-24-2024 15:00","1729782003","0.0005","0.0005","0.6115","0.3825","0.0005","0.0005","0.0005","0.0005","0.0005","0.0005","0.0005","0.0005","0.0005","0.0005","0.0005","0.0005","0.0005"
"10-24-2024 16:00","1729785603","0.0005","0.0005","0.6005","0.3995","0.0005","0.0005","0.0005","0.0005","0.0005","0.0005","0.0005","0.0005","0.0005","0.0005","0.0005","0.0005","0.0005"
"10-24-2024 17:00","1729789202","0.0005","0.0005","0.6015","0.398","0.0005","0.0005","0.0005","0.0005","0.0005","0.0005","0.0005","0.0005","0.0005","0.0005","0.0005","0.0005","0.0005"
"10-24-2024 18:00","1729792802","0.0005","0.0005","0.602","0.3955","0.0005","0.0005","0.0005","0.0005","0.0005","0.0005","0.0005","0.0005","0.0005","0.0005","0.0005","0.0005","0.0005"
"10-24-2024 19:00","1729796402","0.0005","0.0005","0.5965","0.3995","0.0005","0.0005","0.0005","0.0005","0.0005","0.0005","0.0005","0.0005","0.0005","0.0005","0.0005","0.0005","0.0005"
"10-24-2024 20:00","1729800002","0.0005","0.0005","0.5985","0.4015","0.0005","0.0005","0.0005","0.0005","0.0005","0.0005","0.0005","0.0005","0.0005","0.0005","0.0005","0.0005","0.0005"
"10-24-2024 21:00","1729803602","0.0005","0.0005","0.5985","0.401","0.0005","0.0005","0.0005","0.0005","0.0005","0.0005","0.0005","0.0005","0.0005","0.0005","0.0005","0.0005","0.0005"
"10-24-2024 22:00","1729807202","0.0005","0.0005","0.5965","0.4045","0.0005","0.0005","0.0005","0.0005","0.0005","0.0005","0.0005","0.0005","0.0005","0.0005","0.0005","0.0005","0.0005"
"10-24-2024 23:00","1729810802","0.0005","0.0005","0.597","0.403","0.0005","0.0005","0.0005","0.0005","0.0005","0.0005","0.0005","0.0005","0.0005","0.0005","0.0005","0.0005","0.0005"
"10-25-2024 00:00","1729814403","0.0005","0.0005","0.5995","0.4015","0.0005","0.0005","0.0005","0.0005","0.0005","0.0005","0.0005","0.0005","0.0005","0.0005","0.0005","0.0005","0.0005"
"10-25-2024 01:00","1729818003","0.0005","0.0005","0.6025","0.3975","0.0005","0.0005","0.0005","0.0005","0.0005","0.0005","0.0005","0.0005","0.0005","0.0005","0.0005","0.0005","0.0005"
"10-25-2024 02:00","1729821603","0.0005","0.0005","0.6075","0.3925","0.0005","0.0005","0.0005","0.0005","0.0005","0.0005","0.0005","0.0005","0.0005","0.0005","0.0005","0.0005","0.0005"
"10-25-2024 03:00","1729825204","0.0005","0.0005","0.6105","0.3905","0.0005","0.0005","0.0005","0.0005","0.0005","0.0005","0.0005","0.0005","0.0005","0.0005","0.0005","0.0005","0.0005"
"10-25-2024 04:00","1729828803","0.0005","0.0005","0.609","0.3855","0.0005","0.0005","0.0005","0.0005","0.0005","0.0005","0.0005","0.0005","0.0005","0.0005","0.0005","0.0005","0.0005"
"10-25-2024 05:00","1729832403","0.0005","0.0005","0.609","0.3915","0.0005","0.0005","0.0005","0.0005","0.0005","0.0005","0.0005","0.0005","0.0005","0.0005","0.0005","0.0005","0.0005"
"10-25-2024 06:00","1729836003","0.0005","0.0005","0.611","0.3895","0.0005","0.0005","0.0005","0.0005","0.0005","0.0005","0.0005","0.0005","0.0005","0.0005","0.0005","0.0005","0.0005"
"10-25-2024 07:00","1729839602","0.0005","0.0005","0.6115","0.3895","0.0005","0.0005","0.0005","0.0005","0.0005","0.0005","0.0005","0.0005","0.0005","0.0005","0.0005","0.0005","0.0005"
"10-25-2024 08:00","1729843202","0.0005","0.0005","0.6085","0.3885","0.0005","0.0005","0.0005","0.0005","0.0005","0.0005","0.0005","0.0005","0.0005","0.0005","0.0005","0.0005","0.0005"
"10-25-2024 09:00","1729846802","0.0005","0.0005","0.6175","0.3835","0.0005","0.0005","0.0005","0.0005","0.0005","0.0005","0.0005","0.0005","0.0005","0.0005","0.0005","0.0005","0.0005"
"10-25-2024 10:00","1729850402","0.0005","0.0005","0.5945","0.4025","0.0005","0.0005","0.0005","0.0005","0.0005","0.0005","0.0005","0.0005","0.0005","0.0005","0.0005","0.0005","0.0005"
"10-25-2024 11:00","1729854002","0.0005","0.0005","0.5995","0.4015","0.0005","0.0005","0.0005","0.0005","0.0005","0.0005","0.0005","0.0005","0.0005","0.0005","0.0005","0.0005","0.0005"
"10-25-2024 12:00","1729857603","0.0005","0.0005","0.5975","0.402","0.0005","0.0005","0.0005","0.0005","0.0005","0.0005","0.0005","0.0005","0.0005","0.0005","0.0005","0.0005","0.0005"
"10-25-2024 13:00","1729861203","0.0005","0.0005","0.595","0.406","0.0005","0.0005","0.0005","0.0005","0.0005","0.0005","0.0005","0.0005","0.0005","0.0005","0.0005","0.0005","0.0005"
"10-25-2024 14:00","1729864802","0.0005","0.0005","0.5955","0.4055","0.0005","0.0005","0.0005","0.0005","0.0005","0.0005","0.0005","0.0005","0.0005","0.0005","0.0005","0.0005","0.0005"
"10-25-2024 15:00","1729868403","0.0005","0.0005","0.5795","0.4245","0.0005","0.0005","0.0005","0.0005","0.0005","0.0005","0.0005","0.0005","0.0005","0.0005","0.0005","0.0005","0.0005"
"10-25-2024 16:00","1729872002","0.0005","0.0005","0.582","0.4175","0.0005","0.0005","0.0005","0.0005","0.0005","0.0005","0.0005","0.0005","0.0005","0.0005","0.0005","0.0005","0.0005"
"10-25-2024 17:00","1729875602","0.0005","0.0005","0.5915","0.4085","0.0005","0.0005","0.0005","0.0005","0.0005","0.0005","0.0005","0.0005","0.0005","0.0005","0.0005","0.0005","0.0005"
"10-25-2024 18:00","1729879202","0.0005","0.0005","0.5945","0.4055","0.0005","0.0005","0.0005","0.0005","0.0005","0.0005","0.0005","0.0005","0.0005","0.0005","0.0005","0.0005","0.0005"
"10-25-2024 19:00","1729882802","0.0005","0.0005","0.593","0.4055","0.0005","0.0005","0.0005","0.0005","0.0005","0.0005","0.0005","0.0005","0.0005","0.0005","0.0005","0.0005","0.0005"
"10-25-2024 20:00","1729886403","0.0005","0.0005","0.5985","0.401","0.0005","0.0005","0.0005","0.0005","0.0005","0.0005","0.0005","0.0005","0.0005","0.0005","0.0005","0.0005","0.0005"
"10-25-2024 21:00","1729890003","0.0005","0.0005","0.5995","0.4","0.0005","0.0005","0.0005","0.0005","0.0005","0.0005","0.0005","0.0005","0.0005","0.0005","0.0005","0.0005","0.0005"
"10-25-2024 22:00","1729893602","0.0005","0.0005","0.6045","0.397","0.0005","0.0005","0.0005","0.0005","0.0005","0.0005","0.0005","0.0005","0.0005","0.0005","0.0005","0.0005","0.0005"
"10-25-2024 23:00","1729897202","0.0005","0.0005","0.604","0.3975","0.0005","0.0005","0.0005","0.0005","0.0005","0.0005","0.0005","0.0005","0.0005","0.0005","0.0005","0.0005","0.0005"
"10-26-2024 00:00","1729900803","0.0005","0.0005","0.6045","0.3955","0.0005","0.0005","0.0005","0.0005","0.0005","0.0005","0.0005","0.0005","0.0005","0.0005","0.0005","0.0005","0.0005"
"10-26-2024 01:00","1729904403","0.0005","0.0005","0.6005","0.4","0.0005","0.0005","0.0005","0.0005","0.0005","0.0005","0.0005","0.0005","0.0005","0.0005","0.0005","0.0005","0.0005"
"10-26-2024 02:00","1729908003","0.0005","0.0005","0.6015","0.399","0.0005","0.0005","0.0005","0.0005","0.0005","0.0005","0.0005","0.0005","0.0005","0.0005","0.0005","0.0005","0.0005"
"10-26-2024 03:00","1729911602","0.0005","0.0005","0.601","0.3955","0.0005","0.0005","0.0005","0.0005","0.0005","0.0005","0.0005","0.0005","0.0005","0.0005","0.0005","0.0005","0.0005"
"10-26-2024 04:00","1729915202","0.0005","0.0005","0.607","0.395","0.0005","0.0005","0.0005","0.0005","0.0005","0.0005","0.0005","0.0005","0.0005","0.0005","0.0005","0.0005","0.0005"
"10-26-2024 05:00","1729918803","0.0005","0.0005","0.606","0.3955","0.0005","0.0005","0.0005","0.0005","0.0005","0.0005","0.0005","0.0005","0.0005","0.0005","0.0005","0.0005","0.0005"
"10-26-2024 06:00","1729922402","0.0005","0.0005","0.605","0.395","0.0005","0.0005","0.0005","0.0005","0.0005","0.0005","0.0005","0.0005","0.0005","0.0005","0.0005","0.0005","0.0005"
"10-26-2024 07:00","1729926003","0.0005","0.0005","0.6055","0.3955","0.0005","0.0005","0.0005","0.0005","0.0005","0.0005","0.0005","0.0005","0.0005","0.0005","0.0005","0.0005","0.0005"
"10-26-2024 08:00","1729929602","0.0005","0.0005","0.6035","0.3965","0.0005","0.0005","0.0005","0.0005","0.0005","0.0005","0.0005","0.0005","0.0005","0.0005","0.0005","0.0005","0.0005"
"10-26-2024 09:00","1729933203","0.0005","0.0005","0.5995","0.3965","0.0005","0.0005","0.0005","0.0005","0.0005","0.0005","0.0005","0.0005","0.0005","0.0005","0.0005","0.0005","0.0005"
"10-26-2024 10:00","1729936802","0.0005","0.0005","0.6015","0.392","0.0005","0.0005","0.0005","0.0005","0.0005","0.0005","0.0005","0.0005","0.0005","0.0005","0.0005","0.0005","0.0005"
"10-26-2024 11:00","1729940402","0.0005","0.0005","0.602","0.3945","0.0005","0.0005","0.0005","0.0005","0.0005","0.0005","0.0005","0.0005","0.0005","0.0005","0.0005","0.0005","0.0005"
"10-26-2024 12:00","1729944003","0.0005","0.0005","0.5975","0.3945","0.0005","0.0005","0.0005","0.0005","0.0005","0.0005","0.0005","0.0005","0.0005","0.0005","0.0005","0.0005","0.0005"
"10-26-2024 13:00","1729947602","0.0005","0.0005","0.602","0.396","0.0005","0.0005","0.0005","0.0005","0.0005","0.0005","0.0005","0.0005","0.0005","0.0005","0.0005","0.0005","0.0005"
"10-26-2024 14:00","1729951203","0.0005","0.0005","0.6005","0.3995","0.0005","0.0005","0.0005","0.0005","0.0005","0.0005","0.0005","0.0005","0.0005","0.0005","0.0005","0.0005","0.0005"
"10-26-2024 15:00","1729954803","0.0005","0.0005","0.5985","0.4015","0.0005","0.0005","0.0005","0.0005","0.0005","0.0005","0.0005","0.0005","0.0005","0.0005","0.0005","0.0005","0.0005"
"10-26-2024 16:00","1729958402","0.0005","0.0005","0.5985","0.4025","0.0005","0.0005","0.0005","0.0005","0.0005","0.0005","0.0005","0.0005","0.0005","0.0005","0.0005","0.0005","0.0005"
"10-26-2024 17:00","1729962003","0.0005","0.0005","0.599","0.4015","0.0005","0.0005","0.0005","0.0005","0.0005","0.0005","0.0005","0.0005","0.0005","0.0005","0.0005","0.0005","0.0005"
"10-26-2024 18:00","1729965603","0.0005","0.0005","0.6","0.401","0.0005","0.0005","0.0005","0.0005","0.0005","0.0005","0.0005","0.0005","0.0005","0.0005","0.0005","0.0005","0.0005"
"10-26-2024 19:00","1729969203","0.0005","0.0005","0.594","0.4065","0.0005","0.0005","0.0005","0.0005","0.0005","0.0005","0.0005","0.0005","0.0005","0.0005","0.0005","0.0005","0.0005"
"10-26-2024 20:00","1729972802","0.0005","0.0005","0.5865","0.4135","0.0005","0.0005","0.0005","0.0005","0.0005","0.0005","0.0005","0.0005","0.0005","0.0005","0.0005","0.0005","0.0005"
"10-26-2024 21:00","1729976403","0.0005","0.0005","0.5885","0.413","0.0005","0.0005","0.0005","0.0005","0.0005","0.0005","0.0005","0.0005","0.0005","0.0005","0.0005","0.0005","0.0005"
"10-26-2024 22:00","1729980002","0.0005","0.0005","0.586","0.4135","0.0005","0.0005","0.0005","0.0005","0.0005","0.0005","0.0005","0.0005","0.0005","0.0005","0.0005","0.0005","0.0005"
"10-26-2024 23:00","1729983602","0.0005","0.0005","0.587","0.412","0.0005","0.0005","0.0005","0.0005","0.0005","0.0005","0.0005","0.0005","0.0005","0.0005","0.0005","0.0005","0.0005"
"10-27-2024 00:00","1729987203","0.0005","0.0005","0.589","0.4115","0.0005","0.0005","0.0005","0.0005","0.0005","0.0005","0.0005","0.0005","0.0005","0.0005","0.0005","0.0005","0.0005"
"10-27-2024 00:00","1729987202","0.0005","0.0005","0.5875","0.4125","0.0005","0.0005","0.0005","0.0005","0.0005","0.0005","0.0005","0.0005","0.0005","0.0005","0.0005","0.0005","0.0005"
"10-27-2024 02:00","1729994402","0.0005","0.0005","0.589","0.412","0.0005","0.0005","0.0005","0.0005","0.0005","0.0005","0.0005","0.0005","0.0005","0.0005","0.0005","0.0005","0.0005"
"10-27-2024 03:00","1729998002","0.0005","0.0005","0.589","0.412","0.0005","0.0005","0.0005","0.0005","0.0005","0.0005","0.0005","0.0005","0.0005","0.0005","0.0005","0.0005","0.0005"
"10-27-2024 04:00","1730001602","0.0005","0.0005","0.588","0.412","0.0005","0.0005","0.0005","0.0005","0.0005","0.0005","0.0005","0.0005","0.0005","0.0005","0.0005","0.0005","0.0005"
"10-27-2024 05:00","1730005202","0.0005","0.0005","0.5885","0.4115","0.0005","0.0005","0.0005","0.0005","0.0005","0.0005","0.0005","0.0005","0.0005","0.0005","0.0005","0.0005","0.0005"
"10-27-2024 06:00","1730008803","0.0005","0.0005","0.5875","0.411","0.0005","0.0005","0.0005","0.0005","0.0005","0.0005","0.0005","0.0005","0.0005","0.0005","0.0005","0.0005","0.0005"
"10-27-2024 07:00","1730012402","0.0005","0.0005","0.589","0.4105","0.0005","0.0005","0.0005","0.0005","0.0005","0.0005","0.0005","0.0005","0.0005","0.0005","0.0005","0.0005","0.0005"
"10-27-2024 08:00","1730016003","0.0005","0.0005","0.5905","0.41","0.0005","0.0005","0.0005","0.0005","0.0005","0.0005","0.0005","0.0005","0.0005","0.0005","0.0005","0.0005","0.0005"
"10-27-2024 09:00","1730019602","0.0005","0.0005","0.59","0.4105","0.0005","0.0005","0.0005","0.0005","0.0005","0.0005","0.0005","0.0005","0.0005","0.0005","0.0005","0.0005","0.0005"
"10-27-2024 10:00","1730023202","0.0005","0.0005","0.5865","0.4145","0.0005","0.0005","0.0005","0.0005","0.0005","0.0005","0.0005","0.0005","0.0005","0.0005","0.0005","0.0005","0.0005"
"10-27-2024 11:00","1730026802","0.0005","0.0005","0.5865","0.4145","0.0005","0.0005","0.0005","0.0005","0.0005","0.0005","0.0005","0.0005","0.0005","0.0005","0.0005","0.0005","0.0005"
"10-27-2024 12:00","1730030402","0.0005","0.0005","0.5875","0.4105","0.0005","0.0005","0.0005","0.0005","0.0005","0.0005","0.0005","0.0005","0.0005","0.0005","0.0005","0.0005","0.0005"
"10-27-2024 13:00","1730034002","0.0005","0.0005","0.5845","0.4105","0.0005","0.0005","0.0005","0.0005","0.0005","0.0005","0.0005","0.0005","0.0005","0.0005","0.0005","0.0005","0.0005"
"10-27-2024 14:00","1730037602","0.0005","0.0005","0.5845","0.4125","0.0005","0.0005","0.0005","0.0005","0.0005","0.0005","0.0005","0.0005","0.0005","0.0005","0.0005","0.0005","0.0005"
"10-27-2024 15:00","1730041203","0.0005","0.0005","0.5845","0.4115","0.0005","0.0005","0.0005","0.0005","0.0005","0.0005","0.0005","0.0005","0.0005","0.0005","0.0005","0.0005","0.0005"
"10-27-2024 16:00","1730044802","0.0005","0.0005","0.5885","0.4095","0.0005","0.0005","0.0005","0.0005","0.0005","0.0005","0.0005","0.0005","0.0005","0.0005","0.0005","0.0005","0.0005"
"10-27-2024 17:00","1730048402","0.0005","0.0005","0.592","0.408","0.0005","0.0005","0.0005","0.0005","0.0005","0.0005","0.0005","0.0005","0.0005","0.0005","0.0005","0.0005","0.0005"
"10-27-2024 18:00","1730052002","0.0005","0.0005","0.5915","0.4085","0.0005","0.0005","0.0005","0.0005","0.0005","0.0005","0.0005","0.0005","0.0005","0.0005","0.0005","0.0005","0.0005"
"10-27-2024 19:00","1730055602","0.0005","0.0005","0.5915","0.408","0.0005","0.0005","0.0005","0.0005","0.0005","0.0005","0.0005","0.0005","0.0005","0.0005","0.0005","0.0005","0.0005"
"10-27-2024 20:00","1730059202","0.0005","0.0005","0.5765","0.4225","0.0005","0.0005","0.0005","0.0005","0.0005","0.0005","0.0005","0.0005","0.0005","0.0005","0.0005","0.0005","0.0005"
"10-27-2024 21:00","1730062802","0.0005","0.0005","0.5775","0.423","0.0005","0.0005","0.0005","0.0005","0.0005","0.0005","0.0005","0.0005","0.0005","0.0005","0.0005","0.0005","0.0005"
"10-27-2024 22:00","1730066403","0.0005","0.0005","0.5795","0.421","0.0005","0.0005","0.0005","0.0005","0.0005","0.0005","0.0005","0.0005","0.0005","0.0005","0.0005","0.0005","0.0005"
"10-27-2024 23:00","1730070002","0.0005","0.0005","0.5785","0.4215","0.0005","0.0005","0.0005","0.0005","0.0005","0.0005","0.0005","0.0005","0.0005","0.0005","0.0005","0.0005","0.0005"
"10-28-2024 00:00","1730073603","0.0005","0.0005","0.5815","0.419","0.0005","0.0005","0.0005","0.0005","0.0005","0.0005","0.0005","0.0005","0.0005","0.0005","0.0005","0.0005","0.0005"
"10-28-2024 01:00","1730077202","0.0005","0.0005","0.578","0.422","0.0005","0.0005","0.0005","0.0005","0.0005","0.0005","0.0005","0.0005","0.0005","0.0005","0.0005","0.0005","0.0005"
"10-28-2024 02:00","1730080803","0.0005","0.0005","0.5775","0.4225","0.0005","0.0005","0.0005","0.0005","0.0005","0.0005","0.0005","0.0005","0.0005","0.0005","0.0005","0.0005","0.0005"
"10-28-2024 03:00","1730084403","0.0005","0.0005","0.5795","0.42","0.0005","0.0005","0.0005","0.0005","0.0005","0.0005","0.0005","0.0005","0.0005","0.0005","0.0005","0.0005","0.0005"
"10-28-2024 04:00","1730088003","0.0005","0.0005","0.5805","0.4195","0.0005","0.0005","0.0005","0.0005","0.0005","0.0005","0.0005","0.0005","0.0005","0.0005","0.0005","0.0005","0.0005"
"10-28-2024 05:00","1730091604","0.0005","0.0005","0.582","0.418","0.0005","0.0005","0.0005","0.0005","0.0005","0.0005","0.0005","0.0005","0.0005","0.0005","0.0005","0.0005","0.0005"
"10-28-2024 06:00","1730095203","0.0005","0.0005","0.5815","0.4185","0.0005","0.0005","0.0005","0.0005","0.0005","0.0005","0.0005","0.0005","0.0005","0.0005","0.0005","0.0005","0.0005"
"10-28-2024 07:00","1730098804","0.0005","0.0005","0.5815","0.419","0.0005","0.0005","0.0005","0.0005","0.0005","0.0005","0.0005","0.0005","0.0005","0.0005","0.0005","0.0005","0.0005"
"10-28-2024 08:00","1730102403","0.0005","0.0005","0.5815","0.419","0.0005","0.0005","0.0005","0.0005","0.0005","0.0005","0.0005","0.0005","0.0005","0.0005","0.0005","0.0005","0.0005"
"10-28-2024 09:00","1730106002","0.0005","0.0005","0.5805","0.4195","0.0005","0.0005","0.0005","0.0005","0.0005","0.0005","0.0005","0.0005","0.0005","0.0005","0.0005","0.0005","0.0005"
"10-28-2024 10:00","1730109603","0.0005","0.0005","0.5865","0.4155","0.0005","0.0005","0.0005","0.0005","0.0005","0.0005","0.0005","0.0005","0.0005","0.0005","0.0005","0.0005","0.0005"
"10-28-2024 11:00","1730113203","0.0005","0.0005","0.5945","0.407","0.0005","0.0005","0.0005","0.0005","0.0005","0.0005","0.0005","0.0005","0.0005","0.0005","0.0005","0.0005","0.0005"
"10-28-2024 12:00","1730116802","0.0005","0.0005","0.587","0.4115","0.0005","0.0005","0.0005","0.0005","0.0005","0.0005","0.0005","0.0005","0.0005","0.0005","0.0005","0.0005","0.0005"
"10-28-2024 13:00","1730120402","0.0005","0.0005","0.595","0.4055","0.0005","0.0005","0.0005","0.0005","0.0005","0.0005","0.0005","0.0005","0.0005","0.0005","0.0005","0.0005","0.0005"
"10-28-2024 14:00","1730124002","0.0005","0.0005","0.595","0.406","0.0005","0.0005","0.0005","0.0005","0.0005","0.0005","0.0005","0.0005","0.0005","0.0005","0.0005","0.0005","0.0005"
"10-28-2024 15:00","1730127602","0.0005","0.0005","0.5955","0.4045","0.0005","0.0005","0.0005","0.0005","0.0005","0.0005","0.0005","0.0005","0.0005","0.0005","0.0005","0.0005","0.0005"
"10-28-2024 16:00","1730131202","0.0005","0.0005","0.597","0.4035","0.0005","0.0005","0.0005","0.0005","0.0005","0.0005","0.0005","0.0005","0.0005","0.0005","0.0005","0.0005","0.0005"
"10-28-2024 17:00","1730134802","0.0005","0.0005","0.597","0.402","0.0005","0.0005","0.0005","0.0005","0.0005","0.0005","0.0005","0.0005","0.0005","0.0005","0.0005","0.0005","0.0005"
"10-28-2024 18:00","1730138402","0.0005","0.0005","0.597","0.403","0.0005","0.0005","0.0005","0.0005","0.0005","0.0005","0.0005","0.0005","0.0005","0.0005","0.0005","0.0005","0.0005"
"10-28-2024 19:00","1730142002","0.0005","0.0005","0.5975","0.4035","0.0005","0.0005","0.0005","0.0005","0.0005","0.0005","0.0005","0.0005","0.0005","0.0005","0.0005","0.0005","0.0005"
"10-28-2024 20:00","1730145603","0.0005","0.0005","0.5955","0.404","0.0005","0.0005","0.0005","0.0005","0.0005","0.0005","0.0005","0.0005","0.0005","0.0005","0.0005","0.0005","0.0005"
"10-28-2024 21:00","1730149202","0.0005","0.0005","0.5965","0.4045","0.0005","0.0005","0.0005","0.0005","0.0005","0.0005","0.0005","0.0005","0.0005","0.0005","0.0005","0.0005","0.0005"
"10-28-2024 22:00","1730152803","0.0005","0.0005","0.5835","0.4145","0.0005","0.0005","0.0005","0.0005","0.0005","0.0005","0.0005","0.0005","0.0005","0.0005","0.0005","0.0005","0.0005"
"10-28-2024 23:00","1730156403","0.0005","0.0005","0.584","0.4175","0.0005","0.0005","0.0005","0.0005","0.0005","0.0005","0.0005","0.0005","0.0005","0.0005","0.0005","0.0005","0.0005"
"10-29-2024 00:00","1730160002","0.0005","0.0005","0.5705","0.4295","0.0005","0.0005","0.0005","0.0005","0.0005","0.0005","0.0005","0.0005","0.0005","0.0005","0.0005","0.0005","0.0005"
"10-29-2024 01:00","1730163602","0.0005","0.0005","0.5815","0.4185","0.0005","0.0005","0.0005","0.0005","0.0005","0.0005","0.0005","0.0005","0.0005","0.0005","0.0005","0.0005","0.0005"
"10-29-2024 02:00","1730167202","0.0005","0.0005","0.5725","0.427","0.0005","0.0005","0.0005","0.0005","0.0005","0.0005","0.0005","0.0005","0.0005","0.0005","0.0005","0.0005","0.0005"
"10-29-2024 03:00","1730170802","0.0005","0.0005","0.58","0.4205","0.0005","0.0005","0.0005","0.0005","0.0005","0.0005","0.0005","0.0005","0.0005","0.0005","0.0005","0.0005","0.0005"
"10-29-2024 04:00","1730174403","0.0005","0.0005","0.5805","0.4205","0.0005","0.0005","0.0005","0.0005","0.0005","0.0005","0.0005","0.0005","0.0005","0.0005","0.0005","0.0005","0.0005"
"10-29-2024 05:00","1730178002","0.0005","0.0005","0.5825","0.4185","0.0005","0.0005","0.0005","0.0005","0.0005","0.0005","0.0005","0.0005","0.0005","0.0005","0.0005","0.0005","0.0005"
"10-29-2024 06:00","1730181604","0.0005","0.0005","0.5815","0.4185","0.0005","0.0005","0.0005","0.0005","0.0005","0.0005","0.0005","0.0005","0.0005","0.0005","0.0005","0.0005","0.0005"
"10-29-2024 07:00","1730185203","0.0005","0.0005","0.581","0.4185","0.0005","0.0005","0.0005","0.0005","0.0005","0.0005","0.0005","0.0005","0.0005","0.0005","0.0005","0.0005","0.0005"
"10-29-2024 08:00","1730188803","0.0005","0.0005","0.5805","0.4195","0.0005","0.0005","0.0005","0.0005","0.0005","0.0005","0.0005","0.0005","0.0005","0.0005","0.0005","0.0005","0.0005"
"10-29-2024 09:00","1730192404","0.0005","0.0005","0.5805","0.4195","0.0005","0.0005","0.0005","0.0005","0.0005","0.0005","0.0005","0.0005","0.0005","0.0005","0.0005","0.0005","0.0005"
"10-29-2024 10:00","1730196003","0.0005","0.0005","0.582","0.4185","0.0005","0.0005","0.0005","0.0005","0.0005","0.0005","0.0005","0.0005","0.0005","0.0005","0.0005","0.0005","0.0005"
"10-29-2024 11:00","1730199603","0.0005","0.0005","0.576","0.42","0.0005","0.0005","0.0005","0.0005","0.0005","0.0005","0.0005","0.0005","0.0005","0.0005","0.0005","0.0005","0.0005"
"10-29-2024 12:00","1730203203","0.0005","0.0005","0.5745","0.426","0.0005","0.0005","0.0005","0.0005","0.0005","0.0005","0.0005","0.0005","0.0005","0.0005","0.0005","0.0005","0.0005"
"10-29-2024 13:00","1730206803","0.0005","0.0005","0.581","0.421","0.0005","0.0005","0.0005","0.0005","0.0005","0.0005","0.0005","0.0005","0.0005","0.0005","0.0005","0.0005","0.0005"
"10-29-2024 14:00","1730210403","0.0005","0.0005","0.5775","0.4205","0.0005","0.0005","0.0005","0.0005","0.0005","0.0005","0.0005","0.0005","0.0005","0.0005","0.0005","0.0005","0.0005"
"10-29-2024 15:00","1730214003","0.0005","0.0005","0.581","0.4205","0.0005","0.0005","0.0005","0.0005","0.0005","0.0005","0.0005","0.0005","0.0005","0.0005","0.0005","0.0005","0.0005"
"10-29-2024 16:00","1730217603","0.0005","0.0005","0.582","0.4185","0.0005","0.0005","0.0005","0.0005","0.0005","0.0005","0.0005","0.0005","0.0005","0.0005","0.0005","0.0005","0.0005"
"10-29-2024 17:00","1730221203","0.0005","0.0005","0.579","0.4185","0.0005","0.0005","0.0005","0.0005","0.0005","0.0005","0.0005","0.0005","0.0005","0.0005","0.0005","0.0005","0.0005"
"10-29-2024 18:00","1730224803","0.0005","0.0005","0.5835","0.4155","0.0005","0.0005","0.0005","0.0005","0.0005","0.0005","0.0005","0.0005","0.0005","0.0005","0.0005","0.0005","0.0005"
"10-29-2024 19:00","1730228403","0.0005","0.0005","0.5825","0.4175","0.0005","0.0005","0.0005","0.0005","0.0005","0.0005","0.0005","0.0005","0.0005","0.0005","0.0005","0.0005","0.0005"
"10-29-2024 20:00","1730232003","0.0005","0.0005","0.5825","0.417","0.0005","0.0005","0.0005","0.0005","0.0005","0.0005","0.0005","0.0005","0.0005","0.0005","0.0005","0.0005","0.0005"
"10-29-2024 21:00","1730235603","0.0005","0.0005","0.5825","0.417","0.0005","0.0005","0.0005","0.0005","0.0005","0.0005","0.0005","0.0005","0.0005","0.0005","0.0005","0.0005","0.0005"
"10-29-2024 22:00","1730239203","0.0005","0.0005","0.5795","0.417","0.0005","0.0005","0.0005","0.0005","0.0005","0.0005","0.0005","0.0005","0.0005","0.0005","0.0005","0.0005","0.0005"
"10-29-2024 23:00","1730242803","0.0005","0.0005","0.576","0.423","0.0005","0.0005","0.0005","0.0005","0.0005","0.0005","0.0005","0.0005","0.0005","0.0005","0.0005","0.0005","0.0005"
"10-30-2024 00:00","1730246403","0.0005","0.0005","0.5825","0.4185","0.0005","0.0005","0.0005","0.0005","0.0005","0.0005","0.0005","0.0005","0.0005","0.0005","0.0005","0.0005","0.0005"
"10-30-2024 01:00","1730250002","0.0005","0.0005","0.583","0.4185","0.0005","0.0005","0.0005","0.0005","0.0005","0.0005","0.0005","0.0005","0.0005","0.0005","0.0005","0.0005","0.0005"
"10-30-2024 02:00","1730253603","0.0005","0.0005","0.582","0.4185","0.0005","0.0005","0.0005","0.0005","0.0005","0.0005","0.0005","0.0005","0.0005","0.0005","0.0005","0.0005","0.0005"
"10-30-2024 03:00","1730257202","0.0005","0.0005","0.5825","0.4185","0.0005","0.0005","0.0005","0.0005","0.0005","0.0005","0.0005","0.0005","0.0005","0.0005","0.0005","0.0005","0.0005"
"10-30-2024 04:00","1730260802","0.0005","0.0005","0.583","0.4175","0.0005","0.0005","0.0005","0.0005","0.0005","0.0005","0.0005","0.0005","0.0005","0.0005","0.0005","0.0005","0.0005"
"10-30-2024 05:00","1730264403","0.0005","0.0005","0.5845","0.4165","0.0005","0.0005","0.0005","0.0005","0.0005","0.0005","0.0005","0.0005","0.0005","0.0005","0.0005","0.0005","0.0005"
"10-30-2024 06:00","1730268002","0.0005","0.0005","0.5865","0.4135","0.0005","0.0005","0.0005","0.0005","0.0005","0.0005","0.0005","0.0005","0.0005","0.0005","0.0005","0.0005","0.0005"
"10-30-2024 07:00","1730271602","0.0005","0.0005","0.5875","0.4135","0.0005","0.0005","0.0005","0.0005","0.0005","0.0005","0.0005","0.0005","0.0005","0.0005","0.0005","0.0005","0.0005"
"10-30-2024 08:00","1730275202","0.0005","0.0005","0.5865","0.4145","0.0005","0.0005","0.0005","0.0005","0.0005","0.0005","0.0005","0.0005","0.0005","0.0005","0.0005","0.0005","0.0005"
"10-30-2024 09:00","1730278803","0.0005","0.0005","0.5875","0.4135","0.0005","0.0005","0.0005","0.0005","0.0005","0.0005","0.0005","0.0005","0.0005","0.0005","0.0005","0.0005","0.0005"
"10-30-2024 10:00","1730282403","0.0005","0.0005","0.5885","0.4115","0.0005","0.0005","0.0005","0.0005","0.0005","0.0005","0.0005","0.0005","0.0005","0.0005","0.0005","0.0005","0.0005"
"10-30-2024 11:00","1730286003","0.0005","0.0005","0.5905","0.4095","0.0005","0.0005","0.0005","0.0005","0.0005","0.0005","0.0005","0.0005","0.0005","0.0005","0.0005","0.0005","0.0005"
"10-30-2024 12:00","1730289603","0.0005","0.0005","0.591","0.4085","0.0005","0.0005","0.0005","0.0005","0.0005","0.0005","0.0005","0.0005","0.0005","0.0005","0.0005","0.0005","0.0005"
"10-30-2024 13:00","1730293203","0.0005","0.0005","0.5915","0.4085","0.0005","0.0005","0.0005","0.0005","0.0005","0.0005","0.0005","0.0005","0.0005","0.0005","0.0005","0.0005","0.0005"
"10-30-2024 14:00","1730296802","0.0005","0.0005","0.5865","0.414","0.0005","0.0005","0.0005","0.0005","0.0005","0.0005","0.0005","0.0005","0.0005","0.0005","0.0005","0.0005","0.0005"
"10-30-2024 15:00","1730300403","0.0005","0.0005","0.587","0.4135","0.0005","0.0005","0.0005","0.0005","0.0005","0.0005","0.0005","0.0005","0.0005","0.0005","0.0005","0.0005","0.0005"
"10-30-2024 16:00","1730304002","0.0005","0.0005","0.5885","0.4105","0.0005","0.0005","0.0005","0.0005","0.0005","0.0005","0.0005","0.0005","0.0005","0.0005","0.0005","0.0005","0.0005"
"10-30-2024 17:00","1730307602","0.0005","0.0005","0.5905","0.4105","0.0005","0.0005","0.0005","0.0005","0.0005","0.0005","0.0005","0.0005","0.0005","0.0005","0.0005","0.0005","0.0005"
"10-30-2024 18:00","1730311202","0.0005","0.0005","0.5925","0.4075","0.0005","0.0005","0.0005","0.0005","0.0005","0.0005","0.0005","0.0005","0.0005","0.0005","0.0005","0.0005","0.0005"
"10-30-2024 19:00","1730314803","0.0005","0.0005","0.5995","0.4005","0.0005","0.0005","0.0005","0.0005","0.0005","0.0005","0.0005","0.0005","0.0005","0.0005","0.0005","0.0005","0.0005"
"10-30-2024 20:00","1730318402","0.0005","0.0005","0.6035","0.3965","0.0005","0.0005","0.0005","0.0005","0.0005","0.0005","0.0005","0.0005","0.0005","0.0005","0.0005","0.0005","0.0005"
"10-30-2024 21:00","1730322003","0.0005","0.0005","0.614","0.3875","0.0005","0.0005","0.0005","0.0005","0.0005","0.0005","0.0005","0.0005","0.0005","0.0005","0.0005","0.0005","0.0005"
"10-30-2024 22:00","1730325602","0.0005","0.0005","0.602","0.399","0.0005","0.0005","0.0005","0.0005","0.0005","0.0005","0.0005","0.0005","0.0005","0.0005","0.0005","0.0005","0.0005"
"10-30-2024 23:00","1730329203","0.0005","0.0005","0.6105","0.39","0.0005","0.0005","0.0005","0.0005","0.0005","0.0005","0.0005","0.0005","0.0005","0.0005","0.0005","0.0005","0.0005"
"10-31-2024 00:00","1730332803","0.0005","0.0005","0.6135","0.3875","0.0005","0.0005","0.0005","0.0005","0.0005","0.0005","0.0005","0.0005","0.0005","0.0005","0.0005","0.0005","0.0005"
"10-31-2024 01:00","1730336403","0.0005","0.0005","0.615","0.3865","0.0005","0.0005","0.0005","0.0005","0.0005","0.0005","0.0005","0.0005","0.0005","0.0005","0.0005","0.0005","0.0005"
"10-31-2024 02:00","1730340003","0.0005","0.0005","0.621","0.381","0.0005","0.0005","0.0005","0.0005","0.0005","0.0005","0.0005","0.0005","0.0005","0.0005","0.0005","0.0005","0.0005"
"10-31-2024 03:00","1730343603","0.0005","0.0005","0.6225","0.377","0.0005","0.0005","0.0005","0.0005","0.0005","0.0005","0.0005","0.0005","0.0005","0.0005","0.0005","0.0005","0.0005"
"10-31-2024 04:00","1730347203","0.0005","0.0005","0.625","0.3755","0.0005","0.0005","0.0005","0.0005","0.0005","0.0005","0.0005","0.0005","0.0005","0.0005","0.0005","0.0005","0.0005"
"10-31-2024 05:00","1730350803","0.0005","0.0005","0.6245","0.374","0.0005","0.0005","0.0005","0.0005","0.0005","0.0005","0.0005","0.0005","0.0005","0.0005","0.0005","0.0005","0.0005"
"10-31-2024 06:00","1730354403","0.0005","0.0005","0.6255","0.3745","0.0005","0.0005","0.0005","0.0005","0.0005","0.0005","0.0005","0.0005","0.0005","0.0005","0.0005","0.0005","0.0005"
"10-31-2024 07:00","1730358003","0.0005","0.0005","0.626","0.3735","0.0005","0.0005","0.0005","0.0005","0.0005","0.0005","0.0005","0.0005","0.0005","0.0005","0.0005","0.0005","0.0005"
"10-31-2024 08:00","1730361603","0.0005","0.0005","0.6235","0.3755","0.0005","0.0005","0.0005","0.0005","0.0005","0.0005","0.0005","0.0005","0.0005","0.0005","0.0005","0.0005","0.0005"
"10-31-2024 09:00","1730365203","0.0005","0.0005","0.6245","0.376","0.0005","0.0005","0.0005","0.0005","0.0005","0.0005","0.0005","0.0005","0.0005","0.0005","0.0005","0.0005","0.0005"
"10-31-2024 10:00","1730368803","0.0005","0.0005","0.6165","0.382","0.0005","0.0005","0.0005","0.0005","0.0005","0.0005","0.0005","0.0005","0.0005","0.0005","0.0005","0.0005","0.0005"
"10-31-2024 11:00","1730372402","0.0005","0.0005","0.6265","0.374","0.0005","0.0005","0.0005","0.0005","0.0005","0.0005","0.0005","0.0005","0.0005","0.0005","0.0005","0.0005","0.0005"
"10-31-2024 12:00","1730376003","0.0005","0.0005","0.6175","0.3835","0.0005","0.0005","0.0005","0.0005","0.0005","0.0005","0.0005","0.0005","0.0005","0.0005","0.0005","0.0005","0.0005"
"10-31-2024 13:00","1730379602","0.0005","0.0005","0.6135","0.3855","0.0005","0.0005","0.0005","0.0005","0.0005","0.0005","0.0005","0.0005","0.0005","0.0005","0.0005","0.0005","0.0005"
"10-31-2024 14:00","1730383203","0.0005","0.0005","0.6195","0.3815","0.0005","0.0005","0.0005","0.0005","0.0005","0.0005","0.0005","0.0005","0.0005","0.0005","0.0005","0.0005","0.0005"
"10-31-2024 15:00","1730386803","0.0005","0.0005","0.6205","0.3795","0.0005","0.0005","0.0005","0.0005","0.0005","0.0005","0.0005","0.0005","0.0005","0.0005","0.0005","0.0005","0.0005"
"10-31-2024 16:00","1730390403","0.0005","0.0005","0.626","0.3745","0.0005","0.0005","0.0005","0.0005","0.0005","0.0005","0.0005","0.0005","0.0005","0.0005","0.0005","0.0005","0.0005"
"10-31-2024 17:00","1730394003","0.0005","0.0005","0.6245","0.3745","0.0005","0.0005","0.0005","0.0005","0.0005","0.0005","0.0005","0.0005","0.0005","0.0005","0.0005","0.0005","0.0005"
"10-31-2024 18:00","1730397603","0.0005","0.0005","0.621","0.3795","0.0005","0.0005","0.0005","0.0005","0.0005","0.0005","0.0005","0.0005","0.0005","0.0005","0.0005","0.0005","0.0005"
"10-31-2024 19:00","1730401203","0.0005","0.0005","0.6305","0.3705","0.0005","0.0005","0.0005","0.0005","0.0005","0.0005","0.0005","0.0005","0.0005","0.0005","0.0005","0.0005","0.0005"
"10-31-2024 20:00","1730404803","0.0005","0.0005","0.6355","0.364","0.0005","0.0005","0.0005","0.0005","0.0005","0.0005","0.0005","0.0005","0.0005","0.0005","0.0005","0.0005","0.0005"
"10-31-2024 21:00","1730408403","0.0005","0.0005","0.6325","0.3675","0.0005","0.0005","0.0005","0.0005","0.0005","0.0005","0.0005","0.0005","0.0005","0.0005","0.0005","0.0005","0.0005"
"10-31-2024 22:00","1730412003","0.0005","0.0005","0.6185","0.383","0.0005","0.0005","0.0005","0.0005","0.0005","0.0005","0.0005","0.0005","0.0005","0.0005","0.0005","0.0005","0.0005"
"10-31-2024 23:00","1730415603","0.0005","0.0005","0.6285","0.3715","0.0005","0.0005","0.0005","0.0005","0.0005","0.0005","0.0005","0.0005","0.0005","0.0005","0.0005","0.0005","0.0005"
"11-01-2024 00:00","1730419203","0.0005","0.0005","0.6275","0.373","0.0005","0.0005","0.0005","0.0005","0.0005","0.0005","0.0005","0.0005","0.0005","0.0005","0.0005","0.0005","0.0005"
"11-01-2024 01:00","1730422803","0.0005","0.0005","0.6285","0.372","0.0005","0.0005","0.0005","0.0005","0.0005","0.0005","0.0005","0.0005","0.0005","0.0005","0.0005","0.0005","0.0005"
"11-01-2024 02:00","1730426403","0.0005","0.0005","0.628","0.3715","0.0005","0.0005","0.0005","0.0005","0.0005","0.0005","0.0005","0.0005","0.0005","0.0005","0.0005","0.0005","0.0005"
"11-01-2024 03:00","1730430003","0.0005","0.0005","0.628","0.3705","0.0005","0.0005","0.0005","0.0005","0.0005","0.0005","0.0005","0.0005","0.0005","0.0005","0.0005","0.0005","0.0005"
"11-01-2024 04:00","1730433603","0.0005","0.0005","0.6275","0.371","0.0005","0.0005","0.0005","0.0005","0.0005","0.0005","0.0005","0.0005","0.0005","0.0005","0.0005","0.0005","0.0005"
"11-01-2024 05:00","1730437203","0.0005","0.0005","0.6295","0.3675","0.0005","0.0005","0.0005","0.0005","0.0005","0.0005","0.0005","0.0005","0.0005","0.0005","0.0005","0.0005","0.0005"
"11-01-2024 06:00","1730440802","0.0005","0.0005","0.637","0.3625","0.0005","0.0005","0.0005","0.0005","0.0005","0.0005","0.0005","0.0005","0.0005","0.0005","0.0005","0.0005","0.0005"
"11-01-2024 07:00","1730444402","0.0005","0.0005","0.6365","0.363","0.0005","0.0005","0.0005","0.0005","0.0005","0.0005","0.0005","0.0005","0.0005","0.0005","0.0005","0.0005","0.0005"
"11-01-2024 08:00","1730448002","0.0005","0.0005","0.6365","0.3635","0.0005","0.0005","0.0005","0.0005","0.0005","0.0005","0.0005","0.0005","0.0005","0.0005","0.0005","0.0005","0.0005"
"11-01-2024 09:00","1730451603","0.0005","0.0005","0.6345","0.3655","0.0005","0.0005","0.0005","0.0005","0.0005","0.0005","0.0005","0.0005","0.0005","0.0005","0.0005","0.0005","0.0005"
"11-01-2024 10:00","1730455202","0.0005","0.0005","0.6195","0.38","0.0005","0.0005","0.0005","0.0005","0.0005","0.0005","0.0005","0.0005","0.0005","0.0005","0.0005","0.0005","0.0005"
"11-01-2024 11:00","1730458802","0.0005","0.0005","0.6185","0.381","0.0005","0.0005","0.0005","0.0005","0.0005","0.0005","0.0005","0.0005","0.0005","0.0005","0.0005","0.0005","0.0005"
"11-01-2024 12:00","1730462403","0.0005","0.0005","0.6245","0.3745","0.0005","0.0005","0.0005","0.0005","0.0005","0.0005","0.0005","0.0005","0.0005","0.0005","0.0005","0.0005","0.0005"
"11-01-2024 13:00","1730466002","0.0005","0.0005","0.631","0.3695","0.0005","0.0005","0.0005","0.0005","0.0005","0.0005","0.0005","0.0005","0.0005","0.0005","0.0005","0.0005","0.0005"
"11-01-2024 14:00","1730469603","0.0005","0.0005","0.6285","0.3615","0.0005","0.0005","0.0005","0.0005","0.0005","0.0005","0.0005","0.0005","0.0005","0.0005","0.0005","0.0005","0.0005"
"11-01-2024 15:00","1730473203","0.0005","0.0005","0.633","0.3645","0.0005","0.0005","0.0005","0.0005","0.0005","0.0005","0.0005","0.0005","0.0005","0.0005","0.0005","0.0005","0.0005"
"11-01-2024 16:00","1730476803","0.0005","0.0005","0.6435","0.3565","0.0005","0.0005","0.0005","0.0005","0.0005","0.0005","0.0005","0.0005","0.0005","0.0005","0.0005","0.0005","0.0005"
"11-01-2024 17:00","1730480403","0.0005","0.0005","0.643","0.3565","0.0005","0.0005","0.0005","0.0005","0.0005","0.0005","0.0005","0.0005","0.0005","0.0005","0.0005","0.0005","0.0005"
"11-01-2024 18:00","1730484003","0.0005","0.0005","0.6485","0.352","0.0005","0.0005","0.0005","0.0005","0.0005","0.0005","0.0005","0.0005","0.0005","0.0005","0.0005","0.0005","0.0005"
"11-01-2024 19:00","1730487603","0.0005","0.0005","0.6485","0.3505","0.0005","0.0005","0.0005","0.0005","0.0005","0.0005","0.0005","0.0005","0.0005","0.0005","0.0005","0.0005","0.0005"
"11-01-2024 20:00","1730491227","0.0005","0.0005","0.655","0.3465","0.0005","0.0005","0.0005","0.0005","0.0005","0.0005","0.0005","0.0005","0.0005","0.0005","0.0005","0.0005","0.0005"
"11-01-2024 21:00","1730494803","0.0005","0.0005","0.674","0.3265","0.0005","0.0005","0.0005","0.0005","0.0005","0.0005","0.0005","0.0005","0.0005","0.0005","0.0005","0.0005","0.0005"
"11-01-2024 22:00","1730498403","0.0005","0.0005","0.673","0.3275","0.0005","0.0005","0.0005","0.0005","0.0005","0.0005","0.0005","0.0005","0.0005","0.0005","0.0005","0.0005","0.0005"
"11-01-2024 23:00","1730502003","0.0005","0.0005","0.6725","0.3265","0.0005","0.0005","0.0005","0.0005","0.0005","0.0005","0.0005","0.0005","0.0005","0.0005","0.0005","0.0005","0.0005"
"11-02-2024 00:00","1730505603","0.0005","0.0005","0.6845","0.316","0.0005","0.0005","0.0005","0.0005","0.0005","0.0005","0.0005","0.0005","0.0005","0.0005","0.0005","0.0005","0.0005"
"11-02-2024 01:00","1730509203","0.0005","0.0005","0.6795","0.3205","0.0005","0.0005","0.0005","0.0005","0.0005","0.0005","0.0005","0.0005","0.0005","0.0005","0.0005","0.0005","0.0005"
"11-02-2024 02:00","1730512803","0.0005","0.0005","0.6725","0.327","0.0005","0.0005","0.0005","0.0005","0.0005","0.0005","0.0005","0.0005","0.0005","0.0005","0.0005","0.0005","0.0005"
"11-02-2024 03:00","1730516403","0.0005","0.0005","0.6735","0.325","0.0005","0.0005","0.0005","0.0005","0.0005","0.0005","0.0005","0.0005","0.0005","0.0005","0.0005","0.0005","0.0005"
"11-02-2024 04:00","1730520003","0.0005","0.0005","0.674","0.3255","0.0005","0.0005","0.0005","0.0005","0.0005","0.0005","0.0005","0.0005","0.0005","0.0005","0.0005","0.0005","0.0005"
"11-02-2024 05:00","1730523603","0.0005","0.0005","0.674","0.324","0.0005","0.0005","0.0005","0.0005","0.0005","0.0005","0.0005","0.0005","0.0005","0.0005","0.0005","0.0005","0.0005"
"11-02-2024 06:00","1730527203","0.0005","0.0005","0.674","0.3225","0.0005","0.0005","0.0005","0.0005","0.0005","0.0005","0.0005","0.0005","0.0005","0.0005","0.0005","0.0005","0.0005"
"11-02-2024 07:00","1730530803","0.0005","0.0005","0.6805","0.315","0.0005","0.0005","0.0005","0.0005","0.0005","0.0005","0.0005","0.0005","0.0005","0.0005","0.0005","0.0005","0.0005"
"11-02-2024 08:00","1730534403","0.0005","0.0005","0.6875","0.3095","0.0005","0.0005","0.0005","0.0005","0.0005","0.0005","0.0005","0.0005","0.0005","0.0005","0.0005","0.0005","0.0005"
"11-02-2024 09:00","1730538003","0.0005","0.0005","0.6965","0.3025","0.0005","0.0005","0.0005","0.0005","0.0005","0.0005","0.0005","0.0005","0.0005","0.0005","0.0005","0.0005","0.0005"
"11-02-2024 10:00","1730541603","0.0005","0.0005","0.6915","0.3075","0.0005","0.0005","0.0005","0.0005","0.0005","0.0005","0.0005","0.0005","0.0005","0.0005","0.0005","0.0005","0.0005"
"11-02-2024 11:00","1730545203","0.0005","0.0005","0.693","0.3025","0.0005","0.0005","0.0005","0.0005","0.0005","0.0005","0.0005","0.0005","0.0005","0.0005","0.0005","0.0005","0.0005"
"11-02-2024 12:00","1730548803","0.0005","0.0005","0.6885","0.311","0.0005","0.0005","0.0005","0.0005","0.0005","0.0005","0.0005","0.0005","0.0005","0.0005","0.0005","0.0005","0.0005"
"11-02-2024 13:00","1730552403","0.0005","0.0005","0.693","0.307","0.0005","0.0005","0.0005","0.0005","0.0005","0.0005","0.0005","0.0005","0.0005","0.0005","0.0005","0.0005","0.0005"
"11-02-2024 14:00","1730556003","0.0005","0.0005","0.6975","0.3025","0.0005","0.0005","0.0005","0.0005","0.0005","0.0005","0.0005","0.0005","0.0005","0.0005","0.0005","0.0005","0.0005"
"11-02-2024 15:00","1730559602","0.0005","0.0005","0.6985","0.3005","0.0005","0.0005","0.0005","0.0005","0.0005","0.0005","0.0005","0.0005","0.0005","0.0005","0.0005","0.0005","0.0005"
"11-02-2024 16:00","1730563202","0.0005","0.0005","0.6995","0.3005","0.0005","0.0005","0.0005","0.0005","0.0005","0.0005","0.0005","0.0005","0.0005","0.0005","0.0005","0.0005","0.0005"
"11-02-2024 17:00","1730566803","0.0005","0.0005","0.6985","0.3005","0.0005","0.0005","0.0005","0.0005","0.0005","0.0005","0.0005","0.0005","0.0005","0.0005","0.0005","0.0005","0.0005"
"11-02-2024 18:00","1730570402","0.0005","0.0005","0.697","0.3035","0.0005","0.0005","0.0005","0.0005","0.0005","0.0005","0.0005","0.0005","0.0005","0.0005","0.0005","0.0005","0.0005"
"11-02-2024 19:00","1730574003","0.0005","0.0005","0.6985","0.3025","0.0005","0.0005","0.0005","0.0005","0.0005","0.0005","0.0005","0.0005","0.0005","0.0005","0.0005","0.0005","0.0005"
"11-02-2024 20:00","1730577603","0.0005","0.0005","0.702","0.299","0.0005","0.0005","0.0005","0.0005","0.0005","0.0005","0.0005","0.0005","0.0005","0.0005","0.0005","0.0005","0.0005"
"11-02-2024 21:00","1730581203","0.0005","0.0005","0.7015","0.2975","0.0005","0.0005","0.0005","0.0005","0.0005","0.0005","0.0005","0.0005","0.0005","0.0005","0.0005","0.0005","0.0005"
"11-02-2024 22:00","1730584803","0.0005","0.0005","0.705","0.294","0.0005","0.0005","0.0005","0.0005","0.0005","0.0005","0.0005","0.0005","0.0005","0.0005","0.0005","0.0005","0.0005"
"11-02-2024 23:00","1730588403","0.0005","0.0005","0.6975","0.297","0.0005","0.0005","0.0005","0.0005","0.0005","0.0005","0.0005","0.0005","0.0005","0.0005","0.0005","0.0005","0.0005"
"11-03-2024 00:00","1730592003","0.0005","0.0005","0.739","0.2585","0.0005","0.0005","0.0005","0.0005","0.0005","0.0005","0.0005","0.0005","0.0005","0.0005","0.0005","0.0005","0.0005"
"11-03-2024 01:00","1730595603","0.0005","0.0005","0.743","0.2555","0.0005","0.0005","0.0005","0.0005","0.0005","0.0005","0.0005","0.0005","0.0005","0.0005","0.0005","0.0005","0.0005"
"11-03-2024 02:00","1730599203","0.0005","0.0005","0.759","0.2405","0.0005","0.0005","0.0005","0.0005","0.0005","0.0005","0.0005","0.0005","0.0005","0.0005","0.0005","0.0005","0.0005"
"11-03-2024 03:00","1730602803","0.0005","0.0005","0.7425","0.2575","0.0005","0.0005","0.0005","0.0005","0.0005","0.0005","0.0005","0.0005","0.0005","0.0005","0.0005","0.0005","0.0005"
"11-03-2024 04:00","1730606403","0.0005","0.0005","0.7425","0.2575","0.0005","0.0005","0.0005","0.0005","0.0005","0.0005","0.0005","0.0005","0.0005","0.0005","0.0005","0.0005","0.0005"
"11-03-2024 05:00","1730610003","0.0005","0.0005","0.7455","0.2545","0.0005","0.0005","0.0005","0.0005","0.0005","0.0005","0.0005","0.0005","0.0005","0.0005","0.0005","0.0005","0.0005"
"11-03-2024 06:00","1730613603","0.0005","0.0005","0.747","0.2535","0.0005","0.0005","0.0005","0.0005","0.0005","0.0005","0.0005","0.0005","0.0005","0.0005","0.0005","0.0005","0.0005"
"11-03-2024 07:00","1730617203","0.0005","0.0005","0.7475","0.2535","0.0005","0.0005","0.0005","0.0005","0.0005","0.0005","0.0005","0.0005","0.0005","0.0005","0.0005","0.0005","0.0005"
"11-03-2024 08:00","1730620802","0.0005","0.0005","0.745","0.255","0.0005","0.0005","0.0005","0.0005","0.0005","0.0005","0.0005","0.0005","0.0005","0.0005","0.0005","0.0005","0.0005"
"11-03-2024 09:00","1730624403","0.0005","0.0005","0.7345","0.26","0.0005","0.0005","0.0005","0.0005","0.0005","0.0005","0.0005","0.0005","0.0005","0.0005","0.0005","0.0005","0.0005"
"11-03-2024 10:00","1730628003","0.0005","0.0005","0.73","0.268","0.0005","0.0005","0.0005","0.0005","0.0005","0.0005","0.0005","0.0005","0.0005","0.0005","0.0005","0.0005","0.0005"
"11-03-2024 11:00","1730631603","0.0005","0.0005","0.738","0.262","0.0005","0.0005","0.0005","0.0005","0.0005","0.0005","0.0005","0.0005","0.0005","0.0005","0.0005","0.0005","0.0005"
"11-03-2024 12:00","1730635203","0.0005","0.0005","0.735","0.2645","0.0005","0.0005","0.0005","0.0005","0.0005","0.0005","0.0005","0.0005","0.0005","0.0005","0.0005","0.0005","0.0005"
"11-03-2024 13:00","1730638802","0.0005","0.0005","0.735","0.264","0.0005","0.0005","0.0005","0.0005","0.0005","0.0005","0.0005","0.0005","0.0005","0.0005","0.0005","0.0005","0.0005"
"11-03-2024 14:00","1730642403","0.0005","0.0005","0.734","0.2665","0.0005","0.0005","0.0005","0.0005","0.0005","0.0005","0.0005","0.0005","0.0005","0.0005","0.0005","0.0005","0.0005"
"11-03-2024 15:00","1730646003","0.0005","0.0005","0.716","0.2825","0.0005","0.0005","0.0005","0.0005","0.0005","0.0005","0.0005","0.0005","0.0005","0.0005","0.0005","0.0005","0.0005"
"11-03-2024 16:00","1730649603","0.0005","0.0005","0.728","0.2725","0.0005","0.0005","0.0005","0.0005","0.0005","0.0005","0.0005","0.0005","0.0005","0.0005","0.0005","0.0005","0.0005"
"11-03-2024 17:00","1730653203","0.0005","0.0005","0.7335","0.267","0.0005","0.0005","0.0005","0.0005","0.0005","0.0005","0.0005","0.0005","0.0005","0.0005","0.0005","0.0005","0.0005"
"11-03-2024 18:00","1730656803","0.0005","0.0005","0.7345","0.266","0.0005","0.0005","0.0005","0.0005","0.0005","0.0005","0.0005","0.0005","0.0005","0.0005","0.0005","0.0005","0.0005"
"11-03-2024 19:00","1730660403","0.0005","0.0005","0.737","0.2625","0.0005","0.0005","0.0005","0.0005","0.0005","0.0005","0.0005","0.0005","0.0005","0.0005","0.0005","0.0005","0.0005"
"11-03-2024 20:00","1730664003","0.0005","0.0005","0.7385","0.2615","0.0005","0.0005","0.0005","0.0005","0.0005","0.0005","0.0005","0.0005","0.0005","0.0005","0.0005","0.0005","0.0005"
"11-03-2024 21:00","1730667603","0.0005","0.0005","0.7355","0.2655","0.0005","0.0005","0.0005","0.0005","0.0005","0.0005","0.0005","0.0005","0.0005","0.0005","0.0005","0.0005","0.0005"
"11-03-2024 22:00","1730671203","0.0005","0.0005","0.7355","0.2655","0.0005","0.0005","0.0005","0.0005","0.0005","0.0005","0.0005","0.0005","0.0005","0.0005","0.0005","0.0005","0.0005"
"11-03-2024 23:00","1730674803","0.0005","0.0005","0.7415","0.2575","0.0005","0.0005","0.0005","0.0005","0.0005","0.0005","0.0005","0.0005","0.0005","0.0005","0.0005","0.0005","0.0005"
"11-04-2024 00:00","1730678403","0.0005","0.0005","0.741","0.2565","0.0005","0.0005","0.0005","0.0005","0.0005","0.0005","0.0005","0.0005","0.0005","0.0005","0.0005","0.0005","0.0005"
"11-04-2024 01:00","1730682003","0.0005","0.0005","0.7425","0.252","0.0005","0.0005","0.0005","0.0005","0.0005","0.0005","0.0005","0.0005","0.0005","0.0005","0.0005","0.0005","0.0005"
"11-04-2024 02:00","1730685603","0.0005","0.0005","0.744","0.256","0.0005","0.0005","0.0005","0.0005","0.0005","0.0005","0.0005","0.0005","0.0005","0.0005","0.0005","0.0005","0.0005"
"11-04-2024 03:00","1730689202","0.0005","0.0005","0.743","0.255","0.0005","0.0005","0.0005","0.0005","0.0005","0.0005","0.0005","0.0005","0.0005","0.0005","0.0005","0.0005","0.0005"
"11-04-2024 04:00","1730692803","0.0005","0.0005","0.7485","0.2515","0.0005","0.0005","0.0005","0.0005","0.0005","0.0005","0.0005","0.0005","0.0005","0.0005","0.0005","0.0005","0.0005"
"11-04-2024 05:00","1730696402","0.0005","0.0005","0.743","0.2575","0.0005","0.0005","0.0005","0.0005","0.0005","0.0005","0.0005","0.0005","0.0005","0.0005","0.0005","0.0005","0.0005"
"11-04-2024 06:00","1730700003","0.0005","0.0005","0.7345","0.264","0.0005","0.0005","0.0005","0.0005","0.0005","0.0005","0.0005","0.0005","0.0005","0.0005","0.0005","0.0005","0.0005"
"11-04-2024 07:00","1730703603","0.0005","0.0005","0.7285","0.2715","0.0005","0.0005","0.0005","0.0005","0.0005","0.0005","0.0005","0.0005","0.0005","0.0005","0.0005","0.0005","0.0005"
"11-04-2024 08:00","1730707203","0.0005","0.0005","0.729","0.27","0.0005","0.0005","0.0005","0.0005","0.0005","0.0005","0.0005","0.0005","0.0005","0.0005","0.0005","0.0005","0.0005"
"11-04-2024 09:00","1730710802","0.0005","0.0005","0.7275","0.2725","0.0005","0.0005","0.0005","0.0005","0.0005","0.0005","0.0005","0.0005","0.0005","0.0005","0.0005","0.0005","0.0005"
"11-04-2024 10:00","1730714403","0.0005","0.0005","0.7265","0.2715","0.0005","0.0005","0.0005","0.0005","0.0005","0.0005","0.0005","0.0005","0.0005","0.0005","0.0005","0.0005","0.0005"
"11-04-2024 11:00","1730718003","0.0005","0.0005","0.7415","0.2595","0.0005","0.0005","0.0005","0.0005","0.0005","0.0005","0.0005","0.0005","0.0005","0.0005","0.0005","0.0005","0.0005"
"11-04-2024 12:00","1730721603","0.0005","0.0005","0.7385","0.2625","0.0005","0.0005","0.0005","0.0005","0.0005","0.0005","0.0005","0.0005","0.0005","0.0005","0.0005","0.0005","0.0005"
"11-04-2024 13:00","1730725203","0.0005","0.0005","0.7345","0.264","0.0005","0.0005","0.0005","0.0005","0.0005","0.0005","0.0005","0.0005","0.0005","0.0005","0.0005","0.0005","0.0005"
"11-04-2024 14:00","1730728804","0.0005","0.0005","0.7355","0.2655","0.0005","0.0005","0.0005","0.0005","0.0005","0.0005","0.0005","0.0005","0.0005","0.0005","0.0005","0.0005","0.0005"
"11-04-2024 15:00","1730732403","0.0005","0.0005","0.729","0.2705","0.0005","0.0005","0.0005","0.0005","0.0005","0.0005","0.0005","0.0005","0.0005","0.0005","0.0005","0.0005","0.0005"
"11-04-2024 16:00","1730736003","0.0005","0.0005","0.6965","0.3035","0.0005","0.0005","0.0005","0.0005","0.0005","0.0005","0.0005","0.0005","0.0005","0.0005","0.0005","0.0005","0.0005"
"11-04-2024 17:00","1730739604","0.0005","0.0005","0.7035","0.295","0.0005","0.0005","0.0005","0.0005","0.0005","0.0005","0.0005","0.0005","0.0005","0.0005","0.0005","0.0005","0.0005"
"11-04-2024 18:00","1730743203","0.0005","0.0005","0.704","0.294","0.0005","0.0005","0.0005","0.0005","0.0005","0.0005","0.0005","0.0005","0.0005","0.0005","0.0005","0.0005","0.0005"
"11-04-2024 19:00","1730746804","0.0005","0.0005","0.711","0.2895","0.0005","0.0005","0.0005","0.0005","0.0005","0.0005","0.0005","0.0005","0.0005","0.0005","0.0005","0.0005","0.0005"
"11-04-2024 20:00","1730750402","0.0005","0.0005","0.7095","0.292","0.0005","0.0005","0.0005","0.0005","0.0005","0.0005","0.0005","0.0005","0.0005","0.0005","0.0005","0.0005","0.0005"
"11-04-2024 21:00","1730754002","0.0005","0.0005","0.712","0.2875","0.0005","0.0005","0.0005","0.0005","0.0005","0.0005","0.0005","0.0005","0.0005","0.0005","0.0005","0.0005","0.0005"
"11-04-2024 22:00","1730757602","0.0005","0.0005","0.724","0.2755","0.0005","0.0005","0.0005","0.0005","0.0005","0.0005","0.0005","0.0005","0.0005","0.0005","0.0005","0.0005","0.0005"
"11-04-2024 23:00","1730761202","0.0005","0.0005","0.7195","0.279","0.0005","0.0005","0.0005","0.0005","0.0005","0.0005","0.0005","0.0005","0.0005","0.0005","0.0005","0.0005","0.0005"
"11-05-2024 00:00","1730764802","0.0005","0.0005","0.7265","0.274","0.0005","0.0005","0.0005","0.0005","0.0005","0.0005","0.0005","0.0005","0.0005","0.0005","0.0005","0.0005","0.0005"
"11-05-2024 01:00","1730768402","0.0005","0.0005","0.722","0.2785","0.0005","0.0005","0.0005","0.0005","0.0005","0.0005","0.0005","0.0005","0.0005","0.0005","0.0005","0.0005","0.0005"
"11-05-2024 02:00","1730772002","0.0005","0.0005","0.7345","0.265","0.0005","0.0005","0.0005","0.0005","0.0005","0.0005","0.0005","0.0005","0.0005","0.0005","0.0005","0.0005","0.0005"
"11-05-2024 03:00","1730775602","0.0005","0.0005","0.7345","0.265","0.0005","0.0005","0.0005","0.0005","0.0005","0.0005","0.0005","0.0005","0.0005","0.0005","0.0005","0.0005","0.0005"
"11-05-2024 04:00","1730779202","0.0005","0.0005","0.7165","0.282","0.0005","0.0005","0.0005","0.0005","0.0005","0.0005","0.0005","0.0005","0.0005","0.0005","0.0005","0.0005","0.0005"
"11-05-2024 05:00","1730782802","0.0005","0.0005","0.7375","0.263","0.0005","0.0005","0.0005","0.0005","0.0005","0.0005","0.0005","0.0005","0.0005","0.0005","0.0005","0.0005","0.0005"
"11-05-2024 06:00","1730786402","0.0005","0.0005","0.7225","0.2745","0.0005","0.0005","0.0005","0.0005","0.0005","0.0005","0.0005","0.0005","0.0005","0.0005","0.0005","0.0005","0.0005"
"11-05-2024 07:00","1730790002","0.0005","0.0005","0.719","0.281","0.0005","0.0005","0.0005","0.0005","0.0005","0.0005","0.0005","0.0005","0.0005","0.0005","0.0005","0.0005","0.0005"
"11-05-2024 08:00","1730793602","0.0005","0.0005","0.731","0.267","0.0005","0.0005","0.0005","0.0005","0.0005","0.0005","0.0005","0.0005","0.0005","0.0005","0.0005","0.0005","0.0005"
"11-05-2024 09:00","1730797202","0.0005","0.0005","0.7335","0.2675","0.0005","0.0005","0.0005","0.0005","0.0005","0.0005","0.0005","0.0005","0.0005","0.0005","0.0005","0.0005","0.0005"
"11-05-2024 10:00","1730800802","0.0005","0.0005","0.7175","0.282","0.0005","0.0005","0.0005","0.0005","0.0005","0.0005","0.0005","0.0005","0.0005","0.0005","0.0005","0.0005","0.0005"
"11-05-2024 11:00","1730804402","0.0005","0.0005","0.728","0.2735","0.0005","0.0005","0.0005","0.0005","0.0005","0.0005","0.0005","0.0005","0.0005","0.0005","0.0005","0.0005","0.0005"
"11-05-2024 12:00","1730808002","0.0005","0.0005","0.7305","0.271","0.0005","0.0005","0.0005","0.0005","0.0005","0.0005","0.0005","0.0005","0.0005","0.0005","0.0005","0.0005","0.0005"
"11-05-2024 13:00","1730811602","0.0005","0.0005","0.736","0.264","0.0005","0.0005","0.0005","0.0005","0.0005","0.0005","0.0005","0.0005","0.0005","0.0005","0.0005","0.0005","0.0005"
"11-05-2024 14:00","1730815202","0.0005","0.0005","0.7385","0.2625","0.0005","0.0005","0.0005","0.0005","0.0005","0.0005","0.0005","0.0005","0.0005","0.0005","0.0005","0.0005","0.0005"
"11-05-2024 15:00","1730818802","0.0005","0.0005","0.7325","0.269","0.0005","0.0005","0.0005","0.0005","0.0005","0.0005","0.0005","0.0005","0.0005","0.0005","0.0005","0.0005","0.0005"
"11-05-2024 16:00","1730822402","0.0005","0.0005","0.731","0.2705","0.0005","0.0005","0.0005","0.0005","0.0005","0.0005","0.0005","0.0005","0.0005","0.0005","0.0005","0.0005","0.0005"
"11-05-2024 17:00","1730826002","0.0005","0.0005","0.7185","0.284","0.0005","0.0005","0.0005","0.0005","0.0005","0.0005","0.0005","0.0005","0.0005","0.0005","0.0005","0.0005","0.0005"
"11-05-2024 18:00","1730829602","0.0005","0.0005","0.7155","0.283","0.0005","0.0005","0.0005","0.0005","0.0005","0.0005","0.0005","0.0005","0.0005","0.0005","0.0005","0.0005","0.0005"
"11-05-2024 19:00","1730833202","0.0005","0.0005","0.7265","0.274","0.0005","0.0005","0.0005","0.0005","0.0005","0.0005","0.0005","0.0005","0.0005","0.0005","0.0005","0.0005","0.0005"
"11-05-2024 20:00","1730836803","0.0005","0.0005","0.714","0.287","0.0005","0.0005","0.0005","0.0005","0.0005","0.0005","0.0005","0.0005","0.0005","0.0005","0.0005","0.0005","0.0005"
"11-05-2024 21:00","1730840402","0.0005","0.0005","0.7325","0.268","0.0005","0.0005","0.0005","0.0005","0.0005","0.0005","0.0005","0.0005","0.0005","0.0005","0.0005","0.0005","0.0005"
"11-05-2024 23:00","1730847602","0.0005","0.0005","0.725","0.2735","0.0005","0.0005","0.0005","0.0005","0.0005","0.0005","0.0005","0.0005","0.0005","0.0005","0.0005","0.0005","0.0005"
"11-06-2024 00:00","1730851202","0.0005","0.0005","0.7255","0.2855","0.0005","0.0005","0.0005","0.0005","0.0005","0.0005","0.0005","0.0005","0.0005","0.0005","0.0005","0.0005","0.0005"
"11-06-2024 01:00","1730854802","0.0005","0.0005","0.6735","0.3205","0.0005","0.0005","0.0005","0.0005","0.0005","0.0005","0.0005","0.0005","0.0005","0.0005","0.0005","0.0005","0.0005"
"11-06-2024 02:00","1730858402","0.0005","0.0005","0.6305","0.3665","0.0005","0.0005","0.0005","0.0005","0.0005","0.0005","0.0005","0.0005","0.0005","0.0005","0.0005","0.0005","0.0005"
"11-06-2024 03:00","1730862002","0.0005","0.0005","0.454","0.572","0.0005","0.0005","0.0005","0.0005","0.0005","0.0005","0.0005","0.0005","0.0005","0.0005","0.0005","0.0005","0.0005"
"11-06-2024 04:00","1730865603","0.0005","0.0005","0.203","0.8045","0.0005","0.0005","0.0005","0.0005","0.0005","0.0005","0.0005","0.0005","0.0005","0.0005","0.0005","0.0005","0.0005"
"11-06-2024 05:00","1730869203","0.0005","0.0005","0.0795","0.922","0.0005","0.0005","0.0005","0.0005","0.0005","0.0005","0.0005","0.0005","0.0005","0.0005","0.0005","0.0005","0.0005"
"11-06-2024 06:00","1730872802","0.0005","0.0005","0.0485","0.9455","0.0005","0.0005","0.0005","0.0005","0.0005","0.0005","0.0005","0.0005","0.0005","0.0005","0.0005","0.0005","0.0005"
"11-06-2024 07:00","1730876402","0.0005","0.0005","0.016","0.981","0.0005","0.0005","0.0005","0.0005","0.0005","0.0005","0.0005","0.0005","0.0005","0.0005","0.0005","0.0005","0.0005"
"11-06-2024 08:00","1730880003","0.0005","0.0005","0.0065","0.9925","0.0005","0.0005","0.0005","0.0005","0.0005","0.0005","0.0005","0.0005","0.0005","0.0005","0.0005","0.0005","0.0005"
"11-06-2024 09:00","1730883602","0.0005","0.0005","0.005","0.9965","0.0005","0.0005","0.0005","0.0005","0.0005","0.0005","0.0005","0.0005","0.0005","0.0005","0.0005","0.0005","0.0005"
"11-06-2024 10:00","1730887202","0.0005","0.0005","0.0035","0.996","0.0005","0.0005","0.0005","0.0005","0.0005","0.0005","0.0005","0.0005","0.0005","0.0005","0.0005","0.0005","0.0005"
"11-06-2024 11:00","1730890802","0.0005","0.0005","0.003","0.9965","0.0005","0.0005","0.0005","0.0005","0.0005","0.0005","0.0005","0.0005","0.0005","0.0005","0.0005","0.0005","0.0005"
"11-06-2024 12:00","1730894403","0.0005","0.0005","0.0025","0.9965","0.0005","0.0005","0.0005","0.0005","0.0005","0.0005","0.0005","0.0005","0.0005","0.0005","0.0005","0.0005","0.0005"
"11-06-2024 13:00","1730898002","0.0005","0.0005","0.0025","0.9965","0.0005","0.0005","0.0005","0.0005","0.0005","0.0005","0.0005","0.0005","0.0005","0.0005","0.0005","0.0005","0.0005"
"11-06-2024 14:00","1730901603","0.0005","0.0005","0.0015","0.9955","0.0005","0.0005","0.0005","0.0005","0.0005","0.0005","0.0005","0.0005","0.0005","0.0005","0.0005","0.0005","0.0005"
"11-06-2024 15:00","1730905202","0.0005","0.0005","0.0005","0.997","0.0005","0.0005","0.0005","0.0005","0.0005","0.0005","0.0005","0.0005","0.0005","0.0005","0.0005","0.0005","0.0005"
"11-06-2024 16:00","1730908802","0.0005","0.0005","0.0005","0.9985","0.0005","0.0005","0.0005","0.0005","0.0005","0.0005","0.0005","0.0005","0.0005","0.0005","0.0005","0.0005","0.0005"
"11-06-2024 17:00","1730912402","0.0005","0.0005","0.0025","0.9975","0.0005","0.0005","0.0005","0.0005","0.0005","0.0005","0.0005","0.0005","0.0005","0.0005","0.0005","0.0005","0.0005"
"11-06-2024 18:00","1730916002","0.0005","0.0005","0.0015","0.9975","0.0005","0.0005","0.0005","0.0005","0.0005","0.0005","0.0005","0.0005","0.0005","0.0005","0.0005","0.0005","0.0005"
"11-06-2024 19:00","1730919602","0.0005","0.0005","0.002","0.9995","0.0005","0.0005","0.0005","0.0005","0.0005","0.0005","0.0005","0.0005","0.0005","0.0005","0.0005","0.0005","0.0005"
"11-06-2024 20:00","1730923202","0.0005","0.0005","0.002","0.9995","0.0005","0.0005","0.0005","0.0005","0.0005","0.0005","0.0005","0.0005","0.0005","0.0005","0.0005","0.0005","0.0005"
"11-06-2024 21:00","1730926802","0.0005","0.0005","0.0015","0.9995","0.0005","0.0005","0.0005","0.0005","0.0005","0.0005","0.0005","0.0005","0.0005","0.0005","0.0005","0.0005","0.0005"
"11-06-2024 22:00","1730930402","0.0005","0.0005","0.002","0.9995","0.0005","0.0005","0.0005","0.0005","0.0005","0.0005","0.0005","0.0005","0.0005","0.0005","0.0005","0.0005","0.0005"
"11-06-2024 23:00","1730934003","0.0005","0.0005","0.0015","0.9995","0.0005","0.0005","0.0005","0.0005","0.0005","0.0005","0.0005","0.0005","0.0005","0.0005","0.0005","0.0005","0.0005"
"11-07-2024 00:00","1730937603","0.0005","0.0005","0.001","0.9995","0.0005","0.0005","0.0005","0.0005","0.0005","0.0005","0.0005","0.0005","0.0005","0.0005","0.0005","0.0005","0.0005"
"11-07-2024 01:00","1730941203","0.0005","0.0005","0.0015","0.9995","0.0005","0.0005","0.0005","0.0005","0.0005","0.0005","0.0005","0.0005","0.0005","0.0005","0.0005","0.0005","0.0005"
"11-07-2024 02:00","1730944802","0.0005","0.0005","0.0015","0.9995","0.0005","0.0005","0.0005","0.0005","0.0005","0.0005","0.0005","0.0005","0.0005","0.0005","0.0005","0.0005","0.0005"
"11-07-2024 03:00","1730948402","0.0005","0.0005","0.0005","0.9995","0.0005","0.0005","0.0005","0.0005","0.0005","0.0005","0.0005","0.0005","0.0005","0.0005","0.0005","0.0005","0.0005"
"11-07-2024 04:00","1730952002","0.0005","0.0005","0.0005","0.9995","0.0005","0.0005","0.0005","0.0005","0.0005","0.0005","0.0005","0.0005","0.0005","0.0005","0.0005","0.0005","0.0005"
"11-07-2024 05:00","1730955602","0.0005","0.0005","0.0005","0.9985","0.0005","0.0005","0.0005","0.0005","0.0005","0.0005","0.0005","0.0005","0.0005","0.0005","0.0005","0.0005","0.0005"
"11-07-2024 06:00","1730959202","0.0005","0.0005","0.0005","0.9985","0.0005","0.0005","0.0005","0.0005","0.0005","0.0005","0.0005","0.0005","0.0005","0.0005","","0.0005","0.0005"
"11-07-2024 07:00","1730962802","0.0005","0.0005","0.0005","0.9985","0.0005","0.0005","0.0005","0.0005","0.0005","0.0005","0.0005","0.0005","0.0005","0.0005","","0.0005","0.0005"
"11-07-2024 08:00","1730966402","0.0005","0.0005","0.001","0.9985","0.0005","0.0005","0.0005","0.0005","0.0005","0.0005","0.0005","0.0005","0.0005","0.0005","","0.0005","0.0005"
"11-07-2024 09:00","1730970002","0.0005","0.0005","0.0005","0.9995","0.0005","0.0005","0.0005","0.0005","0.0005","0.0005","0.0005","0.0005","0.0005","0.0005","","0.0005","0.0005"
"11-07-2024 10:00","1730973602","0.0005","0.0005","0.0005","0.9985","0.0005","0.0005","0.0005","0.0005","0.0005","0.0005","0.0005","0.0005","0.0005","0.0005","","0.0005","0.0005"
"11-07-2024 11:00","1730977202","0.0005","0.0005","0.0005","0.9995","0.0005","0.0005","0.0005","0.0005","0.0005","0.0005","0.0005","0.0005","0.0005","0.0005","","0.0005","0.0005"
"11-07-2024 12:00","1730980802","0.0005","0.0005","0.0005","0.9995","0.0005","0.0005","0.0005","0.0005","0.0005","0.0005","0.0005","0.0005","0.0005","0.0005","","0.0005","0.0005"
"11-07-2024 13:00","1730984402","0.0005","0.0005","0.001","0.9995","0.0005","0.0005","0.0005","0.0005","0.0005","0.0005","0.0005","0.0005","0.0005","0.0005","","0.0005","0.0005"
"11-07-2024 14:00","1730988002","0.0005","0.0005","0.0015","0.9995","0.0005","0.0005","0.0005","0.0005","0.0005","0.0005","0.0005","0.0005","0.0005","0.0005","","0.0005","0.0005"
"11-07-2024 15:00","1730991602","0.0005","0.0005","0.0005","0.9995","0.0005","0.0005","0.0005","0.0005","0.0005","0.0005","0.0005","0.0005","0.0005","0.0005","","0.0005","0.0005"
"11-07-2024 16:00","1730995202","0.0005","0.0005","0.0025","0.999","0.0005","0.0005","0.0005","0.0005","0.0005","0.0005","0.0005","0.0005","0.0005","0.0005","","0.0005","0.0005"
"11-07-2024 17:00","1730998802","0.0005","0.0005","0.0015","0.9985","0.0005","0.0005","0.0005","0.0005","0.0005","0.0005","0.0005","0.0005","0.0005","0.0005","","0.0005","0.0005"
"11-07-2024 18:00","1731002403","0.0005","0.0005","0.0015","0.9985","0.0005","0.0005","0.0005","0.0005","0.0005","0.0005","0.0005","0.0005","0.0005","0.0005","","0.0005","0.0005"
"11-07-2024 19:00","1731006002","0.0005","0.0005","0.0015","0.9985","0.0005","0.0005","0.0005","0.0005","0.0005","0.0005","0.0005","0.0005","0.0005","0.0005","","0.0005","0.0005"
"11-07-2024 20:00","1731009602","0.0005","0.0005","0.0015","0.9985","0.0005","0.0005","0.0005","0.0005","0.0005","0.0005","0.0005","0.0005","0.0005","0.0005","","0.0005","0.0005"
"11-07-2024 21:00","1731013202","0.0005","0.0005","0.0005","0.9985","0.0005","0.0005","0.0005","0.0005","0.0005","0.0005","0.0005","0.0005","0.0005","0.0005","","0.0005","0.0005"
"11-07-2024 22:00","1731016802","0.0005","0.0005","0.002","0.9985","0.0005","0.0005","0.0005","0.0005","0.0005","0.0005","0.0005","0.0005","0.0005","0.0005","","0.0005","0.0005"
"11-07-2024 23:00","1731020402","0.0005","0.0005","0.0025","0.9975","0.0005","0.0005","0.0005","0.0005","0.0005","0.0005","0.0005","0.0005","0.0005","0.0005","","0.0005","0.0005"
"11-08-2024 00:00","1731024002","0.0005","0.0005","0.002","0.9975","0.0005","0.0005","0.0005","0.0005","0.0005","0.0005","0.0005","0.0005","0.0005","0.0005","","0.0005","0.0005"
"11-08-2024 01:00","1731027603","0.0005","0.0005","0.0015","0.9975","0.0005","0.0005","0.0005","0.0005","0.0005","0.0005","0.0005","0.0005","0.0005","0.0005","","0.0005","0.0005"
"11-08-2024 02:00","1731031202","0.0005","0.0005","0.0015","0.9975","0.0005","0.0005","0.0005","0.0005","0.0005","0.0005","0.0005","0.0005","0.0005","0.0005","","0.0005","0.0005"
"11-08-2024 03:00","1731034802","0.0005","0.0005","0.0015","0.9975","0.0005","0.0005","0.0005","0.0005","0.0005","0.0005","0.0005","0.0005","0.0005","0.0005","","0.0005","0.0005"
"11-08-2024 04:00","1731038402","0.0005","0.0005","0.0025","0.9975","0.0005","0.0005","0.0005","0.0005","0.0005","0.0005","0.0005","0.0005","0.0005","0.0005","","0.0005","0.0005"
"11-08-2024 05:00","1731042002","0.0005","0.0005","0.0025","0.997","0.0005","0.0005","0.0005","0.0005","0.0005","0.0005","0.0005","0.0005","0.0005","0.0005","","0.0005","0.0005"
"11-08-2024 06:00","1731045602","0.0005","0.0005","0.0025","0.9965","0.0005","0.0005","0.0005","0.0005","0.0005","0.0005","0.0005","0.0005","0.0005","0.0005","","0.0005","0.0005"
"11-08-2024 07:00","1731049202","0.0005","0.0005","0.002","0.9975","0.0005","0.0005","0.0005","0.0005","0.0005","0.0005","0.0005","0.0005","0.0005","0.0005","","0.0005","0.0005"
"11-08-2024 08:00","1731052802","0.0005","0.0005","0.002","0.9965","0.0005","0.0005","0.0005","0.0005","0.0005","0.0005","0.0005","0.0005","0.0005","0.0005","","0.0005","0.0005"
"11-08-2024 09:00","1731056403","0.0005","0.0005","0.002","0.997","0.0005","0.0005","0.0005","0.0005","0.0005","0.0005","0.0005","0.0005","0.0005","0.0005","","0.0005","0.0005"
"11-08-2024 10:00","1731060002","0.0005","0.0005","0.0015","0.997","0.0005","0.0005","0.0005","0.0005","0.0005","0.0005","0.0005","0.0005","0.0005","0.0005","","0.0005","0.0005"
"11-08-2024 11:00","1731063602","0.0005","0.0005","0.0015","0.9965","0.0005","0.0005","0.0005","0.0005","0.0005","0.0005","0.0005","0.0005","0.0005","0.0005","","0.0005","0.0005"
"11-08-2024 12:00","1731067203","0.0005","0.0005","0.002","0.9965","0.0005","0.0005","0.0005","0.0005","0.0005","0.0005","0.0005","0.0005","0.0005","0.0005","","0.0005","0.0005"
"11-08-2024 13:00","1731070802","0.0005","0.0005","0.002","0.997","0.0005","0.0005","0.0005","0.0005","0.0005","0.0005","0.0005","0.0005","0.0005","0.0005","","0.0005","0.0005"
"11-08-2024 14:00","1731074402","0.0005","0.0005","0.002","0.9965","0.0005","0.0005","0.0005","0.0005","0.0005","0.0005","0.0005","0.0005","0.0005","0.0005","","0.0005","0.0005"
"11-08-2024 15:00","1731078003","0.0005","0.0005","0.0015","0.9975","0.0005","0.0005","0.0005","0.0005","0.0005","0.0005","0.0005","0.0005","0.0005","0.0005","","0.0005","0.0005"
"11-08-2024 16:00","1731081602","0.0005","0.0005","0.0015","0.9965","0.0005","0.0005","0.0005","0.0005","0.0005","0.0005","0.0005","0.0005","0.0005","0.0005","","0.0005","0.0005"
"11-08-2024 17:00","1731085202","0.0005","0.0005","0.0015","0.9975","0.0005","0.0005","0.0005","0.0005","0.0005","0.0005","0.0005","0.0005","0.0005","0.0005","","0.0005","0.0005"
"11-08-2024 18:00","1731088803","0.0005","0.0005","0.0005","0.9975","0.0005","0.0005","0.0005","0.0005","0.0005","0.0005","0.0005","0.0005","0.0005","0.0005","","0.0005","0.0005"
"11-08-2024 19:00","1731092402","0.0005","0.0005","0.001","0.993","0.0005","0.0005","0.0005","0.0005","0.0005","0.0005","0.0005","0.0005","0.0005","0.0005","","0.0005","0.0005"
"11-08-2024 20:00","1731096003","0.0005","0.0005","0.001","0.994","0.0005","0.0005","0.0005","0.0005","0.0005","0.0005","0.0005","0.0005","0.0005","0.0005","","0.0005","0.0005"
"11-08-2024 21:00","1731099602","0.0005","0.0005","0.0015","0.9955","0.0005","0.0005","0.0005","0.0005","0.0005","0.0005","0.0005","0.0005","0.0005","0.0005","","0.0005","0.0005"
"11-08-2024 22:00","1731103202","0.0005","0.0005","0.0015","0.9945","0.0005","0.0005","0.0005","0.0005","0.0005","0.0005","0.0005","0.0005","0.0005","0.0005","","0.0005","0.0005"
"11-08-2024 23:00","1731106802","0.0005","0.0005","0.0015","0.9945","0.0005","0.0005","0.0005","0.0005","0.0005","0.0005","0.0005","0.0005","0.0005","0.0005","","0.0005","0.0005"
"11-09-2024 00:00","1731110403","0.0005","0.0005","0.0025","0.9935","0.0005","0.0005","0.0005","0.0005","0.0005","0.0005","0.0005","0.0005","0.0005","0.0005","","0.0005","0.0005"
"11-09-2024 01:00","1731114002","0.0005","0.0005","0.002","0.994","0.0005","0.0005","0.0005","0.0005","0.0005","0.0005","0.0005","0.0005","0.0005","0.0005","","0.0005","0.0005"
"11-09-2024 02:00","1731117603","0.0005","0.0005","0.002","0.994","0.0005","0.0005","0.0005","0.0005","0.0005","0.0005","0.0005","0.0005","0.0005","0.0005","","0.0005","0.0005"
"11-09-2024 03:00","1731121202","0.0005","0.0005","0.0045","0.9945","0.0005","0.0005","0.0005","0.0005","0.0005","0.0005","0.0005","0.0005","0.0005","0.0005","","0.0005","0.0005"
"11-09-2024 04:00","1731124803","0.0005","0.0005","0.005","0.9945","0.0005","0.0005","0.0005","0.0005","0.0005","0.0005","0.0005","0.0005","0.0005","0.0005","","0.0005","0.0005"
"11-09-2024 05:00","1731128403","0.0005","0.0005","0.004","0.995","0.0005","0.0005","0.0005","0.0005","0.0005","0.0005","0.0005","0.0005","0.0005","0.0005","","0.0005","0.0005"
"11-09-2024 06:00","1731132003","0.0005","0.0005","0.004","0.995","0.0005","0.0005","0.0005","0.0005","0.0005","0.0005","0.0005","0.0005","0.0005","0.0005","","0.0005","0.0005"
"11-09-2024 07:00","1731135603","0.0005","0.0005","0.0035","0.9955","0.0005","0.0005","0.0005","0.0005","0.0005","0.0005","0.0005","0.0005","0.0005","0.0005","","0.0005","0.0005"
"11-09-2024 08:00","1731139202","0.0005","0.0005","0.0035","0.9955","0.0005","0.0005","0.0005","0.0005","0.0005","0.0005","0.0005","0.0005","0.0005","0.0005","","0.0005","0.0005"
"11-09-2024 09:00","1731142802","0.0005","0.0005","0.0035","0.9955","0.0005","0.0005","0.0005","0.0005","0.0005","0.0005","0.0005","0.0005","0.0005","0.0005","","0.0005","0.0005"
"11-09-2024 10:00","1731146403","0.0005","0.0005","0.002","0.9945","0.0005","0.0005","0.0005","0.0005","0.0005","0.0005","0.0005","0.0005","0.0005","0.0005","","0.0005","0.0005"
"11-09-2024 11:00","1731150002","0.0005","0.0005","0.003","0.9945","0.0005","0.0005","0.0005","0.0005","0.0005","0.0005","0.0005","0.0005","0.0005","0.0005","","0.0005","0.0005"
"11-09-2024 12:00","1731153602","0.0005","0.0005","0.0025","0.9955","0.0005","0.0005","0.0005","0.0005","0.0005","0.0005","0.0005","0.0005","0.0005","0.0005","","0.0005","0.0005"
"11-09-2024 13:00","1731157202","0.0005","0.0005","0.0025","0.9955","0.0005","0.0005","0.0005","0.0005","0.0005","0.0005","0.0005","0.0005","0.0005","0.0005","","0.0005","0.0005"
"11-09-2024 14:00","1731160802","0.0005","0.0005","0.002","0.9965","0.0005","0.0005","0.0005","0.0005","0.0005","0.0005","0.0005","0.0005","0.0005","0.0005","","0.0005","0.0005"
"11-09-2024 15:00","1731164402","0.0005","0.0005","0.0015","0.9965","0.0005","0.0005","0.0005","0.0005","0.0005","0.0005","0.0005","0.0005","0.0005","0.0005","","0.0005","0.0005"
"11-09-2024 16:00","1731168003","0.0005","0.0005","0.002","0.9965","0.0005","0.0005","0.0005","0.0005","0.0005","0.0005","0.0005","0.0005","0.0005","0.0005","","0.0005","0.0005"
"11-09-2024 17:00","1731171603","0.0005","0.0005","0.0015","0.9965","0.0005","0.0005","0.0005","0.0005","0.0005","0.0005","0.0005","0.0005","0.0005","0.0005","","0.0005","0.0005"
"11-09-2024 18:00","1731175202","0.0005","0.0005","0.002","0.9965","0.0005","0.0005","0.0005","0.0005","0.0005","0.0005","0.0005","0.0005","0.0005","0.0005","","0.0005","0.0005"
"11-09-2024 19:00","1731178803","0.0005","0.0005","0.003","0.996","0.0005","0.0005","0.0005","0.0005","0.0005","0.0005","0.0005","0.0005","0.0005","0.0005","","0.0005","0.0005"
"11-09-2024 20:00","1731182402","0.0005","0.0005","0.003","0.9965","0.0005","0.0005","0.0005","0.0005","0.0005","0.0005","0.0005","0.0005","0.0005","0.0005","","0.0005","0.0005"
"11-09-2024 21:00","1731186002","0.0005","0.0005","0.004","0.9965","0.0005","0.0005","0.0005","0.0005","0.0005","0.0005","0.0005","0.0005","0.0005","0.0005","","0.0005","0.0005"
"11-09-2024 22:00","1731189602","0.0005","0.0005","0.0035","0.9955","0.0005","0.0005","0.0005","0.0005","0.0005","0.0005","0.0005","0.0005","0.0005","0.0005","","0.0005","0.0005"
"11-09-2024 23:00","1731193202","0.0005","0.0005","0.003","0.9955","0.0005","0.0005","0.0005","0.0005","0.0005","0.0005","0.0005","0.0005","0.0005","0.0005","","0.0005","0.0005"
"11-10-2024 00:00","1731196802","0.0005","0.0005","0.003","0.995","0.0005","0.0005","0.0005","0.0005","0.0005","0.0005","0.0005","0.0005","0.0005","0.0005","","0.0005","0.0005"
"11-10-2024 01:00","1731200402","0.0005","0.0005","0.0055","0.994","0.0005","0.0005","0.0005","0.0005","0.0005","0.0005","0.0005","0.0005","0.0005","0.0005","","0.0005","0.0005"
"11-10-2024 02:00","1731204003","0.0005","0.0005","0.004","0.995","0.0005","0.0005","0.0005","0.0005","0.0005","0.0005","0.0005","0.0005","0.0005","0.0005","","0.0005","0.0005"
"11-10-2024 03:00","1731207602","0.0005","0.0005","0.0045","0.9945","0.0005","0.0005","0.0005","0.0005","0.0005","0.0005","0.0005","0.0005","0.0005","0.0005","","0.0005","0.0005"
"11-10-2024 04:00","1731211202","0.0005","0.0005","0.0045","0.9945","0.0005","0.0005","0.0005","0.0005","0.0005","0.0005","0.0005","0.0005","0.0005","0.0005","","0.0005","0.0005"
"11-10-2024 05:00","1731214803","0.0005","0.0005","0.0035","0.9945","0.0005","0.0005","0.0005","0.0005","0.0005","0.0005","0.0005","0.0005","0.0005","0.0005","","0.0005","0.0005"
"11-10-2024 06:00","1731218402","0.0005","0.0005","0.0035","0.9965","0.0005","0.0005","0.0005","0.0005","0.0005","0.0005","0.0005","0.0005","0.0005","0.0005","","0.0005","0.0005"
"11-10-2024 07:00","1731222003","0.0005","0.0005","0.002","0.996","0.0005","0.0005","0.0005","0.0005","0.0005","0.0005","0.0005","0.0005","0.0005","0.0005","","0.0005","0.0005"
"11-10-2024 08:00","1731225603","0.0005","0.0005","0.003","0.9955","0.0005","0.0005","0.0005","0.0005","0.0005","0.0005","0.0005","0.0005","0.0005","0.0005","","0.0005","0.0005"
"11-10-2024 09:00","1731229202","0.0005","0.0005","0.003","0.996","0.0005","0.0005","0.0005","0.0005","0.0005","0.0005","0.0005","0.0005","0.0005","0.0005","","0.0005","0.0005"
"11-10-2024 10:00","1731232802","0.0005","0.0005","0.0035","0.9965","0.0005","0.0005","0.0005","0.0005","0.0005","0.0005","0.0005","0.0005","0.0005","0.0005","","0.0005","0.0005"
"11-10-2024 11:00","1731236403","0.0005","0.0005","0.0045","0.9965","0.0005","0.0005","0.0005","0.0005","0.0005","0.0005","0.0005","0.0005","0.0005","0.0005","","0.0005","0.0005"
"11-10-2024 12:00","1731240002","0.0005","0.0005","0.003","0.9965","0.0005","0.0005","0.0005","0.0005","0.0005","0.0005","0.0005","0.0005","0.0005","0.0005","","0.0005","0.0005"
"11-10-2024 13:00","1731243602","0.0005","0.0005","0.002","0.9975","0.0005","0.0005","0.0005","0.0005","0.0005","0.0005","0.0005","0.0005","0.0005","0.0005","","0.0005","0.0005"
"11-10-2024 14:00","1731247202","0.0005","0.0005","0.002","0.9975","0.0005","0.0005","0.0005","0.0005","0.0005","0.0005","0.0005","0.0005","0.0005","0.0005","","0.0005","0.0005"
"11-10-2024 15:00","1731250802","0.0005","0.0005","0.002","0.9975","0.0005","0.0005","0.0005","0.0005","0.0005","0.0005","0.0005","0.0005","0.0005","0.0005","","0.0005","0.0005"
"11-10-2024 16:00","1731254403","0.0005","0.0005","0.0015","0.9975","0.0005","0.0005","0.0005","0.0005","0.0005","0.0005","0.0005","0.0005","0.0005","0.0005","","0.0005","0.0005"
"11-10-2024 17:00","1731258003","0.0005","0.0005","0.002","0.9975","0.0005","0.0005","0.0005","0.0005","0.0005","0.0005","0.0005","0.0005","0.0005","0.0005","","0.0005","0.0005"
"11-10-2024 18:00","1731261602","0.0005","0.0005","0.002","0.9975","0.0005","0.0005","0.0005","0.0005","0.0005","0.0005","0.0005","0.0005","0.0005","0.0005","","0.0005","0.0005"
"11-10-2024 19:00","1731265202","0.0005","0.0005","0.0015","0.997","0.0005","0.0005","0.0005","0.0005","0.0005","0.0005","0.0005","0.0005","0.0005","0.0005","","0.0005","0.0005"
"11-10-2024 20:00","1731268802","0.0005","0.0005","0.0015","0.9975","0.0005","0.0005","0.0005","0.0005","0.0005","0.0005","0.0005","0.0005","0.0005","0.0005","","0.0005","0.0005"
"11-10-2024 21:00","1731272402","0.0005","0.0005","0.0015","0.9975","0.0005","0.0005","0.0005","0.0005","0.0005","0.0005","0.0005","0.0005","0.0005","0.0005","","0.0005","0.0005"
"11-10-2024 22:00","1731276002","0.0005","0.0005","0.0015","0.9965","0.0005","0.0005","0.0005","0.0005","0.0005","0.0005","0.0005","0.0005","0.0005","0.0005","","0.0005","0.0005"
"11-10-2024 23:00","1731279602","0.0005","0.0005","0.002","0.9975","0.0005","0.0005","0.0005","0.0005","0.0005","0.0005","0.0005","0.0005","0.0005","0.0005","","0.0005","0.0005"
"11-11-2024 00:00","1731283202","0.0005","0.0005","0.002","0.997","0.0005","0.0005","0.0005","0.0005","0.0005","0.0005","0.0005","0.0005","0.0005","0.0005","","0.0005","0.0005"
"11-11-2024 01:00","1731286802","0.0005","0.0005","0.002","0.997","0.0005","0.0005","0.0005","0.0005","0.0005","0.0005","0.0005","0.0005","0.0005","0.0005","","0.0005","0.0005"
"11-11-2024 02:00","1731290402","0.0005","0.0005","0.002","0.997","0.0005","0.0005","0.0005","0.0005","0.0005","0.0005","0.0005","0.0005","0.0005","0.0005","","0.0005","0.0005"
"11-11-2024 03:00","1731294002","0.0005","0.0005","0.002","0.9975","0.0005","0.0005","0.0005","0.0005","0.0005","0.0005","0.0005","0.0005","0.0005","0.0005","","0.0005","0.0005"
"11-11-2024 04:00","1731297602","0.0005","0.0005","0.002","0.9975","0.0005","0.0005","0.0005","0.0005","0.0005","0.0005","0.0005","0.0005","0.0005","0.0005","","0.0005","0.0005"
"11-11-2024 05:00","1731301202","0.0005","0.0005","0.0015","0.9975","0.0005","0.0005","0.0005","0.0005","0.0005","0.0005","0.0005","0.0005","0.0005","0.0005","","0.0005","0.0005"
"11-11-2024 06:00","1731304802","0.0005","0.0005","0.0025","0.9965","0.0005","0.0005","0.0005","0.0005","0.0005","0.0005","0.0005","0.0005","0.0005","0.0005","","0.0005","0.0005"
"11-11-2024 07:00","1731308402","0.0005","0.0005","0.0025","0.9975","0.0005","0.0005","0.0005","0.0005","0.0005","0.0005","0.0005","0.0005","0.0005","0.0005","","0.0005","0.0005"
"11-11-2024 08:00","1731312002","0.0005","0.0005","0.0025","0.9975","0.0005","0.0005","0.0005","0.0005","0.0005","0.0005","0.0005","0.0005","0.0005","0.0005","","0.0005","0.0005"
"11-11-2024 09:00","1731315602","0.0005","0.0005","0.0025","0.9965","0.0005","0.0005","0.0005","0.0005","0.0005","0.0005","0.0005","0.0005","0.0005","0.0005","","0.0005","0.0005"
"11-11-2024 10:00","1731319202","0.0005","0.0005","0.0025","0.9965","0.0005","0.0005","0.0005","0.0005","0.0005","0.0005","0.0005","0.0005","0.0005","0.0005","","0.0005","0.0005"
"11-11-2024 11:00","1731322802","0.0005","0.0005","0.0025","0.9975","0.0005","0.0005","0.0005","0.0005","0.0005","0.0005","0.0005","0.0005","0.0005","0.0005","","0.0005","0.0005"
"11-11-2024 12:00","1731326402","0.0005","0.0005","0.0015","0.9975","0.0005","0.0005","0.0005","0.0005","0.0005","0.0005","0.0005","0.0005","0.0005","0.0005","","0.0005","0.0005"
"11-11-2024 13:00","1731330002","0.0005","0.0005","0.0015","0.9975","0.0005","0.0005","0.0005","0.0005","0.0005","0.0005","0.0005","0.0005","0.0005","0.0005","","0.0005","0.0005"
"11-11-2024 14:00","1731333602","0.0005","0.0005","0.0015","0.998","0.0005","0.0005","0.0005","0.0005","0.0005","0.0005","0.0005","0.0005","0.0005","0.0005","","0.0005","0.0005"
"11-11-2024 15:00","1731337202","0.0005","0.0005","0.0015","0.9985","0.0005","0.0005","0.0005","0.0005","0.0005","0.0005","0.0005","0.0005","0.0005","0.0005","","0.0005","0.0005"
"11-11-2024 16:00","1731340802","0.0005","0.0005","0.0015","0.9975","0.0005","0.0005","0.0005","0.0005","0.0005","0.0005","0.0005","0.0005","0.0005","0.0005","","0.0005","0.0005"
"11-11-2024 17:00","1731344402","0.0005","0.0005","0.0015","0.9975","0.0005","0.0005","0.0005","0.0005","0.0005","0.0005","0.0005","0.0005","0.0005","0.0005","","0.0005","0.0005"
"11-11-2024 18:00","1731348003","0.0005","0.0005","0.0015","0.9975","0.0005","0.0005","0.0005","0.0005","0.0005","0.0005","0.0005","0.0005","0.0005","0.0005","","0.0005","0.0005"
"11-11-2024 19:00","1731351602","0.0005","0.0005","0.0015","0.9975","0.0005","0.0005","0.0005","0.0005","0.0005","0.0005","0.0005","0.0005","0.0005","0.0005","","0.0005","0.0005"
"11-11-2024 20:00","1731355203","0.0005","0.0005","0.0015","0.9985","0.0005","0.0005","0.0005","0.0005","0.0005","0.0005","0.0005","0.0005","0.0005","0.0005","","0.0005","0.0005"
"11-11-2024 21:00","1731358802","0.0005","0.0005","0.001","0.9995","0.0005","0.0005","0.0005","0.0005","0.0005","0.0005","0.0005","0.0005","0.0005","0.0005","","0.0005","0.0005"
"11-11-2024 22:00","1731362402","0.0005","0.0005","0.0005","0.9995","0.0005","0.0005","0.0005","0.0005","0.0005","0.0005","0.0005","0.0005","0.0005","0.0005","","0.0005","0.0005"
"11-11-2024 23:00","1731366002","0.0005","0.0005","0.0005","","0.0005","0.0005","0.0005","0.0005","0.0005","0.0005","0.0005","0.0005","0.0005","0.0005","","0.0005","0.0005"
"11-12-2024 00:00","1731369602","0.0005","0.0005","0.0005","","0.0005","0.0005","0.0005","0.0005","0.0005","0.0005","0.0005","0.0005","0.0005","0.0005","","0.0005","0.0005"
"11-12-2024 01:00","1731373202","0.0005","0.0005","0.0005","","0.0005","0.0005","0.0005","0.0005","0.0005","0.0005","0.0005","0.0005","0.0005","0.0005","","0.0005","0.0005"
"11-12-2024 02:00","1731376803","0.0005","0.0005","0.0005","","0.0005","0.0005","0.0005","0.0005","0.0005","0.0005","0.0005","0.0005","0.0005","0.0005","","0.0005","0.0005"
"11-12-2024 03:00","1731380403","0.0005","0.0005","0.0005","","0.0005","0.0005","0.0005","0.0005","0.0005","0.0005","0.0005","0.0005","0.0005","0.0005","","0.0005","0.0005"
"11-12-2024 04:00","1731384003","0.0005","0.0005","0.0005","","0.0005","0.0005","0.0005","0.0005","0.0005","0.0005","0.0005","0.0005","0.0005","0.0005","","0.0005","0.0005"
"11-12-2024 05:00","1731387602","0.0005","0.0005","0.0005","","0.0005","0.0005","0.0005","0.0005","0.0005","0.0005","0.0005","0.0005","0.0005","0.0005","","0.0005","0.0005"
"11-12-2024 06:00","1731391203","0.0005","0.0005","0.0005","","0.0005","0.0005","0.0005","0.0005","0.0005","0.0005","0.0005","0.0005","0.0005","0.0005","","0.0005","0.0005"
"11-12-2024 07:00","1731394803","0.0005","0.0005","0.0005","","0.0005","0.0005","0.0005","0.0005","0.0005","0.0005","0.0005","0.0005","0.0005","0.0005","","0.0005","0.0005"
"11-12-2024 08:00","1731398403","0.0005","0.0005","0.0005","","0.0005","0.0005","0.0005","0.0005","0.0005","0.0005","0.0005","","0.0005","","","0.0005","0.0005"
"11-12-2024 09:00","1731402002","0.0005","0.0005","0.0005","","","0.0005","0.0005","0.0005","0.0005","","","","","","","",""
"11-12-2024 10:00","1731405603","","","0.0005","","","","","","","","","","","","","",""